video_id,ear,mar,pitch,yaw,vit_state,label
d_10.mp4,0.22,0.1363,-1.94,5.48,0,1
d_10.mp4,0.22,0.1431,-2.28,5.45,0,1
d_10.mp4,0.2236,0.1151,-1.7,5.88,0,1
d_10.mp4,0.2083,0.0934,-1.23,5.58,0,1
d_10.mp4,0.2145,0.1198,-1.71,6.4,0,1
d_10.mp4,0.2181,0.1323,-2.04,7.34,0,1
d_10.mp4,0.2094,0.1194,-1.48,7.3,0,1
d_10.mp4,0.2187,0.1104,-1.15,6.42,0,1
d_10.mp4,0.2087,0.1162,-2.04,6.47,0,1
d_10.mp4,0.2332,0.1045,-2.46,6.65,0,1
d_10.mp4,0.2296,0.0932,-1.81,5.54,0,1
d_10.mp4,0.2559,0.1165,-1.59,6.03,0,1
d_10.mp4,0.2335,0.0826,-1.88,5.34,0,1
d_10.mp4,0.2324,0.0719,-2.05,5.37,0,1
d_10.mp4,0.2302,0.0935,-1.78,5.21,0,1
d_10.mp4,0.2128,0.0717,-1.42,5.08,0,1
d_10.mp4,0.2155,0.0825,-1.71,5.16,0,1
d_10.mp4,0.2248,0.0953,-1.28,5.67,0,1
d_10.mp4,0.2332,0.0596,-0.99,5.52,0,1
d_10.mp4,0.2265,0.1075,-0.84,5.97,0,1
d_10.mp4,0.2228,0.0859,-1.16,6.36,0,1
d_10.mp4,0.2139,0.1258,-0.27,6.89,0,1
d_10.mp4,0.2334,0.3104,-0.81,7.26,0,1
d_10.mp4,0.2282,0.3797,-1.82,6.96,0,1
d_10.mp4,0.2474,0.1792,-1.38,6.55,0,1
d_10.mp4,0.2325,0.0999,-1.81,6.32,0,1
d_10.mp4,0.2379,0.0487,-2.07,6.39,0,1
d_10.mp4,0.2483,0.0119,-1.63,6.18,0,1
d_10.mp4,0.2709,0.0172,-1.78,6.78,0,1
d_10.mp4,0.2531,0.0118,-2.17,7.17,0,1
d_10.mp4,0.27,0.0118,-3.33,7.07,0,1
d_10.mp4,0.2745,0.012,-2.71,6.88,0,1
d_10.mp4,0.2274,0.0119,-2.86,6.19,0,1
d_10.mp4,0.2451,0.0122,-1.75,6.23,0,1
d_10.mp4,0.2367,0.012,-1.02,6.0,0,1
d_10.mp4,0.2418,0.024,-1.49,5.42,0,1
d_10.mp4,0.2508,0.0,-1.82,6.07,0,1
d_10.mp4,0.2491,0.037,-2.04,5.68,0,1
d_10.mp4,0.2584,0.0241,-1.49,5.2,0,1
d_10.mp4,0.2741,0.0609,-1.47,5.27,0,1
d_10.mp4,0.2606,0.0172,-1.91,5.55,0,1
d_10.mp4,0.2629,0.0276,-1.9,5.26,0,1
d_10.mp4,0.2594,0.0375,-1.59,5.15,0,1
d_10.mp4,0.2382,0.0237,-1.63,5.17,0,1
d_10.mp4,0.2477,0.0356,-1.13,4.85,0,1
d_10.mp4,0.2372,0.0,-1.39,4.4,0,1
d_10.mp4,0.2473,0.0,-2.37,3.77,0,1
d_10.mp4,0.2432,0.0,-2.03,4.01,0,1
d_10.mp4,0.2464,0.0,-2.26,4.03,0,1
d_10.mp4,0.1892,0.0,-2.42,5.09,0,1
d_10.mp4,0.0993,0.0,-1.71,5.03,0,1
d_10.mp4,0.22,0.011,-2.89,3.99,0,1
d_10.mp4,0.2556,0.0115,-4.11,4.13,0,1
d_10.mp4,0.2469,0.1564,-6.37,4.41,0,1
d_10.mp4,0.246,0.2309,-5.49,4.3,0,1
d_10.mp4,0.2051,0.1458,-4.68,4.47,0,1
d_10.mp4,0.2094,0.1557,-4.61,3.45,0,1
d_10.mp4,0.2131,0.1677,-4.5,3.47,0,1
d_10.mp4,0.2127,0.0226,-3.07,3.57,0,1
d_10.mp4,0.2133,0.0113,-2.82,3.57,0,1
d_10.mp4,0.2089,0.2033,-2.45,2.5,0,1
d_10.mp4,0.2047,0.0703,-1.47,1.38,0,1
d_10.mp4,0.2238,0.2479,-1.07,0.75,0,1
d_10.mp4,0.2481,0.1928,-1.33,1.35,0,1
d_10.mp4,0.225,0.2024,-1.09,0.88,0,1
d_10.mp4,0.223,0.1576,-1.09,1.41,0,1
d_10.mp4,0.2219,0.1445,-1.37,0.63,0,1
d_10.mp4,0.2061,0.0108,-1.56,1.18,0,1
d_10.mp4,0.2258,0.0217,-1.24,1.04,0,1
d_10.mp4,0.2189,0.1677,-2.44,0.78,0,1
d_10.mp4,0.2184,0.1581,-3.79,0.86,0,1
d_10.mp4,0.2045,0.2553,-4.19,0.66,0,1
d_10.mp4,0.2212,0.216,-4.07,0.94,0,1
d_10.mp4,0.2146,0.3048,-3.81,0.71,0,1
d_10.mp4,0.2175,0.0106,-2.41,0.21,0,1
d_10.mp4,0.2057,0.0427,-2.83,-0.15,0,1
d_10.mp4,0.2058,0.2016,-3.49,-0.59,0,1
d_10.mp4,0.1246,0.1468,-5.12,-0.55,0,1
d_10.mp4,0.2334,0.146,-4.68,-1.15,0,1
d_10.mp4,0.2443,0.1218,-4.63,-2.08,0,1
d_10.mp4,0.2464,0.1828,-4.61,-2.79,0,1
d_10.mp4,0.1649,0.1603,-4.21,-2.8,0,1
d_10.mp4,0.1114,0.1483,-4.27,-1.43,0,1
d_10.mp4,0.204,0.1924,-3.81,-0.77,0,1
d_10.mp4,0.2156,0.2266,-3.4,-0.18,0,1
d_10.mp4,0.1976,0.1857,-3.55,0.74,0,1
d_10.mp4,0.2053,0.2626,-4.02,0.81,0,1
d_10.mp4,0.2109,0.3107,-3.79,0.76,0,1
d_10.mp4,0.1956,0.2527,-3.47,1.11,0,1
d_10.mp4,0.1989,0.2911,-2.95,1.26,0,1
d_10.mp4,0.1909,0.1581,-3.4,1.96,0,1
d_10.mp4,0.2162,0.2511,-3.54,3.15,0,1
d_10.mp4,0.201,0.3156,-3.15,4.02,0,1
d_10.mp4,0.192,0.011,-1.97,3.24,0,1
d_10.mp4,0.21,0.2914,-2.0,4.1,0,1
d_10.mp4,0.0579,0.3063,-2.14,3.91,0,1
d_10.mp4,0.1699,0.2437,-2.6,3.72,0,1
d_10.mp4,0.1806,0.1812,-2.55,3.35,0,1
d_10.mp4,0.1755,0.011,-3.19,3.36,0,1
d_10.mp4,0.2035,0.25,-3.32,3.18,0,1
d_1.mp4,0.5866,0.0432,-6.22,18.64,0,1
d_1.mp4,0.4915,0.0798,-5.37,21.33,1,1
d_1.mp4,0.3225,0.0438,-1.14,16.7,0,1
d_1.mp4,0.2608,0.0133,-3.51,11.45,0,1
d_1.mp4,0.2675,0.0573,-3.22,10.0,0,1
d_1.mp4,0.2405,0.1538,-2.76,9.47,0,1
d_1.mp4,0.2381,0.0769,-1.03,8.49,0,1
d_1.mp4,0.2165,0.1854,-1.97,7.64,0,1
d_1.mp4,0.2179,0.1427,-1.39,6.83,1,1
d_1.mp4,0.2117,0.1155,-1.89,5.9,0,1
d_1.mp4,0.2041,0.1031,-1.36,5.54,0,1
d_1.mp4,0.2094,0.0917,-0.77,5.5,0,1
d_1.mp4,0.2051,0.0444,-1.32,5.81,0,1
d_1.mp4,0.2014,0.035,-0.97,5.4,0,1
d_1.mp4,0.0798,0.0111,-1.03,5.03,0,1
d_1.mp4,0.1994,0.033,-1.83,5.32,1,1
d_1.mp4,0.2059,0.0347,-1.66,4.34,0,1
d_1.mp4,0.2074,0.0108,-2.15,3.71,0,1
d_1.mp4,0.2074,0.0152,-1.94,3.65,0,1
d_1.mp4,0.2033,0.0,-2.33,3.97,0,1
d_1.mp4,0.2438,0.0,-2.62,6.35,0,1
d_1.mp4,0.251,0.0608,-3.13,6.4,0,1
d_1.mp4,0.2489,0.081,-0.06,6.14,0,1
d_1.mp4,0.228,0.1023,1.0,7.51,0,1
d_1.mp4,0.2383,0.0504,0.16,7.83,0,1
d_1.mp4,0.2496,0.0129,1.41,8.44,0,1
d_1.mp4,0.254,0.0129,0.88,8.1,0,1
d_1.mp4,0.2574,0.0249,0.57,7.92,0,1
d_1.mp4,0.2323,0.024,0.4,6.64,0,1
d_1.mp4,0.258,0.061,-1.45,6.48,0,1
d_1.mp4,0.2354,0.0239,-0.65,6.54,0,1
d_1.mp4,0.209,0.0,-1.61,5.18,0,1
d_1.mp4,0.2337,0.0344,-1.83,5.0,0,1
d_1.mp4,0.2348,0.0478,-1.16,4.01,0,1
d_1.mp4,0.2332,0.0924,-1.74,5.18,0,1
d_1.mp4,0.2325,0.0345,-1.72,5.71,0,1
d_1.mp4,0.1517,0.0939,-1.68,5.82,0,1
d_1.mp4,0.2131,0.0467,-1.94,4.72,0,1
d_1.mp4,0.2285,0.0471,-2.22,2.9,0,1
d_1.mp4,0.2395,0.0909,-3.09,2.66,0,1
d_1.mp4,0.2295,0.0677,-2.94,2.43,0,1
d_1.mp4,0.224,0.0451,-2.65,2.25,0,1
d_1.mp4,0.24,0.0331,-2.3,2.07,0,1
d_1.mp4,0.2342,0.0222,-2.45,1.89,0,1
d_1.mp4,0.2402,0.0226,-1.79,1.61,0,1
d_1.mp4,0.2114,0.0566,-1.81,2.17,0,1
d_1.mp4,0.2127,0.0447,-1.15,2.63,0,1
d_1.mp4,0.2174,0.0792,-0.68,3.16,0,1
d_1.mp4,0.2336,0.0828,-0.76,4.06,0,1
d_1.mp4,0.2142,0.1176,-0.18,4.21,0,1
d_1.mp4,0.199,0.1167,-0.15,4.45,0,1
d_1.mp4,0.2246,0.1661,-0.24,4.79,0,1
d_1.mp4,0.2302,0.1331,-0.03,4.81,0,1
d_1.mp4,0.2334,0.1851,0.09,5.17,0,1
d_1.mp4,0.1131,0.1649,0.2,4.11,0,1
d_1.mp4,0.2068,0.1938,-0.55,4.3,0,1
d_1.mp4,0.218,0.1745,-0.86,3.11,0,1
d_1.mp4,0.23,0.1892,-1.67,2.05,0,1
d_1.mp4,0.2306,0.2026,-2.45,0.76,0,1
d_1.mp4,0.2285,0.1605,-2.46,0.75,0,1
d_1.mp4,0.2381,0.1949,-2.82,0.83,0,1
d_1.mp4,0.1412,0.1738,-1.65,1.38,0,1
d_1.mp4,0.1066,0.1543,-1.97,2.83,0,1
d_1.mp4,0.2202,0.202,-2.01,3.89,0,1
d_1.mp4,0.2355,0.1763,-2.52,4.59,0,1
d_1.mp4,0.2418,0.1378,-1.52,4.7,0,1
d_1.mp4,0.2422,0.0669,-1.7,4.88,0,1
d_1.mp4,0.212,0.0455,-1.68,5.08,0,1
d_1.mp4,0.2406,0.1182,-2.09,5.99,0,1
d_1.mp4,0.2411,0.0723,-1.6,7.4,0,1
d_1.mp4,0.2651,0.0725,-2.16,7.63,0,1
d_1.mp4,0.2558,0.1243,-3.05,9.05,0,1
d_1.mp4,0.1056,0.0956,-1.84,11.91,0,1
d_1.mp4,0.2154,0.0954,-3.2,13.6,1,1
d_1.mp4,0.3463,0.1705,-3.3,15.92,1,1
d_1.mp4,0.4726,0.1718,-4.87,15.96,0,1
d_1.mp4,0.5439,0.1818,-5.17,16.09,0,1
d_1.mp4,0.5856,0.2546,-6.64,17.24,1,1
d_1.mp4,0.6023,0.3535,-8.94,17.18,0,1
d_1.mp4,0.2439,0.3611,-6.76,16.11,0,1
d_1.mp4,0.1498,0.3172,-4.28,14.45,0,1
d_1.mp4,0.2395,0.3637,-3.35,11.21,0,1
d_1.mp4,0.2311,0.5046,-2.48,9.66,0,1
d_1.mp4,0.2126,0.6298,0.02,9.24,0,1
d_1.mp4,0.2195,0.6851,-0.82,8.02,0,1
d_1.mp4,0.2092,0.7264,-0.84,7.26,0,1
d_1.mp4,0.1891,0.7392,-1.26,5.41,0,1
d_1.mp4,0.2032,0.7047,-1.62,3.94,0,1
d_1.mp4,0.1926,0.7788,-0.8,3.18,0,1
d_1.mp4,0.2213,0.6485,-0.01,3.19,0,1
d_1.mp4,0.2058,0.6312,-0.24,2.68,0,1
d_1.mp4,0.1994,0.6364,0.34,2.08,0,1
d_1.mp4,0.2053,0.6529,0.35,2.09,0,1
d_1.mp4,0.206,0.7126,0.66,1.42,0,1
d_1.mp4,0.2099,0.746,0.5,1.06,0,1
d_1.mp4,0.2077,0.7607,0.4,1.56,0,1
d_1.mp4,0.1999,0.7003,0.11,1.69,0,1
d_1.mp4,0.2353,0.6025,0.0,2.76,0,1
d_1.mp4,0.2214,0.5182,-0.43,3.23,0,1
d_1.mp4,0.2004,0.4059,0.03,3.7,0,1
d_11.mp4,0.2136,0.1623,-1.77,4.25,0,1
d_11.mp4,0.1801,0.1049,-2.63,3.62,0,1
d_11.mp4,0.2016,0.1052,-2.79,4.13,0,1
d_11.mp4,0.1834,0.1146,-2.26,3.81,0,1
d_11.mp4,0.1638,0.1042,-2.13,4.06,0,1
d_11.mp4,0.1838,0.1131,-2.45,3.82,0,1
d_11.mp4,0.1811,0.1385,-2.55,3.8,0,1
d_11.mp4,0.174,0.0689,-2.39,3.65,0,1
d_11.mp4,0.1961,0.1389,-2.62,4.02,0,1
d_11.mp4,0.1855,0.1151,-2.61,4.4,0,1
d_11.mp4,0.1999,0.0922,-2.75,4.9,0,1
d_11.mp4,0.1913,0.0595,-2.55,4.54,0,1
d_11.mp4,0.2034,0.115,-2.71,4.96,0,1
d_11.mp4,0.2002,0.0588,-2.68,4.98,0,1
d_11.mp4,0.2113,0.1019,-3.3,5.26,0,1
d_11.mp4,0.2143,0.1258,-3.17,5.32,0,1
d_11.mp4,0.0706,0.0559,-2.27,5.7,0,1
d_11.mp4,0.0636,0.0819,-1.67,6.11,0,1
d_11.mp4,0.1877,0.0229,-2.59,5.82,0,1
d_11.mp4,0.221,0.0113,-2.58,5.72,0,1
d_11.mp4,0.2028,0.0,-2.31,5.21,0,1
d_11.mp4,0.2075,0.0108,-2.35,5.33,0,1
d_11.mp4,0.191,0.0108,-2.0,5.22,0,1
d_11.mp4,0.2094,0.0,-1.96,5.97,0,1
d_11.mp4,0.218,0.0,-2.82,6.15,0,1
d_11.mp4,0.22,0.0112,-2.83,5.43,0,1
d_11.mp4,0.2029,0.0,-3.15,5.25,0,1
d_11.mp4,0.2244,0.011,-2.61,5.43,0,1
d_11.mp4,0.2385,0.0,-2.45,6.21,0,1
d_11.mp4,0.2006,0.0113,-3.14,6.53,0,1
d_11.mp4,0.2402,0.0115,-2.14,6.77,0,1
d_11.mp4,0.2248,0.0,-3.15,7.36,0,1
d_11.mp4,0.2342,0.0117,-3.83,6.25,0,1
d_11.mp4,0.239,0.0118,-3.81,5.71,0,1
d_11.mp4,0.2075,0.0118,-4.34,5.81,0,1
d_11.mp4,0.1668,0.0159,-3.39,5.49,0,1
d_11.mp4,0.2132,0.0246,-3.12,4.86,0,1
d_11.mp4,0.2261,0.0,-3.39,3.75,0,1
d_11.mp4,0.0619,0.0,-4.01,0.2,0,1
d_11.mp4,0.1677,0.0,-3.88,-5.93,0,1
d_11.mp4,0.2402,0.0,-3.89,-8.08,0,1
d_11.mp4,0.2424,0.0112,-2.37,-9.84,0,1
d_11.mp4,0.2706,0.0,-1.71,-10.47,0,1
d_11.mp4,0.2634,0.0,-1.9,-11.14,0,1
d_11.mp4,0.2901,0.0,-1.94,-11.33,0,1
d_11.mp4,0.2966,0.0,-1.16,-11.63,0,1
d_11.mp4,0.293,0.0119,-1.19,-11.17,0,1
d_11.mp4,0.0964,0.0,-1.73,-10.22,0,1
d_11.mp4,0.2843,0.0108,-1.82,-8.12,0,1
d_11.mp4,0.283,0.0,-1.46,-6.68,0,1
d_11.mp4,0.2888,0.0,-1.96,-5.44,0,1
d_11.mp4,0.278,0.0103,-2.74,-4.02,0,1
d_11.mp4,0.2834,0.0,-3.87,-2.86,0,1
d_11.mp4,0.267,0.0102,-4.13,-1.93,0,1
d_11.mp4,0.2676,0.0102,-4.03,-1.36,0,1
d_11.mp4,0.271,0.0,-4.13,-0.92,0,1
d_11.mp4,0.2548,0.0,-3.64,-0.15,0,1
d_11.mp4,0.2549,0.0322,-4.34,0.99,0,1
d_11.mp4,0.2336,0.1123,-3.82,1.89,0,1
d_11.mp4,0.2376,0.1249,-3.91,2.02,0,1
d_11.mp4,0.2275,0.1096,-3.18,2.45,0,1
d_11.mp4,0.1999,0.0643,-3.08,2.71,0,1
d_11.mp4,0.2109,0.0533,-2.23,2.64,0,1
d_11.mp4,0.2182,0.0423,-1.83,2.8,0,1
d_11.mp4,0.2179,0.0104,-2.76,2.46,0,1
d_11.mp4,0.2181,0.021,-2.81,1.92,0,1
d_11.mp4,0.2248,0.0429,-2.63,1.63,0,1
d_11.mp4,0.2288,0.0104,-2.49,2.0,0,1
d_11.mp4,0.2424,0.0103,-2.61,2.17,0,1
d_11.mp4,0.218,0.0208,-2.79,2.24,0,1
d_11.mp4,0.2471,0.0144,-2.42,2.82,0,1
d_11.mp4,0.2202,0.0105,-2.13,3.35,0,1
d_11.mp4,0.2138,0.0,-2.45,4.01,0,1
d_11.mp4,0.2317,0.0103,-2.15,3.99,0,1
d_11.mp4,0.2414,0.0105,-1.94,4.12,0,1
d_11.mp4,0.0715,0.0,-1.04,3.71,0,1
d_11.mp4,0.231,0.0,-1.88,4.64,0,1
d_11.mp4,0.2238,0.0,-1.28,4.38,0,1
d_11.mp4,0.2144,0.0,-1.08,4.44,0,1
d_11.mp4,0.2229,0.0,-1.55,4.58,0,1
d_11.mp4,0.2319,0.0,-1.27,4.48,0,1
d_11.mp4,0.077,0.0,-0.71,4.55,0,1
d_11.mp4,0.159,0.0,-1.05,4.65,0,1
d_11.mp4,0.1962,0.0148,-1.04,4.42,0,1
d_11.mp4,0.2356,0.0,-1.39,4.16,0,1
d_11.mp4,0.2101,0.0,-1.9,4.44,0,1
d_11.mp4,0.224,0.0,-1.19,4.78,0,1
d_11.mp4,0.2507,0.0,-0.99,4.85,0,1
d_11.mp4,0.2132,0.0,-1.35,4.77,0,1
d_11.mp4,0.2187,0.0,-1.41,4.98,0,1
d_11.mp4,0.2245,0.0,-1.29,4.91,0,1
d_11.mp4,0.2186,0.0,-1.79,5.23,0,1
d_11.mp4,0.2226,0.0,-1.6,4.75,0,1
d_11.mp4,0.1971,0.0,-1.61,4.73,0,1
d_11.mp4,0.1961,0.0227,-0.92,5.04,0,1
d_11.mp4,0.2103,0.0225,-1.34,5.08,0,1
d_11.mp4,0.2036,0.0455,-1.39,4.75,0,1
d_11.mp4,0.2065,0.0334,-1.6,4.86,0,1
d_11.mp4,0.2105,0.022,-1.66,4.43,0,1
d_11.mp4,0.223,0.0161,-1.47,4.64,0,1
d_101.mp4,0.2821,0.0,1.85,5.59,0,1
d_101.mp4,0.2855,0.0,0.43,4.46,0,1
d_101.mp4,0.2769,0.0,1.07,4.28,0,1
d_101.mp4,0.2818,0.0199,1.1,4.05,0,1
d_101.mp4,0.2862,0.0,0.81,4.08,0,1
d_101.mp4,0.2839,0.0,1.04,3.75,0,1
d_101.mp4,0.2732,0.0,1.1,4.34,0,1
d_101.mp4,0.2834,0.0,1.05,3.49,0,1
d_101.mp4,0.2774,0.0,1.22,3.72,0,1
d_101.mp4,0.2815,0.0,0.84,3.91,0,1
d_101.mp4,0.2928,0.0,0.96,3.77,0,1
d_101.mp4,0.274,0.0,0.66,3.75,0,1
d_101.mp4,0.2628,0.0,0.4,3.74,0,1
d_101.mp4,0.283,0.0,1.0,3.85,0,1
d_101.mp4,0.2586,0.0,0.87,3.25,0,1
d_101.mp4,0.2667,0.0,0.69,3.63,0,1
d_101.mp4,0.2716,0.0,1.71,3.72,0,1
d_101.mp4,0.2637,0.0,0.85,3.85,0,1
d_101.mp4,0.2726,0.0,0.88,3.9,0,1
d_101.mp4,0.2601,0.0192,0.79,3.82,0,1
d_101.mp4,0.2676,0.0,0.49,3.92,0,1
d_101.mp4,0.2723,0.0,1.06,3.91,0,1
d_101.mp4,0.2818,0.0,0.78,3.83,0,1
d_101.mp4,0.2846,0.0,0.9,3.91,0,1
d_101.mp4,0.2967,0.02,0.57,3.46,0,1
d_101.mp4,0.2623,0.0,0.42,3.75,0,1
d_101.mp4,0.2794,0.0188,0.61,3.61,0,1
d_101.mp4,0.275,0.0,0.61,3.74,0,1
d_101.mp4,0.2288,0.0,0.61,3.66,0,1
d_101.mp4,0.1697,0.0,1.11,3.78,0,1
d_101.mp4,0.2138,0.0,0.77,4.11,0,1
d_101.mp4,0.2675,0.0196,0.88,4.3,0,1
d_101.mp4,0.2831,0.0,1.47,3.9,0,1
d_101.mp4,0.262,0.0,0.86,3.93,0,1
d_101.mp4,0.2741,0.0,1.11,4.03,0,1
d_101.mp4,0.2788,0.0,1.15,3.86,0,1
d_101.mp4,0.2801,0.0,0.8,4.33,0,1
d_101.mp4,0.2755,0.0,0.71,4.24,0,1
d_101.mp4,0.2705,0.02,0.63,4.16,0,1
d_101.mp4,0.2634,0.0,0.59,4.05,0,1
d_101.mp4,0.2842,0.0,0.73,4.02,0,1
d_101.mp4,0.2799,0.0,0.48,3.99,0,1
d_101.mp4,0.2904,0.0,0.48,3.92,0,1
d_101.mp4,0.274,0.0,0.5,3.59,0,1
d_101.mp4,0.2789,0.0,0.09,3.91,0,1
d_101.mp4,0.2776,0.0,0.38,3.87,0,1
d_101.mp4,0.2817,0.0,0.64,4.31,0,1
d_101.mp4,0.2711,0.0,0.5,3.7,0,1
d_101.mp4,0.2799,0.0,0.37,3.51,0,1
d_101.mp4,0.267,0.0,0.64,3.89,0,1
d_101.mp4,0.2803,0.0,0.34,3.72,0,1
d_101.mp4,0.2712,0.0,0.96,3.86,0,1
d_101.mp4,0.2759,0.0,0.56,3.31,0,1
d_101.mp4,0.2847,0.0,0.47,3.6,0,1
d_101.mp4,0.288,0.0,1.06,3.9,0,1
d_101.mp4,0.259,0.0,1.12,3.83,0,1
d_101.mp4,0.2597,0.0,0.89,3.8,0,1
d_101.mp4,0.274,0.0,0.91,3.93,0,1
d_101.mp4,0.2649,0.0,0.97,4.0,0,1
d_101.mp4,0.279,0.0,0.92,3.92,0,1
d_101.mp4,0.2625,0.0196,0.64,3.88,0,1
d_101.mp4,0.3029,0.0,0.8,3.73,0,1
d_101.mp4,0.2716,0.0,1.01,3.85,0,1
d_101.mp4,0.2932,0.0,1.04,3.94,0,1
d_101.mp4,0.2742,0.0,0.8,3.72,0,1
d_101.mp4,0.2772,0.0,1.02,3.87,0,1
d_101.mp4,0.2574,0.0,1.16,3.56,0,1
d_101.mp4,0.2775,0.0,1.0,3.84,0,1
d_101.mp4,0.2685,0.0,1.22,3.69,0,1
d_101.mp4,0.2833,0.02,1.09,3.78,0,1
d_101.mp4,0.2653,0.0,0.49,3.54,0,1
d_101.mp4,0.2715,0.0,0.75,3.92,0,1
d_101.mp4,0.277,0.0,0.72,3.98,0,1
d_101.mp4,0.2589,0.0,1.17,3.58,0,1
d_101.mp4,0.2769,0.0,0.93,3.86,0,1
d_101.mp4,0.2662,0.0,0.51,3.66,0,1
d_101.mp4,0.2944,0.0,0.72,3.79,0,1
d_101.mp4,0.2808,0.0,1.36,3.37,0,1
d_101.mp4,0.2924,0.0196,0.69,3.69,0,1
d_101.mp4,0.2963,0.0,0.65,3.68,0,1
d_101.mp4,0.2675,0.0,1.37,4.11,0,1
d_101.mp4,0.272,0.0,0.72,3.88,0,1
d_101.mp4,0.2872,0.0,0.39,3.82,0,1
d_101.mp4,0.2612,0.0,1.06,3.82,0,1
d_101.mp4,0.2622,0.0,0.82,3.82,0,1
d_101.mp4,0.2795,0.0,0.65,3.89,0,1
d_101.mp4,0.2763,0.0,1.38,4.07,0,1
d_101.mp4,0.2799,0.0,0.97,3.95,0,1
d_101.mp4,0.2842,0.0,0.91,4.33,0,1
d_101.mp4,0.2658,0.0,1.78,3.85,0,1
d_101.mp4,0.282,0.0,0.75,4.33,0,1
d_101.mp4,0.2716,0.0,1.47,4.4,0,1
d_101.mp4,0.2964,0.0,1.38,4.32,0,1
d_101.mp4,0.3032,0.0,1.72,4.46,0,1
d_101.mp4,0.2735,0.0,1.64,4.36,0,1
d_101.mp4,0.2715,0.0196,1.34,4.24,0,1
d_101.mp4,0.2801,0.0,1.31,4.1,0,1
d_101.mp4,0.2703,0.0,0.95,4.49,0,1
d_101.mp4,0.2917,0.0,1.32,4.33,0,1
d_101.mp4,0.2711,0.0,1.47,4.16,0,1
d_101.mp4,0.2733,0.0,1.19,3.97,0,1
d_101.mp4,0.2656,0.0,0.99,3.81,0,1
d_101.mp4,0.2868,0.0,1.45,4.06,0,1
d_101.mp4,0.2733,0.0,1.33,3.98,0,1
d_101.mp4,0.2602,0.0,2.05,4.16,0,1
d_101.mp4,0.2662,0.0,0.85,4.46,0,1
d_101.mp4,0.267,0.0,0.5,4.23,0,1
d_101.mp4,0.2722,0.0,0.51,3.88,0,1
d_101.mp4,0.2759,0.0,0.44,3.59,0,1
d_101.mp4,0.2796,0.0196,0.58,4.2,0,1
d_101.mp4,0.2796,0.0,0.72,3.76,0,1
d_101.mp4,0.2759,0.0192,0.75,3.46,0,1
d_101.mp4,0.2772,0.0,0.8,3.31,0,1
d_101.mp4,0.2018,0.0,0.59,3.54,0,1
d_101.mp4,0.1272,0.0,0.48,2.8,0,1
d_101.mp4,0.2112,0.0196,0.61,2.08,0,1
d_101.mp4,0.2691,0.0,1.12,1.31,0,1
d_101.mp4,0.2871,0.0,1.5,0.18,0,1
d_101.mp4,0.3113,0.0188,1.51,0.02,0,1
d_101.mp4,0.1216,0.0188,1.42,0.37,0,1
d_101.mp4,0.0627,0.0,1.82,0.84,0,1
d_101.mp4,0.0903,0.0,1.77,1.42,0,1
d_101.mp4,0.2454,0.0,2.01,1.87,0,1
d_101.mp4,0.257,0.0,1.63,2.49,0,1
d_101.mp4,0.2753,0.0199,1.62,3.38,0,1
d_100.mp4,0.2591,0.0,1.72,4.54,0,1
d_100.mp4,0.2708,0.0,1.15,4.53,0,1
d_100.mp4,0.2778,0.0192,1.36,3.85,0,1
d_100.mp4,0.2723,0.0189,0.89,4.36,0,1
d_100.mp4,0.2466,0.0277,1.28,4.19,0,1
d_100.mp4,0.2674,0.0196,0.87,4.47,0,1
d_100.mp4,0.2763,0.0196,1.01,4.35,0,1
d_100.mp4,0.2651,0.0,1.17,4.45,0,1
d_100.mp4,0.2651,0.0196,0.73,4.4,0,1
d_100.mp4,0.2679,0.0,1.08,4.47,0,1
d_100.mp4,0.2888,0.0,1.26,4.28,0,1
d_100.mp4,0.2714,0.0,1.33,4.3,0,1
d_100.mp4,0.2628,0.0,0.66,4.77,0,1
d_100.mp4,0.2723,0.0,1.29,4.38,0,1
d_100.mp4,0.2932,0.0196,1.24,4.27,0,1
d_100.mp4,0.2788,0.0,1.08,4.83,0,1
d_100.mp4,0.2748,0.0,1.55,4.17,0,1
d_100.mp4,0.2671,0.0,0.9,4.73,0,1
d_100.mp4,0.2724,0.0,0.97,4.09,0,1
d_100.mp4,0.2926,0.0,1.56,4.5,0,1
d_100.mp4,0.2872,0.0196,1.51,4.58,0,1
d_100.mp4,0.262,0.0,1.27,4.34,0,1
d_100.mp4,0.2904,0.0,1.06,4.66,0,1
d_100.mp4,0.2901,0.0,1.35,4.82,0,1
d_100.mp4,0.2935,0.0,1.36,4.83,0,1
d_100.mp4,0.3053,0.0,1.2,4.85,0,1
d_100.mp4,0.2912,0.0,1.47,5.04,0,1
d_100.mp4,0.2971,0.0,0.89,5.15,0,1
d_100.mp4,0.2897,0.0,0.94,4.35,0,1
d_100.mp4,0.2787,0.02,1.54,5.01,0,1
d_100.mp4,0.2749,0.0,1.42,4.64,0,1
d_100.mp4,0.3007,0.0,1.45,4.35,0,1
d_100.mp4,0.2773,0.0,1.04,4.31,0,1
d_100.mp4,0.2952,0.0,1.6,4.67,0,1
d_100.mp4,0.299,0.0,1.61,4.39,0,1
d_100.mp4,0.2909,0.0,1.03,4.12,0,1
d_100.mp4,0.2772,0.0,1.24,4.41,0,1
d_100.mp4,0.2857,0.0,0.82,4.55,0,1
d_100.mp4,0.2423,0.0,1.31,4.29,0,1
d_100.mp4,0.2362,0.0,1.31,4.18,0,1
d_100.mp4,0.2353,0.0,1.11,4.5,0,1
d_100.mp4,0.2454,0.0,1.43,4.71,0,1
d_100.mp4,0.2321,0.0,1.03,4.46,0,1
d_100.mp4,0.1286,0.0,0.61,4.65,0,1
d_100.mp4,0.0807,0.0,1.45,4.86,0,1
d_100.mp4,0.2207,0.0,1.43,4.71,0,1
d_100.mp4,0.264,0.0,1.48,4.67,0,1
d_100.mp4,0.2671,0.0,1.34,4.98,0,1
d_100.mp4,0.2691,0.0,1.72,4.55,0,1
d_100.mp4,0.2862,0.0,1.4,4.97,0,1
d_100.mp4,0.2843,0.0,1.49,4.78,0,1
d_100.mp4,0.2741,0.0,1.53,4.45,0,1
d_100.mp4,0.2723,0.0,1.19,4.39,0,1
d_100.mp4,0.2903,0.0,1.58,4.52,0,1
d_100.mp4,0.2866,0.0196,1.93,4.82,0,1
d_100.mp4,0.2857,0.0192,1.84,4.52,0,1
d_100.mp4,0.2666,0.0,1.13,4.88,0,1
d_100.mp4,0.294,0.0,1.88,4.9,0,1
d_100.mp4,0.2782,0.0,1.83,4.65,0,1
d_100.mp4,0.2616,0.02,1.65,4.66,0,1
d_100.mp4,0.288,0.0,2.02,5.1,0,1
d_100.mp4,0.0551,0.0,1.55,4.98,0,1
d_100.mp4,0.125,0.0204,1.84,6.85,0,1
d_100.mp4,0.2712,0.0,1.41,8.61,0,1
d_100.mp4,0.3326,0.0,2.08,9.73,0,1
d_100.mp4,0.3394,0.0301,2.02,10.54,0,1
d_100.mp4,0.3314,0.0,1.36,10.65,0,1
d_100.mp4,0.3349,0.0,1.62,11.0,0,1
d_100.mp4,0.3077,0.0,1.29,11.09,0,1
d_100.mp4,0.2206,0.0,1.27,10.52,0,1
d_100.mp4,0.1661,0.0213,1.13,10.28,0,1
d_100.mp4,0.2797,0.0,1.34,9.25,0,1
d_100.mp4,0.2661,0.0,1.41,7.93,0,1
d_100.mp4,0.2937,0.0208,0.92,7.67,0,1
d_100.mp4,0.2859,0.0,0.95,7.24,0,1
d_100.mp4,0.2804,0.0,1.82,7.11,0,1
d_100.mp4,0.2862,0.0,1.67,6.92,0,1
d_100.mp4,0.2756,0.0204,1.92,6.99,0,1
d_100.mp4,0.2896,0.0204,1.59,6.93,0,1
d_100.mp4,0.2564,0.0,1.8,6.68,0,1
d_100.mp4,0.2913,0.0,0.9,6.5,0,1
d_100.mp4,0.3021,0.0,1.6,6.21,0,1
d_100.mp4,0.2951,0.0204,1.33,5.86,0,1
d_100.mp4,0.2809,0.0,1.71,5.48,0,1
d_100.mp4,0.2953,0.0204,1.36,5.54,0,1
d_100.mp4,0.261,0.0,1.29,5.23,0,1
d_100.mp4,0.2814,0.0,1.23,4.78,0,1
d_100.mp4,0.2853,0.02,1.35,4.72,0,1
d_100.mp4,0.287,0.0,1.24,4.94,0,1
d_100.mp4,0.2863,0.0,1.21,5.09,0,1
d_100.mp4,0.2858,0.0,1.62,4.93,0,1
d_100.mp4,0.2858,0.0,1.23,5.02,0,1
d_100.mp4,0.2869,0.0,1.23,4.58,0,1
d_100.mp4,0.2768,0.0,1.47,4.59,0,1
d_100.mp4,0.2774,0.0,1.61,4.75,0,1
d_100.mp4,0.2704,0.0,2.0,5.12,0,1
d_100.mp4,0.2794,0.0,1.45,4.98,0,1
d_100.mp4,0.2756,0.0,1.75,5.21,0,1
d_100.mp4,0.294,0.02,1.4,5.41,0,1
d_100.mp4,0.2828,0.0204,1.52,5.25,0,1
d_100.mp4,0.2607,0.0,1.5,5.75,0,1
d_100.mp4,0.2611,0.0,1.39,5.29,0,1
d_100.mp4,0.3062,0.0,1.91,5.56,0,1
d_100.mp4,0.3007,0.0,1.36,5.37,0,1
d_100.mp4,0.271,0.0204,1.18,4.9,0,1
d_100.mp4,0.2939,0.0,1.66,5.67,0,1
d_100.mp4,0.2745,0.0,1.58,5.18,0,1
d_100.mp4,0.2813,0.0196,2.33,5.66,0,1
d_100.mp4,0.2653,0.0,1.83,5.63,0,1
d_100.mp4,0.2699,0.02,1.55,5.61,0,1
d_100.mp4,0.2845,0.02,1.09,5.66,0,1
d_100.mp4,0.2689,0.0,1.24,5.65,0,1
d_100.mp4,0.2746,0.0204,1.02,5.52,0,1
d_100.mp4,0.2851,0.0,1.11,5.39,0,1
d_100.mp4,0.2773,0.0204,0.98,5.7,0,1
d_100.mp4,0.2877,0.0208,1.3,5.73,0,1
d_100.mp4,0.2726,0.0204,1.17,5.47,0,1
d_100.mp4,0.276,0.0,1.17,5.39,0,1
d_100.mp4,0.2912,0.0,1.27,5.43,0,1
d_100.mp4,0.2793,0.0,1.28,5.39,0,1
d_100.mp4,0.2896,0.0,1.19,5.46,0,1
d_100.mp4,0.2815,0.0,0.77,5.38,0,1
d_100.mp4,0.283,0.0204,1.09,5.79,0,1
d_100.mp4,0.2864,0.0,1.31,5.47,0,1
d_100.mp4,0.2904,0.0,1.2,5.58,0,1
d_102.mp4,0.2624,0.0,2.09,4.1,0,1
d_102.mp4,0.2579,0.0,1.18,3.85,0,1
d_102.mp4,0.262,0.0,0.88,3.55,0,1
d_102.mp4,0.2633,0.0,0.68,3.6,0,1
d_102.mp4,0.2724,0.0,0.75,3.73,0,1
d_102.mp4,0.2744,0.0,0.21,3.53,0,1
d_102.mp4,0.2638,0.0272,0.95,3.64,0,1
d_102.mp4,0.2712,0.0192,0.77,3.82,0,1
d_102.mp4,0.2783,0.0,0.81,3.7,0,1
d_102.mp4,0.2903,0.0204,1.16,3.68,0,1
d_102.mp4,0.2818,0.0,1.25,3.39,0,1
d_102.mp4,0.2779,0.0,1.1,3.57,0,1
d_102.mp4,0.2757,0.0,0.93,3.75,0,1
d_102.mp4,0.2772,0.0,1.54,3.89,0,1
d_102.mp4,0.278,0.0,1.26,3.86,0,1
d_102.mp4,0.2552,0.0,1.0,3.43,0,1
d_102.mp4,0.2794,0.0,1.19,3.36,0,1
d_102.mp4,0.2825,0.0,1.26,3.68,0,1
d_102.mp4,0.2813,0.0188,1.23,3.57,0,1
d_102.mp4,0.2736,0.0,1.46,3.67,0,1
d_102.mp4,0.2843,0.0,1.19,3.47,0,1
d_102.mp4,0.2794,0.0,1.07,3.54,0,1
d_102.mp4,0.271,0.0,1.06,3.4,0,1
d_102.mp4,0.2755,0.0199,0.76,3.31,0,1
d_102.mp4,0.2861,0.0192,0.81,3.67,0,1
d_102.mp4,0.2855,0.0,0.91,3.39,0,1
d_102.mp4,0.2795,0.0,0.93,3.49,0,1
d_102.mp4,0.271,0.0,0.51,3.08,0,1
d_102.mp4,0.2609,0.0192,0.78,3.01,0,1
d_102.mp4,0.2685,0.0,1.02,3.69,0,1
d_102.mp4,0.2828,0.0,0.62,3.04,0,1
d_102.mp4,0.2733,0.0,0.67,3.15,0,1
d_102.mp4,0.2946,0.0,1.23,3.66,0,1
d_102.mp4,0.2713,0.0,0.67,3.24,0,1
d_102.mp4,0.2714,0.0,0.74,3.08,0,1
d_102.mp4,0.2744,0.0,0.88,2.94,0,1
d_102.mp4,0.2789,0.0,0.99,3.1,0,1
d_102.mp4,0.2907,0.0192,1.44,3.68,0,1
d_102.mp4,0.2656,0.0,1.27,3.5,0,1
d_102.mp4,0.2733,0.0,1.19,3.52,0,1
d_102.mp4,0.279,0.0,1.08,3.56,0,1
d_102.mp4,0.2752,0.0,1.22,3.28,0,1
d_102.mp4,0.2981,0.0,1.43,3.66,0,1
d_102.mp4,0.3003,0.0195,1.21,3.56,0,1
d_102.mp4,0.2826,0.0,1.34,3.79,0,1
d_102.mp4,0.2914,0.0,1.2,4.11,0,1
d_102.mp4,0.2963,0.0,1.04,4.32,0,1
d_102.mp4,0.3016,0.0192,1.26,4.26,0,1
d_102.mp4,0.2734,0.0,1.32,4.22,0,1
d_102.mp4,0.2887,0.0,1.05,3.69,0,1
d_102.mp4,0.2801,0.0,1.43,3.98,0,1
d_102.mp4,0.3128,0.0,1.47,4.12,0,1
d_102.mp4,0.3028,0.0,1.0,4.16,0,1
d_102.mp4,0.2813,0.0,1.03,3.89,0,1
d_102.mp4,0.2848,0.0185,0.74,3.95,0,1
d_102.mp4,0.2914,0.0,1.1,3.95,0,1
d_102.mp4,0.2864,0.0192,1.37,3.83,0,1
d_102.mp4,0.2829,0.0,1.2,3.78,0,1
d_102.mp4,0.3007,0.0,0.94,3.49,0,1
d_102.mp4,0.3055,0.0185,0.75,4.2,0,1
d_102.mp4,0.2881,0.0,1.35,3.94,0,1
d_102.mp4,0.2783,0.0,1.18,3.76,0,1
d_102.mp4,0.2999,0.0196,0.99,4.13,0,1
d_102.mp4,0.3008,0.0,0.79,4.07,0,1
d_102.mp4,0.2856,0.0,0.87,4.05,0,1
d_102.mp4,0.3001,0.02,0.9,4.18,0,1
d_102.mp4,0.2981,0.0,0.99,4.52,0,1
d_102.mp4,0.298,0.0,0.65,4.5,0,1
d_102.mp4,0.2705,0.0,0.73,3.99,0,1
d_102.mp4,0.2873,0.0,1.11,4.13,0,1
d_102.mp4,0.2704,0.0,1.14,4.31,0,1
d_102.mp4,0.2807,0.0192,1.19,4.27,0,1
d_102.mp4,0.3119,0.0,1.2,4.02,0,1
d_102.mp4,0.2912,0.0,1.22,4.37,0,1
d_102.mp4,0.2934,0.0,1.23,4.25,0,1
d_102.mp4,0.2958,0.0,1.68,4.35,0,1
d_102.mp4,0.2869,0.0,1.4,4.24,0,1
d_102.mp4,0.2838,0.0,1.44,4.46,0,1
d_102.mp4,0.2524,0.0,1.64,4.4,0,1
d_102.mp4,0.0982,0.0196,0.72,4.6,0,1
d_102.mp4,0.1901,0.0204,1.77,6.17,0,1
d_102.mp4,0.2703,0.0,0.8,8.75,0,1
d_102.mp4,0.305,0.0,1.26,9.86,0,1
d_102.mp4,0.3159,0.0,1.05,10.41,0,1
d_102.mp4,0.2603,0.0,0.93,10.72,0,1
d_102.mp4,0.1024,0.0,1.19,9.98,0,1
d_102.mp4,0.1038,0.0,0.25,9.31,0,1
d_102.mp4,0.2511,0.0204,0.92,8.25,0,1
d_102.mp4,0.2895,0.0,0.9,6.94,0,1
d_102.mp4,0.2832,0.0,0.68,6.41,0,1
d_102.mp4,0.3045,0.0,0.92,5.58,0,1
d_102.mp4,0.2959,0.0,1.05,4.95,0,1
d_102.mp4,0.2846,0.0199,1.38,4.68,0,1
d_102.mp4,0.2937,0.0,1.39,4.4,0,1
d_102.mp4,0.2981,0.0,1.18,4.36,0,1
d_102.mp4,0.29,0.0196,1.39,4.36,0,1
d_102.mp4,0.2934,0.0,1.52,4.36,0,1
d_102.mp4,0.2956,0.0,1.12,4.34,0,1
d_102.mp4,0.281,0.0,1.51,4.1,0,1
d_102.mp4,0.282,0.0,0.94,4.11,0,1
d_102.mp4,0.2963,0.0,1.09,4.09,0,1
d_102.mp4,0.2924,0.0,1.12,3.95,0,1
d_102.mp4,0.2812,0.0,0.9,3.73,0,1
d_102.mp4,0.2913,0.0196,1.52,4.39,0,1
d_102.mp4,0.281,0.0196,1.0,4.18,0,1
d_102.mp4,0.2703,0.0,0.78,4.44,0,1
d_102.mp4,0.2865,0.0,1.37,4.7,0,1
d_102.mp4,0.2941,0.02,1.13,4.3,0,1
d_102.mp4,0.2943,0.02,1.1,4.57,0,1
d_102.mp4,0.3006,0.0,1.29,4.76,0,1
d_102.mp4,0.2866,0.0,1.08,4.78,0,1
d_102.mp4,0.2971,0.0,1.05,4.71,0,1
d_102.mp4,0.2727,0.0,0.97,4.66,0,1
d_102.mp4,0.3088,0.0,1.41,4.49,0,1
d_102.mp4,0.2923,0.0,1.25,4.51,0,1
d_102.mp4,0.2846,0.0,1.04,4.37,0,1
d_102.mp4,0.2773,0.0,0.88,4.97,0,1
d_102.mp4,0.2939,0.0196,1.58,4.79,0,1
d_102.mp4,0.2886,0.0,1.33,4.58,0,1
d_102.mp4,0.2959,0.0192,1.18,4.19,0,1
d_102.mp4,0.2803,0.0,0.95,4.62,0,1
d_102.mp4,0.2723,0.0,0.87,4.55,0,1
d_102.mp4,0.2939,0.0,1.21,4.83,0,1
d_102.mp4,0.2772,0.0,1.29,4.77,0,1
d_102.mp4,0.283,0.0,0.43,4.91,0,1
d_106.mp4,0.2681,0.0,2.58,6.5,0,1
d_106.mp4,0.272,0.0,1.01,5.63,0,1
d_106.mp4,0.2793,0.0,1.01,5.69,0,1
d_106.mp4,0.2758,0.0,0.7,5.49,0,1
d_106.mp4,0.2549,0.0,0.36,5.38,0,1
d_106.mp4,0.2799,0.02,0.17,5.05,0,1
d_106.mp4,0.293,0.0,-0.14,5.29,0,1
d_106.mp4,0.2933,0.0,0.39,4.83,0,1
d_106.mp4,0.2881,0.0,0.22,5.04,0,1
d_106.mp4,0.279,0.0,0.31,4.85,0,1
d_106.mp4,0.2789,0.0,-0.06,5.15,0,1
d_106.mp4,0.2869,0.0,0.15,5.0,0,1
d_106.mp4,0.2899,0.0,0.62,4.88,0,1
d_106.mp4,0.274,0.0,0.5,4.77,0,1
d_106.mp4,0.2896,0.0,0.27,5.13,0,1
d_106.mp4,0.2782,0.0,0.38,5.42,0,1
d_106.mp4,0.2912,0.0,0.56,5.17,0,1
d_106.mp4,0.2993,0.0,0.52,5.03,0,1
d_106.mp4,0.2869,0.0192,0.62,4.86,0,1
d_106.mp4,0.269,0.0,0.48,4.71,0,1
d_106.mp4,0.2727,0.0192,0.52,4.2,0,1
d_106.mp4,0.2731,0.0,0.66,3.78,0,1
d_106.mp4,0.2654,0.0196,0.67,4.34,0,1
d_106.mp4,0.2779,0.0,0.24,4.93,0,1
d_106.mp4,0.2618,0.0283,0.48,5.22,0,1
d_106.mp4,0.2606,0.0,-0.07,5.18,0,1
d_106.mp4,0.3021,0.0196,0.11,4.76,0,1
d_106.mp4,0.2822,0.0196,-0.12,4.67,0,1
d_106.mp4,0.3032,0.0,-0.01,4.48,0,1
d_106.mp4,0.2814,0.0196,0.26,4.42,0,1
d_106.mp4,0.2883,0.0,-0.03,4.52,0,1
d_106.mp4,0.276,0.0,0.06,4.71,0,1
d_106.mp4,0.2888,0.02,0.76,4.63,0,1
d_106.mp4,0.2881,0.0,0.14,4.79,0,1
d_106.mp4,0.2934,0.0,1.11,4.7,0,1
d_106.mp4,0.3023,0.02,0.77,4.7,0,1
d_106.mp4,0.2904,0.0,1.02,4.75,0,1
d_106.mp4,0.2946,0.0,0.78,5.21,0,1
d_106.mp4,0.2847,0.02,0.95,4.76,0,1
d_106.mp4,0.3082,0.0,0.67,5.07,0,1
d_106.mp4,0.2641,0.02,0.82,4.71,0,1
d_106.mp4,0.2858,0.0,0.46,5.08,0,1
d_106.mp4,0.2989,0.02,0.75,4.7,0,1
d_106.mp4,0.2912,0.0,0.3,4.98,0,1
d_106.mp4,0.2798,0.02,0.85,4.34,0,1
d_106.mp4,0.2859,0.0,0.14,5.15,0,1
d_106.mp4,0.2867,0.0,0.67,4.89,0,1
d_106.mp4,0.2953,0.0,0.52,4.8,0,1
d_106.mp4,0.3026,0.0,0.26,4.47,0,1
d_106.mp4,0.2859,0.0,0.47,4.94,0,1
d_106.mp4,0.2913,0.0,0.17,5.02,0,1
d_106.mp4,0.2816,0.0,0.49,5.05,0,1
d_106.mp4,0.2827,0.0,0.62,4.81,0,1
d_106.mp4,0.2843,0.0,0.95,5.09,0,1
d_106.mp4,0.3064,0.0,1.06,5.1,0,1
d_106.mp4,0.2861,0.02,1.25,4.86,0,1
d_106.mp4,0.2941,0.0,0.63,5.18,0,1
d_106.mp4,0.2755,0.0,0.68,4.81,0,1
d_106.mp4,0.2756,0.0,0.69,5.35,0,1
d_106.mp4,0.2781,0.0204,0.78,4.87,0,1
d_106.mp4,0.2966,0.0,1.4,4.58,0,1
d_106.mp4,0.2181,0.0,1.2,3.97,0,1
d_106.mp4,0.0896,0.0,1.05,4.01,0,1
d_106.mp4,0.1166,0.0192,1.29,1.86,0,1
d_106.mp4,0.2767,0.0,1.78,1.1,0,1
d_106.mp4,0.2975,0.0,1.51,-0.9,0,1
d_106.mp4,0.3101,0.0196,1.21,-1.36,0,1
d_106.mp4,0.3016,0.0188,1.3,-1.66,0,1
d_106.mp4,0.1756,0.0,0.99,-1.64,0,1
d_106.mp4,0.043,0.0,1.22,-0.75,0,1
d_106.mp4,0.0345,0.0,1.21,0.78,0,1
d_106.mp4,0.0466,0.0,1.48,1.51,0,1
d_106.mp4,0.1824,0.0,1.62,2.19,0,1
d_106.mp4,0.2579,0.0,0.66,3.28,0,1
d_106.mp4,0.2776,0.0,0.73,3.51,0,1
d_106.mp4,0.2582,0.0,1.03,3.51,0,1
d_106.mp4,0.2696,0.0,0.68,3.46,0,1
d_106.mp4,0.2436,0.0,0.79,3.62,0,1
d_106.mp4,0.2507,0.0,1.15,4.35,0,1
d_106.mp4,0.2542,0.0,1.08,4.11,0,1
d_106.mp4,0.2372,0.0192,0.52,4.09,0,1
d_106.mp4,0.2488,0.0,0.46,3.79,0,1
d_106.mp4,0.2383,0.0,0.31,3.74,0,1
d_106.mp4,0.2581,0.0,1.0,4.75,0,1
d_106.mp4,0.2619,0.0,0.78,4.02,0,1
d_106.mp4,0.254,0.0,0.68,4.04,0,1
d_106.mp4,0.2532,0.0,0.46,4.01,0,1
d_106.mp4,0.2659,0.0,0.51,4.34,0,1
d_106.mp4,0.281,0.0,0.91,4.8,0,1
d_106.mp4,0.2593,0.0,0.75,4.09,0,1
d_106.mp4,0.2732,0.0,0.6,4.24,0,1
d_106.mp4,0.2685,0.0,0.84,3.98,0,1
d_106.mp4,0.2748,0.02,0.96,4.21,0,1
d_106.mp4,0.2778,0.0192,0.92,3.7,0,1
d_106.mp4,0.2697,0.0196,0.71,3.42,0,1
d_106.mp4,0.2731,0.0,0.66,4.09,0,1
d_106.mp4,0.2555,0.0192,0.99,3.29,0,1
d_106.mp4,0.2877,0.0,0.62,3.67,0,1
d_106.mp4,0.2672,0.0,0.64,3.26,0,1
d_106.mp4,0.2633,0.0,0.28,3.46,0,1
d_106.mp4,0.2573,0.0,0.37,3.6,0,1
d_106.mp4,0.2404,0.0,-0.18,2.88,0,1
d_106.mp4,0.26,0.0,0.27,3.47,0,1
d_106.mp4,0.2924,0.0,0.02,3.49,0,1
d_106.mp4,0.2584,0.0,0.3,3.17,0,1
d_106.mp4,0.2611,0.0,0.62,3.47,0,1
d_106.mp4,0.2735,0.0,0.28,3.67,0,1
d_106.mp4,0.2546,0.0,0.74,3.41,0,1
d_106.mp4,0.2653,0.0,0.9,3.64,0,1
d_106.mp4,0.2289,0.0,0.87,3.89,0,1
d_106.mp4,0.0949,0.0,1.39,6.04,0,1
d_106.mp4,0.2366,0.0,2.14,7.56,0,1
d_106.mp4,0.2488,0.0213,1.06,9.41,0,1
d_106.mp4,0.2906,0.0217,1.02,10.14,0,1
d_106.mp4,0.3094,0.0227,0.94,10.91,0,1
d_106.mp4,0.0795,0.0,0.43,10.06,0,1
d_106.mp4,0.0731,0.0,0.21,9.19,0,1
d_106.mp4,0.1616,0.0,0.26,8.03,0,1
d_106.mp4,0.2894,0.0,0.1,6.57,0,1
d_106.mp4,0.3071,0.0,-0.01,6.1,0,1
d_106.mp4,0.2883,0.0,0.85,5.15,0,1
d_106.mp4,0.2983,0.0,0.46,4.64,0,1
d_106.mp4,0.2965,0.0,0.63,3.75,0,1
d_106.mp4,0.271,0.0,0.3,3.57,0,1
d_106.mp4,0.2901,0.0,0.15,3.47,0,1
d_103.mp4,0.2859,0.0,2.13,5.37,0,1
d_103.mp4,0.2801,0.0,1.36,4.97,0,1
d_103.mp4,0.2636,0.0,1.31,5.09,0,1
d_103.mp4,0.2671,0.0,0.73,4.88,0,1
d_103.mp4,0.3044,0.0,1.05,4.75,0,1
d_103.mp4,0.277,0.0,1.01,5.11,0,1
d_103.mp4,0.2871,0.0,0.88,4.86,0,1
d_103.mp4,0.2931,0.0,0.38,4.86,0,1
d_103.mp4,0.2958,0.0,1.05,5.24,0,1
d_103.mp4,0.2824,0.0,1.0,4.95,0,1
d_103.mp4,0.2959,0.0196,0.67,4.74,0,1
d_103.mp4,0.2886,0.0,0.27,4.53,0,1
d_103.mp4,0.2871,0.0,0.44,5.05,0,1
d_103.mp4,0.2874,0.0,1.34,4.36,0,1
d_103.mp4,0.2847,0.0,1.31,4.54,0,1
d_103.mp4,0.289,0.0,1.23,4.62,0,1
d_103.mp4,0.2899,0.0,0.28,4.85,0,1
d_103.mp4,0.2721,0.0,0.96,5.14,0,1
d_103.mp4,0.2782,0.0192,1.39,4.31,0,1
d_103.mp4,0.2792,0.0,0.59,4.94,0,1
d_103.mp4,0.2864,0.02,0.9,4.3,0,1
d_103.mp4,0.2955,0.0,1.12,4.69,0,1
d_103.mp4,0.2801,0.0,1.21,4.09,0,1
d_103.mp4,0.2946,0.0,1.15,4.28,0,1
d_103.mp4,0.2653,0.0,1.43,4.48,0,1
d_103.mp4,0.2811,0.0,1.71,4.67,0,1
d_103.mp4,0.2122,0.0,1.33,4.7,0,1
d_103.mp4,0.1431,0.0,1.53,4.76,0,1
d_103.mp4,0.061,0.0,1.61,4.88,0,1
d_103.mp4,0.1191,0.0,1.63,4.91,0,1
d_103.mp4,0.2606,0.0,1.54,4.94,0,1
d_103.mp4,0.2797,0.0,1.66,5.06,0,1
d_103.mp4,0.2672,0.0,1.94,4.67,0,1
d_103.mp4,0.2738,0.0,1.82,5.06,0,1
d_103.mp4,0.2679,0.0,1.77,4.51,0,1
d_103.mp4,0.2633,0.0,1.51,5.03,0,1
d_103.mp4,0.278,0.02,1.62,4.54,0,1
d_103.mp4,0.2757,0.0,1.63,4.66,0,1
d_103.mp4,0.2956,0.02,1.51,4.58,0,1
d_103.mp4,0.3005,0.0204,1.34,4.64,0,1
d_103.mp4,0.2752,0.0196,1.75,4.71,0,1
d_103.mp4,0.2859,0.02,1.63,4.75,0,1
d_103.mp4,0.2679,0.0,1.83,4.68,0,1
d_103.mp4,0.2845,0.0,1.22,5.17,0,1
d_103.mp4,0.2672,0.0,0.83,5.14,0,1
d_103.mp4,0.265,0.0,1.23,4.86,0,1
d_103.mp4,0.3005,0.02,1.0,5.38,0,1
d_103.mp4,0.2828,0.0,1.5,4.95,0,1
d_103.mp4,0.2862,0.0,1.25,5.04,0,1
d_103.mp4,0.2967,0.0,1.27,5.21,0,1
d_103.mp4,0.2776,0.0,0.9,5.19,0,1
d_103.mp4,0.2852,0.0,1.47,4.87,0,1
d_103.mp4,0.2848,0.0,1.41,5.09,0,1
d_103.mp4,0.2771,0.02,1.8,5.38,0,1
d_103.mp4,0.2818,0.02,1.76,5.38,0,1
d_103.mp4,0.2546,0.0,1.09,5.38,0,1
d_103.mp4,0.2946,0.0192,1.62,5.51,0,1
d_103.mp4,0.2902,0.0,1.98,5.41,0,1
d_103.mp4,0.2889,0.0204,1.94,5.84,0,1
d_103.mp4,0.2742,0.0,1.33,5.8,0,1
d_103.mp4,0.304,0.0,1.82,5.42,0,1
d_103.mp4,0.283,0.02,1.52,5.69,0,1
d_103.mp4,0.2792,0.0,1.58,5.45,0,1
d_103.mp4,0.2927,0.0,1.21,5.5,0,1
d_103.mp4,0.2864,0.0,1.23,5.33,0,1
d_103.mp4,0.2864,0.0,1.12,5.66,0,1
d_103.mp4,0.295,0.0,1.44,5.25,0,1
d_103.mp4,0.2956,0.0,1.46,5.13,0,1
d_103.mp4,0.2956,0.02,1.74,4.91,0,1
d_103.mp4,0.2797,0.0,1.65,5.34,0,1
d_103.mp4,0.2931,0.02,2.08,5.21,0,1
d_103.mp4,0.2884,0.0196,1.76,5.44,0,1
d_103.mp4,0.2987,0.0,1.96,5.43,0,1
d_103.mp4,0.2988,0.0,1.44,5.63,0,1
d_103.mp4,0.2987,0.02,1.46,5.5,0,1
d_103.mp4,0.2705,0.0,1.55,5.77,0,1
d_103.mp4,0.2878,0.0,1.87,5.4,0,1
d_103.mp4,0.2919,0.0,1.89,5.09,0,1
d_103.mp4,0.3071,0.0,1.98,5.38,0,1
d_103.mp4,0.3004,0.0,1.82,5.53,0,1
d_103.mp4,0.2986,0.0,1.27,5.63,0,1
d_103.mp4,0.307,0.0,1.92,5.43,0,1
d_103.mp4,0.3055,0.0204,1.65,5.62,0,1
d_103.mp4,0.2914,0.0,2.09,5.5,0,1
d_103.mp4,0.2835,0.0,1.3,5.45,0,1
d_103.mp4,0.2951,0.0,1.15,5.45,0,1
d_103.mp4,0.2881,0.0,2.1,5.2,0,1
d_103.mp4,0.2947,0.0,1.78,5.59,0,1
d_103.mp4,0.2862,0.02,1.77,5.14,0,1
d_103.mp4,0.2991,0.0,0.96,5.69,0,1
d_103.mp4,0.2602,0.0204,1.41,5.19,0,1
d_103.mp4,0.281,0.02,1.78,5.14,0,1
d_103.mp4,0.2892,0.0,1.54,5.09,0,1
d_103.mp4,0.2955,0.0,0.83,5.52,0,1
d_103.mp4,0.2898,0.0204,1.81,5.03,0,1
d_103.mp4,0.2935,0.0,1.22,5.6,0,1
d_103.mp4,0.3005,0.0,1.66,4.97,0,1
d_103.mp4,0.2828,0.0,0.97,5.28,0,1
d_103.mp4,0.2982,0.0,1.87,5.28,0,1
d_103.mp4,0.2984,0.0,1.61,5.05,0,1
d_103.mp4,0.3012,0.0,1.6,4.83,0,1
d_103.mp4,0.2692,0.0,2.15,4.89,0,1
d_103.mp4,0.2888,0.0,1.64,5.09,0,1
d_103.mp4,0.2791,0.0196,1.69,4.45,0,1
d_103.mp4,0.2848,0.0,1.58,4.96,0,1
d_103.mp4,0.2991,0.0,2.19,4.92,0,1
d_103.mp4,0.2554,0.0204,1.87,4.96,0,1
d_103.mp4,0.1927,0.0283,1.69,4.77,0,1
d_103.mp4,0.0572,0.0,1.87,5.23,0,1
d_103.mp4,0.0543,0.0,1.59,4.77,0,1
d_103.mp4,0.0475,0.0,1.59,4.8,0,1
d_103.mp4,0.0475,0.0,1.52,4.77,0,1
d_103.mp4,0.226,0.0,1.44,5.09,0,1
d_103.mp4,0.2833,0.0283,1.62,4.82,0,1
d_103.mp4,0.2626,0.0,1.65,4.69,0,1
d_103.mp4,0.2763,0.02,1.72,4.87,0,1
d_103.mp4,0.2692,0.0,1.39,5.09,0,1
d_103.mp4,0.2697,0.0,1.39,4.9,0,1
d_103.mp4,0.2866,0.02,0.94,4.68,0,1
d_103.mp4,0.2672,0.0204,1.21,4.75,0,1
d_103.mp4,0.2588,0.0,0.42,5.15,0,1
d_103.mp4,0.2596,0.0,1.05,4.87,0,1
d_103.mp4,0.2684,0.0,1.53,4.82,0,1
d_103.mp4,0.281,0.0,0.82,5.16,0,1
d_103.mp4,0.2721,0.0196,1.26,4.88,0,1
d_104.mp4,0.272,0.0,1.66,4.83,0,1
d_104.mp4,0.2864,0.0,1.24,5.31,0,1
d_104.mp4,0.2726,0.0,1.31,4.8,0,1
d_104.mp4,0.2814,0.0,0.96,4.83,0,1
d_104.mp4,0.2799,0.0,0.73,5.09,0,1
d_104.mp4,0.2717,0.0,1.35,5.01,0,1
d_104.mp4,0.2556,0.0,0.96,5.15,0,1
d_104.mp4,0.2886,0.0,0.63,5.25,0,1
d_104.mp4,0.281,0.0,1.68,5.11,0,1
d_104.mp4,0.283,0.0196,1.52,4.91,0,1
d_104.mp4,0.276,0.0204,1.12,4.83,0,1
d_104.mp4,0.2884,0.0,1.48,4.98,0,1
d_104.mp4,0.2874,0.0,1.6,5.01,0,1
d_104.mp4,0.2841,0.0,1.89,4.9,0,1
d_104.mp4,0.2693,0.0,0.93,4.74,0,1
d_104.mp4,0.2768,0.0,1.59,5.01,0,1
d_104.mp4,0.2938,0.0,1.77,4.92,0,1
d_104.mp4,0.2705,0.0,1.2,5.22,0,1
d_104.mp4,0.2833,0.0,1.23,5.2,0,1
d_104.mp4,0.2779,0.0,1.35,5.0,0,1
d_104.mp4,0.2936,0.0,1.47,4.88,0,1
d_104.mp4,0.281,0.0,1.48,4.6,0,1
d_104.mp4,0.2264,0.0,1.26,4.78,0,1
d_104.mp4,0.1296,0.0,1.2,4.89,0,1
d_104.mp4,0.2316,0.0204,1.45,4.92,0,1
d_104.mp4,0.2727,0.0208,1.62,4.94,0,1
d_104.mp4,0.2812,0.0,1.71,5.32,0,1
d_104.mp4,0.2829,0.0,2.08,4.81,0,1
d_104.mp4,0.2556,0.0,1.69,4.74,0,1
d_104.mp4,0.2753,0.0,1.76,4.77,0,1
d_104.mp4,0.2863,0.0,1.87,5.01,0,1
d_104.mp4,0.2926,0.0204,1.67,4.93,0,1
d_104.mp4,0.2541,0.0,1.68,4.9,0,1
d_104.mp4,0.2817,0.0,1.29,5.36,0,1
d_104.mp4,0.29,0.0,1.67,4.93,0,1
d_104.mp4,0.2959,0.0,1.34,5.22,0,1
d_104.mp4,0.2756,0.0,0.87,4.95,0,1
d_104.mp4,0.2918,0.0283,1.35,5.11,0,1
d_104.mp4,0.2785,0.0,1.42,5.39,0,1
d_104.mp4,0.2947,0.0,1.07,5.07,0,1
d_104.mp4,0.282,0.0,1.43,5.7,0,1
d_104.mp4,0.287,0.02,1.6,5.12,0,1
d_104.mp4,0.2862,0.0,1.39,5.29,0,1
d_104.mp4,0.2883,0.0,0.75,5.5,0,1
d_104.mp4,0.2846,0.0,0.7,5.23,0,1
d_104.mp4,0.2899,0.0,1.14,4.89,0,1
d_104.mp4,0.2831,0.0,0.54,5.11,0,1
d_104.mp4,0.2826,0.0,1.05,4.97,0,1
d_104.mp4,0.2759,0.0,0.34,5.07,0,1
d_104.mp4,0.2859,0.0,0.92,4.94,0,1
d_104.mp4,0.2958,0.0,0.86,4.69,0,1
d_104.mp4,0.2872,0.0,0.6,5.17,0,1
d_104.mp4,0.2898,0.0204,1.25,4.81,0,1
d_104.mp4,0.3145,0.0,0.95,4.47,0,1
d_104.mp4,0.2814,0.0,0.91,5.1,0,1
d_104.mp4,0.2762,0.0,1.21,4.89,0,1
d_104.mp4,0.2938,0.02,0.83,4.46,0,1
d_104.mp4,0.2958,0.0,0.81,4.89,0,1
d_104.mp4,0.291,0.0,1.09,5.05,0,1
d_104.mp4,0.284,0.0,1.21,4.66,0,1
d_104.mp4,0.2791,0.0,1.25,4.5,0,1
d_104.mp4,0.2999,0.0,1.45,5.16,0,1
d_104.mp4,0.2961,0.0,1.59,4.87,0,1
d_104.mp4,0.2709,0.0,1.24,5.11,0,1
d_104.mp4,0.293,0.0,0.85,5.2,0,1
d_104.mp4,0.2994,0.02,1.24,5.86,0,1
d_104.mp4,0.2963,0.0,1.5,8.29,0,1
d_104.mp4,0.3155,0.0,1.33,9.59,0,1
d_104.mp4,0.3365,0.0,1.86,10.88,0,1
d_104.mp4,0.3235,0.0,1.22,10.99,0,1
d_104.mp4,0.2242,0.0,1.63,10.47,0,1
d_104.mp4,0.0796,0.0208,0.45,9.27,0,1
d_104.mp4,0.0711,0.0,1.62,8.82,0,1
d_104.mp4,0.2413,0.0,1.17,7.63,0,1
d_104.mp4,0.2755,0.0,1.2,6.02,0,1
d_104.mp4,0.267,0.0,0.8,5.99,0,1
d_104.mp4,0.2704,0.0,1.11,5.85,0,1
d_104.mp4,0.2755,0.0,1.39,5.04,0,1
d_104.mp4,0.2685,0.0,1.16,5.29,0,1
d_104.mp4,0.2777,0.0,0.9,5.05,0,1
d_104.mp4,0.2781,0.0,0.53,4.99,0,1
d_104.mp4,0.2726,0.0192,1.04,5.12,0,1
d_104.mp4,0.2625,0.0,1.01,4.78,0,1
d_104.mp4,0.2741,0.0196,1.1,4.68,0,1
d_104.mp4,0.2869,0.0,1.06,4.55,0,1
d_104.mp4,0.2733,0.0,1.13,4.82,0,1
d_104.mp4,0.278,0.0,0.84,4.38,0,1
d_104.mp4,0.2906,0.0,0.71,4.66,0,1
d_104.mp4,0.2718,0.0,0.64,4.43,0,1
d_104.mp4,0.2743,0.0,0.98,4.7,0,1
d_104.mp4,0.2714,0.0196,0.4,4.24,0,1
d_104.mp4,0.2879,0.0277,0.96,4.29,0,1
d_104.mp4,0.286,0.0196,0.68,4.64,0,1
d_104.mp4,0.2736,0.0,0.94,4.43,0,1
d_104.mp4,0.2705,0.0,0.43,4.6,0,1
d_104.mp4,0.3132,0.0272,0.58,4.38,0,1
d_104.mp4,0.2857,0.0,1.15,4.93,0,1
d_104.mp4,0.2843,0.0,1.19,4.12,0,1
d_104.mp4,0.2615,0.0,1.11,4.86,0,1
d_104.mp4,0.283,0.0196,1.57,4.44,0,1
d_104.mp4,0.2674,0.0,1.06,4.74,0,1
d_104.mp4,0.3036,0.0,1.14,4.65,0,1
d_104.mp4,0.2755,0.0,0.91,4.1,0,1
d_104.mp4,0.2886,0.0,0.78,4.38,0,1
d_104.mp4,0.2574,0.0,0.64,4.03,0,1
d_104.mp4,0.2793,0.0192,0.9,4.22,0,1
d_104.mp4,0.2659,0.0,1.25,4.42,0,1
d_104.mp4,0.25,0.0,1.11,3.99,0,1
d_104.mp4,0.2962,0.0,0.33,4.06,0,1
d_104.mp4,0.299,0.0,0.34,4.09,0,1
d_104.mp4,0.2946,0.0,0.35,3.44,0,1
d_104.mp4,0.2821,0.0,0.87,3.37,0,1
d_104.mp4,0.2633,0.0191,0.75,3.37,0,1
d_104.mp4,0.2744,0.0188,0.8,2.94,0,1
d_104.mp4,0.2803,0.0,0.87,2.99,0,1
d_104.mp4,0.2766,0.0188,0.73,3.15,0,1
d_104.mp4,0.2926,0.0,0.78,3.54,0,1
d_104.mp4,0.2763,0.0,0.61,3.16,0,1
d_104.mp4,0.2926,0.0191,1.01,2.81,0,1
d_104.mp4,0.2898,0.0,0.74,3.28,0,1
d_104.mp4,0.2988,0.0188,0.68,3.72,0,1
d_104.mp4,0.2876,0.0,1.11,3.06,0,1
d_104.mp4,0.2757,0.0,0.33,3.55,0,1
d_104.mp4,0.2714,0.0,0.38,3.64,0,1
d_104.mp4,0.3024,0.0,0.98,3.8,0,1
d_105.mp4,0.2845,0.0,1.26,3.96,0,1
d_105.mp4,0.3007,0.0,0.89,3.82,0,1
d_105.mp4,0.2943,0.0,0.74,4.14,0,1
d_105.mp4,0.2775,0.0,0.54,3.99,0,1
d_105.mp4,0.2824,0.0,0.97,4.46,0,1
d_105.mp4,0.281,0.0,1.33,3.86,0,1
d_105.mp4,0.2759,0.0,0.62,3.99,0,1
d_105.mp4,0.279,0.0,1.0,3.93,0,1
d_105.mp4,0.2877,0.0,0.4,4.09,0,1
d_105.mp4,0.2917,0.0,0.89,4.56,0,1
d_105.mp4,0.2722,0.0,0.6,3.86,0,1
d_105.mp4,0.2747,0.0,0.22,4.03,0,1
d_105.mp4,0.286,0.0,0.32,4.55,0,1
d_105.mp4,0.2747,0.0,0.32,4.06,0,1
d_105.mp4,0.2846,0.0,0.87,4.32,0,1
d_105.mp4,0.2847,0.0,1.04,4.48,0,1
d_105.mp4,0.2867,0.0,1.12,4.23,0,1
d_105.mp4,0.2769,0.0,0.77,4.01,0,1
d_105.mp4,0.2917,0.0,1.59,4.39,0,1
d_105.mp4,0.3076,0.0,0.86,4.56,0,1
d_105.mp4,0.2708,0.0192,0.72,4.46,0,1
d_105.mp4,0.2565,0.0192,0.53,4.37,0,1
d_105.mp4,0.2828,0.0,0.95,4.41,0,1
d_105.mp4,0.2723,0.0196,0.62,4.65,0,1
d_105.mp4,0.2752,0.0,0.46,4.54,0,1
d_105.mp4,0.2953,0.0,0.08,4.27,0,1
d_105.mp4,0.3011,0.0,0.11,4.03,0,1
d_105.mp4,0.2752,0.0,0.45,4.79,0,1
d_105.mp4,0.2668,0.0,1.1,4.05,0,1
d_105.mp4,0.2909,0.0,0.25,4.63,0,1
d_105.mp4,0.2968,0.0,-0.4,4.65,0,1
d_105.mp4,0.3038,0.0,-0.04,4.53,0,1
d_105.mp4,0.2856,0.0,0.47,4.92,0,1
d_105.mp4,0.3138,0.0192,0.36,4.81,0,1
d_105.mp4,0.2739,0.02,0.04,4.71,0,1
d_105.mp4,0.2899,0.02,0.5,5.04,0,1
d_105.mp4,0.306,0.0,0.71,4.81,0,1
d_105.mp4,0.2883,0.0,0.48,4.89,0,1
d_105.mp4,0.277,0.0196,0.84,5.03,0,1
d_105.mp4,0.2867,0.0,0.04,4.91,0,1
d_105.mp4,0.2965,0.0,0.71,5.18,0,1
d_105.mp4,0.2834,0.0,0.48,5.44,0,1
d_105.mp4,0.2196,0.0,1.1,5.1,0,1
d_105.mp4,0.1329,0.0,0.44,4.96,0,1
d_105.mp4,0.0446,0.0,0.88,4.95,0,1
d_105.mp4,0.0871,0.0,0.72,5.33,0,1
d_105.mp4,0.1964,0.0,0.96,4.7,0,1
d_105.mp4,0.2687,0.0,1.59,5.25,0,1
d_105.mp4,0.25,0.0,1.26,4.81,0,1
d_105.mp4,0.2585,0.0,1.03,4.75,0,1
d_105.mp4,0.2087,0.0,0.69,5.29,0,1
d_105.mp4,0.0579,0.0204,1.18,5.2,0,1
d_105.mp4,0.0671,0.0,0.64,5.47,0,1
d_105.mp4,0.1419,0.0,1.34,5.19,0,1
d_105.mp4,0.2582,0.0,0.97,5.05,0,1
d_105.mp4,0.2744,0.0,0.74,5.42,0,1
d_105.mp4,0.2883,0.0,0.87,5.69,0,1
d_105.mp4,0.293,0.0,1.33,5.54,0,1
d_105.mp4,0.2772,0.0,1.14,5.13,0,1
d_105.mp4,0.2866,0.0,1.07,5.43,0,1
d_105.mp4,0.2776,0.0204,0.72,4.91,0,1
d_105.mp4,0.2834,0.0,0.8,5.2,0,1
d_105.mp4,0.2742,0.0,1.12,4.86,0,1
d_105.mp4,0.2848,0.0,1.07,5.36,0,1
d_105.mp4,0.2844,0.0,0.14,5.16,0,1
d_105.mp4,0.2899,0.0192,0.67,4.73,0,1
d_105.mp4,0.2804,0.0,0.52,4.73,0,1
d_105.mp4,0.2672,0.0,0.78,5.32,0,1
d_105.mp4,0.2762,0.02,0.48,4.91,0,1
d_105.mp4,0.2952,0.0,0.43,5.03,0,1
d_105.mp4,0.2894,0.0,1.12,5.12,0,1
d_105.mp4,0.2775,0.0,0.96,4.74,0,1
d_105.mp4,0.2586,0.02,0.47,4.8,0,1
d_105.mp4,0.2772,0.0,0.63,4.65,0,1
d_105.mp4,0.2598,0.0,0.87,5.29,0,1
d_105.mp4,0.2562,0.0192,0.85,4.52,0,1
d_105.mp4,0.2291,0.0,0.46,4.87,0,1
d_105.mp4,0.2223,0.0,0.9,4.65,0,1
d_105.mp4,0.2281,0.0,0.63,4.61,0,1
d_105.mp4,0.2326,0.0,0.25,4.86,0,1
d_105.mp4,0.2311,0.0196,0.59,4.81,0,1
d_105.mp4,0.1179,0.0,0.48,4.56,0,1
d_105.mp4,0.071,0.0,-0.0,5.08,0,1
d_105.mp4,0.1705,0.0,-0.49,6.08,0,1
d_105.mp4,0.2873,0.0,0.43,7.2,0,1
d_105.mp4,0.3114,0.0,0.24,8.58,0,1
d_105.mp4,0.3216,0.0,0.53,9.64,0,1
d_105.mp4,0.3105,0.0204,0.42,10.34,0,1
d_105.mp4,0.3257,0.0,0.57,10.2,0,1
d_105.mp4,0.2028,0.0,0.48,10.01,0,1
d_105.mp4,0.1578,0.0,1.12,10.09,0,1
d_105.mp4,0.2641,0.0,1.14,9.11,0,1
d_105.mp4,0.276,0.0208,0.32,9.04,0,1
d_105.mp4,0.2793,0.0,1.35,7.93,0,1
d_105.mp4,0.2543,0.0,0.53,7.75,0,1
d_105.mp4,0.2173,0.0,0.8,6.76,0,1
d_105.mp4,0.2227,0.0,0.15,6.92,0,1
d_105.mp4,0.2124,0.0,-0.22,6.0,0,1
d_105.mp4,0.2159,0.0204,0.12,5.77,0,1
d_105.mp4,0.2372,0.0,0.13,5.89,0,1
d_105.mp4,0.2197,0.0,0.39,5.59,0,1
d_105.mp4,0.0914,0.0,-0.37,5.68,0,1
d_105.mp4,0.227,0.0,-0.56,5.73,0,1
d_105.mp4,0.2447,0.0,0.23,5.31,0,1
d_105.mp4,0.2747,0.0,0.17,5.25,0,1
d_105.mp4,0.2708,0.0196,-0.24,5.45,0,1
d_105.mp4,0.2869,0.0,-0.75,5.52,0,1
d_105.mp4,0.2724,0.0196,0.44,5.12,0,1
d_105.mp4,0.2657,0.0,-0.17,5.29,0,1
d_105.mp4,0.2704,0.0,0.7,5.44,0,1
d_105.mp4,0.2975,0.0,0.96,5.34,0,1
d_105.mp4,0.2833,0.0,0.79,5.88,0,1
d_105.mp4,0.2596,0.0,0.52,5.8,0,1
d_105.mp4,0.2932,0.0,0.86,5.63,0,1
d_105.mp4,0.2808,0.0,0.44,5.69,0,1
d_105.mp4,0.2767,0.0,0.7,5.83,0,1
d_105.mp4,0.2898,0.0,0.52,5.79,0,1
d_105.mp4,0.2672,0.0,0.57,5.82,0,1
d_105.mp4,0.2566,0.02,0.66,5.79,0,1
d_105.mp4,0.2346,0.0,0.53,6.17,0,1
d_105.mp4,0.0508,0.0,0.53,5.78,0,1
d_105.mp4,0.0599,0.0,0.38,5.66,0,1
d_105.mp4,0.0437,0.0,-0.11,5.98,0,1
d_105.mp4,0.2208,0.0204,0.38,5.6,0,1
d_105.mp4,0.2559,0.0,0.66,5.86,0,1
d_108.mp4,0.291,0.0,1.49,4.71,0,1
d_108.mp4,0.2673,0.0,1.73,4.42,0,1
d_108.mp4,0.2886,0.0,1.26,4.62,0,1
d_108.mp4,0.2848,0.0,1.07,4.62,0,1
d_108.mp4,0.2792,0.0,0.79,4.65,0,1
d_108.mp4,0.2699,0.0,0.75,4.95,0,1
d_108.mp4,0.2827,0.0204,0.77,4.73,0,1
d_108.mp4,0.2633,0.0204,0.71,4.83,0,1
d_108.mp4,0.1348,0.0,0.93,4.93,0,1
d_108.mp4,0.194,0.0,0.91,5.09,0,1
d_108.mp4,0.2651,0.02,0.72,4.84,0,1
d_108.mp4,0.2592,0.0,1.18,4.75,0,1
d_108.mp4,0.2745,0.0,1.35,4.9,0,1
d_108.mp4,0.2853,0.0,1.58,4.9,0,1
d_108.mp4,0.2814,0.0,0.9,4.74,0,1
d_108.mp4,0.2955,0.0,0.91,5.11,0,1
d_108.mp4,0.2689,0.0,0.93,4.96,0,1
d_108.mp4,0.2676,0.02,1.15,4.89,0,1
d_108.mp4,0.2564,0.0,1.17,5.13,0,1
d_108.mp4,0.2834,0.02,0.84,5.17,0,1
d_108.mp4,0.2722,0.0,0.96,4.81,0,1
d_108.mp4,0.2657,0.0204,0.68,5.18,0,1
d_108.mp4,0.2657,0.0,1.3,5.08,0,1
d_108.mp4,0.2896,0.0204,1.04,4.59,0,1
d_108.mp4,0.2762,0.02,0.87,5.02,0,1
d_108.mp4,0.2698,0.0,1.28,4.87,0,1
d_108.mp4,0.2692,0.0,1.13,4.34,0,1
d_108.mp4,0.2603,0.0,0.7,4.44,0,1
d_108.mp4,0.2625,0.0196,1.41,4.79,0,1
d_108.mp4,0.2529,0.0,1.47,4.62,0,1
d_108.mp4,0.2588,0.0,1.01,4.63,0,1
d_108.mp4,0.274,0.0,1.97,4.81,0,1
d_108.mp4,0.2943,0.0,0.9,4.64,0,1
d_108.mp4,0.285,0.0,1.19,4.84,0,1
d_108.mp4,0.2912,0.0,1.19,4.76,0,1
d_108.mp4,0.3037,0.0,1.0,4.67,0,1
d_108.mp4,0.2849,0.0,0.88,4.57,0,1
d_108.mp4,0.2653,0.0,0.87,4.82,0,1
d_108.mp4,0.2761,0.0,1.05,4.26,0,1
d_108.mp4,0.2803,0.0196,1.14,4.5,0,1
d_108.mp4,0.2963,0.02,1.41,4.68,0,1
d_108.mp4,0.2975,0.0,1.19,4.55,0,1
d_108.mp4,0.2715,0.0,1.93,4.8,0,1
d_108.mp4,0.2947,0.0,1.88,4.92,0,1
d_108.mp4,0.2677,0.0,1.23,4.6,0,1
d_108.mp4,0.2963,0.0,1.79,4.72,0,1
d_108.mp4,0.2777,0.0,2.1,4.43,0,1
d_108.mp4,0.2635,0.0,1.45,4.43,0,1
d_108.mp4,0.2805,0.0,1.65,4.26,0,1
d_108.mp4,0.2886,0.0,1.66,4.56,0,1
d_108.mp4,0.2929,0.0204,1.38,4.81,0,1
d_108.mp4,0.2781,0.0,1.54,4.77,0,1
d_108.mp4,0.2723,0.02,1.74,4.81,0,1
d_108.mp4,0.2555,0.0,1.85,5.05,0,1
d_108.mp4,0.102,0.02,1.29,4.64,0,1
d_108.mp4,0.0564,0.0,1.38,4.86,0,1
d_108.mp4,0.2236,0.0,1.48,4.88,0,1
d_108.mp4,0.2573,0.0,1.55,5.27,0,1
d_108.mp4,0.2577,0.02,1.29,4.44,0,1
d_108.mp4,0.2752,0.0,1.68,5.17,0,1
d_108.mp4,0.2654,0.0,1.73,5.0,0,1
d_108.mp4,0.2495,0.0,1.57,4.7,0,1
d_108.mp4,0.2644,0.0,1.55,4.81,0,1
d_108.mp4,0.2835,0.0,2.12,5.07,0,1
d_108.mp4,0.2692,0.0,1.65,4.61,0,1
d_108.mp4,0.2755,0.0,1.81,4.41,0,1
d_108.mp4,0.2645,0.0192,1.8,4.62,0,1
d_108.mp4,0.2748,0.0,1.48,4.92,0,1
d_108.mp4,0.2756,0.0192,1.5,4.52,0,1
d_108.mp4,0.2605,0.0,1.1,4.49,0,1
d_108.mp4,0.266,0.0,1.15,4.42,0,1
d_108.mp4,0.2655,0.0,1.44,4.49,0,1
d_108.mp4,0.2553,0.0,1.27,4.4,1,1
d_108.mp4,0.2693,0.0196,1.16,4.45,0,1
d_108.mp4,0.2651,0.02,0.58,4.27,0,1
d_108.mp4,0.2686,0.0196,0.9,4.76,0,1
d_108.mp4,0.2694,0.0,1.08,4.5,0,1
d_108.mp4,0.2754,0.0,1.01,4.85,0,1
d_108.mp4,0.24,0.02,0.74,4.61,0,1
d_108.mp4,0.075,0.0,0.31,4.56,0,1
d_108.mp4,0.1485,0.0,0.72,3.72,0,1
d_108.mp4,0.2823,0.0,1.04,2.05,0,1
d_108.mp4,0.3203,0.0,1.23,1.05,0,1
d_108.mp4,0.2949,0.0,1.22,0.81,0,1
d_108.mp4,0.2065,0.0,1.2,1.14,0,1
d_108.mp4,0.057,0.0,1.66,1.53,0,1
d_108.mp4,0.1573,0.0,1.73,2.64,0,1
d_108.mp4,0.2313,0.0192,1.41,3.39,0,1
d_108.mp4,0.2774,0.0,1.12,3.94,0,1
d_108.mp4,0.251,0.0,1.3,4.38,0,1
d_108.mp4,0.2653,0.0,1.03,4.07,0,1
d_108.mp4,0.259,0.0,1.08,4.91,0,1
d_108.mp4,0.2515,0.0196,1.19,4.14,0,1
d_108.mp4,0.2869,0.0,0.85,4.31,0,1
d_108.mp4,0.2549,0.0,0.72,4.47,0,1
d_108.mp4,0.2902,0.0196,0.56,4.63,0,1
d_108.mp4,0.2773,0.0,0.85,4.63,0,1
d_108.mp4,0.2762,0.0,1.0,4.4,0,1
d_108.mp4,0.2774,0.0196,1.1,4.48,0,1
d_108.mp4,0.2677,0.0,1.59,4.86,0,1
d_108.mp4,0.2809,0.02,1.4,4.56,0,1
d_108.mp4,0.2545,0.0,1.22,5.13,0,1
d_108.mp4,0.2834,0.0,1.52,4.72,0,1
d_108.mp4,0.277,0.0204,1.24,4.54,0,1
d_108.mp4,0.2928,0.0,0.88,5.17,0,1
d_108.mp4,0.2608,0.0,1.13,4.62,0,1
d_108.mp4,0.3136,0.0,1.14,5.14,0,1
d_108.mp4,0.2928,0.0,1.19,4.8,0,1
d_108.mp4,0.2987,0.0204,1.16,5.54,0,1
d_108.mp4,0.1309,0.0,0.8,5.32,0,1
d_108.mp4,0.0742,0.0,0.81,5.08,0,1
d_108.mp4,0.1745,0.0,0.86,5.04,0,1
d_108.mp4,0.2431,0.0,0.8,5.0,0,1
d_108.mp4,0.2726,0.0,1.03,5.66,0,1
d_108.mp4,0.255,0.0,1.04,5.28,0,1
d_108.mp4,0.2636,0.0,0.95,5.22,0,1
d_108.mp4,0.2757,0.0,0.79,5.2,0,1
d_108.mp4,0.2828,0.0,0.75,5.15,0,1
d_108.mp4,0.2848,0.0,0.53,5.42,0,1
d_108.mp4,0.2671,0.02,1.0,5.32,0,1
d_108.mp4,0.2654,0.0,1.18,5.35,0,1
d_108.mp4,0.2845,0.0,1.34,5.18,0,1
d_108.mp4,0.2658,0.0,1.01,5.16,0,1
d_108.mp4,0.2709,0.0,1.59,4.91,0,1
d_108.mp4,0.2718,0.0,1.05,5.01,0,1
d_112.mp4,0.2806,0.0,2.4,6.39,0,1
d_112.mp4,0.2859,0.0,0.85,5.19,0,1
d_112.mp4,0.2767,0.02,0.87,4.86,0,1
d_112.mp4,0.2878,0.0192,1.33,4.78,0,1
d_112.mp4,0.2704,0.0,1.22,4.24,0,1
d_112.mp4,0.2834,0.0,1.01,4.45,0,1
d_112.mp4,0.2697,0.0,2.04,4.41,0,1
d_112.mp4,0.2556,0.0,1.06,4.44,0,1
d_112.mp4,0.2926,0.0,1.22,3.96,0,1
d_112.mp4,0.2723,0.0192,1.71,3.85,0,1
d_112.mp4,0.2781,0.0,0.89,4.44,0,1
d_112.mp4,0.2788,0.0,1.05,4.04,0,1
d_112.mp4,0.2673,0.0,0.96,3.73,0,1
d_112.mp4,0.2611,0.0,0.47,3.79,0,1
d_112.mp4,0.3066,0.0,0.6,4.24,0,1
d_112.mp4,0.2819,0.0,1.02,3.89,0,1
d_112.mp4,0.2766,0.0192,0.47,3.73,0,1
d_112.mp4,0.2837,0.0,0.62,3.67,0,1
d_112.mp4,0.2971,0.0,1.2,3.88,0,1
d_112.mp4,0.2984,0.0,0.98,4.04,0,1
d_112.mp4,0.2798,0.0,0.68,3.72,0,1
d_112.mp4,0.2928,0.0,0.72,3.95,0,1
d_112.mp4,0.2698,0.0,0.94,3.77,0,1
d_112.mp4,0.2846,0.0,0.76,4.03,0,1
d_112.mp4,0.2715,0.0,0.76,3.74,0,1
d_112.mp4,0.3036,0.0192,0.68,3.76,0,1
d_112.mp4,0.2632,0.0,0.96,3.42,0,1
d_112.mp4,0.2823,0.0,0.58,3.74,0,1
d_112.mp4,0.2759,0.0,0.83,4.17,0,1
d_112.mp4,0.2626,0.0188,0.52,4.07,0,1
d_112.mp4,0.2776,0.0189,0.69,3.45,0,1
d_112.mp4,0.2796,0.0,0.4,3.81,0,1
d_112.mp4,0.2748,0.0192,0.93,4.23,0,1
d_112.mp4,0.2889,0.0,0.66,4.23,0,1
d_112.mp4,0.2752,0.0192,0.65,3.78,0,1
d_112.mp4,0.2676,0.0189,0.44,3.81,0,1
d_112.mp4,0.2752,0.0,0.38,4.25,0,1
d_112.mp4,0.2521,0.0,0.6,3.74,0,1
d_112.mp4,0.259,0.0,0.65,4.08,0,1
d_112.mp4,0.2695,0.0,0.65,3.91,0,1
d_112.mp4,0.2584,0.0,0.62,3.69,0,1
d_112.mp4,0.2975,0.0,0.69,4.22,0,1
d_112.mp4,0.2761,0.0,0.59,4.06,0,1
d_112.mp4,0.2789,0.0,0.81,4.08,0,1
d_112.mp4,0.1921,0.0,0.67,4.26,0,1
d_112.mp4,0.1396,0.0,0.66,4.02,0,1
d_112.mp4,0.1842,0.0196,1.08,4.52,0,1
d_112.mp4,0.2607,0.0,0.51,4.13,0,1
d_112.mp4,0.2734,0.0,0.71,4.26,0,1
d_112.mp4,0.2561,0.0192,0.73,4.14,0,1
d_112.mp4,0.2608,0.0,1.19,4.19,0,1
d_112.mp4,0.2648,0.0196,0.85,3.84,0,1
d_112.mp4,0.2438,0.0,0.84,4.13,0,1
d_112.mp4,0.2651,0.0,1.11,4.04,0,1
d_112.mp4,0.2579,0.0,0.94,4.02,0,1
d_112.mp4,0.2395,0.0,0.79,3.79,0,1
d_112.mp4,0.2629,0.0,1.15,4.23,0,1
d_112.mp4,0.2659,0.0,1.29,3.8,0,1
d_112.mp4,0.266,0.0,0.94,4.19,0,1
d_112.mp4,0.28,0.0,1.54,4.56,0,1
d_112.mp4,0.2655,0.0,1.55,4.4,0,1
d_112.mp4,0.2514,0.0189,1.53,4.07,0,1
d_112.mp4,0.261,0.0,0.95,4.47,0,1
d_112.mp4,0.2587,0.0196,1.79,4.66,0,1
d_112.mp4,0.2636,0.0,1.09,4.47,0,1
d_112.mp4,0.2754,0.0,0.95,4.61,0,1
d_112.mp4,0.2496,0.0,1.21,4.6,0,1
d_112.mp4,0.2606,0.0,0.74,4.38,0,1
d_112.mp4,0.267,0.0,0.71,4.46,0,1
d_112.mp4,0.2789,0.0,0.6,4.2,0,1
d_112.mp4,0.2785,0.0,0.92,4.38,0,1
d_112.mp4,0.2613,0.0,0.22,4.26,0,1
d_112.mp4,0.2635,0.0,0.5,4.09,0,1
d_112.mp4,0.2622,0.0,0.96,4.45,0,1
d_112.mp4,0.2783,0.0,1.01,4.69,0,1
d_112.mp4,0.2741,0.0189,0.99,4.53,0,1
d_112.mp4,0.2602,0.0,1.16,4.15,0,1
d_112.mp4,0.2697,0.0,0.52,4.79,0,1
d_112.mp4,0.2628,0.0,1.3,4.43,0,1
d_112.mp4,0.2765,0.0192,1.29,4.78,0,1
d_112.mp4,0.2523,0.0,0.98,4.41,0,1
d_112.mp4,0.2833,0.0,1.2,4.27,0,1
d_112.mp4,0.2694,0.0192,0.82,4.92,0,1
d_112.mp4,0.2738,0.0,1.15,4.88,0,1
d_112.mp4,0.2712,0.0189,0.88,4.52,0,1
d_112.mp4,0.2707,0.0,0.77,4.34,0,1
d_112.mp4,0.2041,0.0,0.59,5.06,0,1
d_112.mp4,0.1511,0.0189,0.67,4.69,0,1
d_112.mp4,0.1405,0.0,0.65,4.71,0,1
d_112.mp4,0.2371,0.0,0.91,4.76,0,1
d_112.mp4,0.2776,0.0,1.28,5.12,0,1
d_112.mp4,0.2605,0.0,1.28,5.08,0,1
d_112.mp4,0.2578,0.0,0.7,4.53,0,1
d_112.mp4,0.2589,0.0,0.76,4.74,0,1
d_112.mp4,0.2795,0.0,1.35,5.18,0,1
d_112.mp4,0.2613,0.0,0.97,4.67,0,1
d_112.mp4,0.2457,0.0,0.51,5.0,0,1
d_112.mp4,0.2534,0.02,0.74,4.87,0,1
d_112.mp4,0.2672,0.0,1.09,5.08,0,1
d_112.mp4,0.269,0.0,0.83,5.17,0,1
d_112.mp4,0.2817,0.0,0.59,4.66,0,1
d_112.mp4,0.2728,0.0192,0.23,5.23,0,1
d_112.mp4,0.2763,0.0196,0.93,5.16,0,1
d_112.mp4,0.2745,0.0,1.36,5.16,0,1
d_112.mp4,0.2836,0.0,1.08,4.49,0,1
d_112.mp4,0.2541,0.02,0.91,4.77,0,1
d_112.mp4,0.2839,0.0,0.73,4.63,0,1
d_112.mp4,0.2859,0.0192,0.86,5.3,0,1
d_112.mp4,0.2699,0.0,0.49,4.6,0,1
d_112.mp4,0.2542,0.0196,0.25,4.46,0,1
d_112.mp4,0.2723,0.0,0.47,4.47,0,1
d_112.mp4,0.2732,0.0196,0.43,4.47,0,1
d_112.mp4,0.262,0.0,0.81,4.15,0,1
d_112.mp4,0.2593,0.0,1.28,3.84,0,1
d_112.mp4,0.2492,0.0,1.45,4.44,0,1
d_112.mp4,0.276,0.0,1.41,4.54,0,1
d_112.mp4,0.2816,0.0,1.35,4.57,0,1
d_112.mp4,0.2635,0.0,1.3,4.32,0,1
d_112.mp4,0.2798,0.0,2.0,4.03,0,1
d_112.mp4,0.2761,0.0196,1.39,4.8,0,1
d_112.mp4,0.2544,0.0,1.19,4.33,0,1
d_112.mp4,0.2494,0.0,1.24,4.23,0,1
d_112.mp4,0.2624,0.0192,1.99,4.72,0,1
d_112.mp4,0.2809,0.0196,1.42,4.55,0,1
d_112.mp4,0.2728,0.0,1.03,4.11,0,1
d_113.mp4,0.2689,0.0,1.3,5.14,0,1
d_113.mp4,0.2725,0.0192,0.82,4.84,0,1
d_113.mp4,0.2574,0.0,0.88,4.62,0,1
d_113.mp4,0.2714,0.0196,0.19,4.61,0,1
d_113.mp4,0.2453,0.0192,0.4,4.61,0,1
d_113.mp4,0.2558,0.0,0.63,4.43,0,1
d_113.mp4,0.2709,0.0196,0.11,4.62,0,1
d_113.mp4,0.2553,0.0,0.62,4.65,0,1
d_113.mp4,0.2694,0.0,0.35,4.12,0,1
d_113.mp4,0.2569,0.0,0.51,3.82,0,1
d_113.mp4,0.2594,0.0188,0.4,4.65,0,1
d_113.mp4,0.2543,0.0,0.67,4.05,0,1
d_113.mp4,0.2662,0.0,0.86,4.9,0,1
d_113.mp4,0.2507,0.0196,0.53,4.47,0,1
d_113.mp4,0.2828,0.0,0.44,4.67,0,1
d_113.mp4,0.2702,0.0,0.78,4.53,0,1
d_113.mp4,0.2891,0.0,0.85,4.92,0,1
d_113.mp4,0.2693,0.0,0.52,4.13,0,1
d_113.mp4,0.2692,0.02,0.22,4.68,0,1
d_113.mp4,0.2508,0.0195,0.69,4.66,0,1
d_113.mp4,0.276,0.0,0.89,4.74,0,1
d_113.mp4,0.2492,0.0,0.49,4.38,0,1
d_113.mp4,0.2558,0.0,1.17,4.85,0,1
d_113.mp4,0.2916,0.0,0.85,4.94,0,1
d_113.mp4,0.2711,0.0196,0.95,4.6,0,1
d_113.mp4,0.2546,0.0196,0.29,4.45,0,1
d_113.mp4,0.2661,0.0192,0.52,5.13,0,1
d_113.mp4,0.2827,0.0,0.7,4.86,0,1
d_113.mp4,0.2698,0.0,0.81,5.12,0,1
d_113.mp4,0.2677,0.0,0.63,5.01,0,1
d_113.mp4,0.221,0.0,1.04,4.97,0,1
d_113.mp4,0.1216,0.02,1.04,5.17,0,1
d_113.mp4,0.0491,0.0,0.73,4.64,0,1
d_113.mp4,0.0527,0.0,0.62,4.75,0,1
d_113.mp4,0.149,0.0,1.13,5.05,0,1
d_113.mp4,0.2244,0.0,1.27,4.74,0,1
d_113.mp4,0.2545,0.0,0.75,4.39,0,1
d_113.mp4,0.2621,0.0,1.06,5.11,0,1
d_113.mp4,0.2643,0.0,1.27,5.01,0,1
d_113.mp4,0.2632,0.02,0.86,4.88,0,1
d_113.mp4,0.2613,0.0,0.69,5.04,0,1
d_113.mp4,0.2758,0.0196,0.56,5.2,0,1
d_113.mp4,0.2529,0.0,0.84,4.98,0,1
d_113.mp4,0.249,0.02,0.56,5.03,0,1
d_113.mp4,0.2614,0.0,0.67,4.82,0,1
d_113.mp4,0.2609,0.02,0.21,5.09,0,1
d_113.mp4,0.287,0.0,0.93,5.28,0,1
d_113.mp4,0.2675,0.0204,0.93,5.58,0,1
d_113.mp4,0.2571,0.0,1.23,4.8,0,1
d_113.mp4,0.257,0.0,1.15,5.34,0,1
d_113.mp4,0.2704,0.02,1.04,5.08,0,1
d_113.mp4,0.2523,0.0,0.62,5.13,0,1
d_113.mp4,0.2909,0.0,1.07,5.13,0,1
d_113.mp4,0.2732,0.0,1.34,5.14,0,1
d_113.mp4,0.2693,0.0,1.12,5.19,0,1
d_113.mp4,0.2724,0.0,0.74,5.38,0,1
d_113.mp4,0.2543,0.0196,1.26,5.15,0,1
d_113.mp4,0.2708,0.0,1.48,5.37,0,1
d_113.mp4,0.2675,0.0,1.24,5.13,0,1
d_113.mp4,0.2701,0.0,1.5,5.18,0,1
d_113.mp4,0.2682,0.0,1.29,5.17,0,1
d_113.mp4,0.284,0.0,1.1,4.93,0,1
d_113.mp4,0.2637,0.0,1.13,5.75,0,1
d_113.mp4,0.2704,0.02,1.19,5.29,0,1
d_113.mp4,0.2718,0.0196,0.79,5.57,0,1
d_113.mp4,0.2709,0.0,0.9,5.75,0,1
d_113.mp4,0.2558,0.0,1.13,5.58,0,1
d_113.mp4,0.2807,0.02,0.8,5.6,0,1
d_113.mp4,0.2659,0.0,0.65,5.34,0,1
d_113.mp4,0.2804,0.0,1.26,5.62,0,1
d_113.mp4,0.2753,0.0,0.96,5.4,0,1
d_113.mp4,0.2754,0.0204,0.84,5.47,0,1
d_113.mp4,0.2741,0.0,1.36,6.03,0,1
d_113.mp4,0.2717,0.0,0.84,5.35,0,1
d_113.mp4,0.2859,0.0,1.09,5.05,0,1
d_113.mp4,0.2742,0.0,1.34,5.39,0,1
d_113.mp4,0.2689,0.02,1.11,5.3,0,1
d_113.mp4,0.2617,0.0,0.85,4.94,0,1
d_113.mp4,0.2879,0.0,0.53,4.87,0,1
d_113.mp4,0.2767,0.0,0.28,5.23,0,1
d_113.mp4,0.2568,0.0,1.05,5.55,0,1
d_113.mp4,0.2579,0.0,0.89,5.22,0,1
d_113.mp4,0.2637,0.0196,1.12,4.71,0,1
d_113.mp4,0.2507,0.0,0.58,5.2,0,1
d_113.mp4,0.2443,0.0196,1.44,5.54,0,1
d_113.mp4,0.0475,0.0,0.91,6.03,0,1
d_113.mp4,0.0466,0.0,1.06,5.89,0,1
d_113.mp4,0.1534,0.0,1.03,8.62,0,1
d_113.mp4,0.2601,0.0,1.19,9.23,0,1
d_113.mp4,0.2805,0.0,0.79,11.15,0,1
d_113.mp4,0.3236,0.0,1.05,11.06,0,1
d_113.mp4,0.2956,0.0,0.11,11.64,0,1
d_113.mp4,0.2546,0.0,0.17,11.83,0,1
d_113.mp4,0.1505,0.0,0.23,11.52,0,1
d_113.mp4,0.0899,0.0,0.68,11.12,0,1
d_113.mp4,0.0491,0.0,0.63,10.21,0,1
d_113.mp4,0.0671,0.0,0.96,9.62,0,1
d_113.mp4,0.0307,0.0,0.53,8.17,1,1
d_113.mp4,0.1928,0.0,0.54,7.79,0,1
d_113.mp4,0.2618,0.0,0.83,7.68,0,1
d_113.mp4,0.2877,0.0,0.57,6.75,0,1
d_113.mp4,0.285,0.0,0.62,5.85,0,1
d_113.mp4,0.0648,0.0,0.74,5.72,1,1
d_113.mp4,0.0724,0.0,0.58,6.0,0,1
d_113.mp4,0.0508,0.0,0.3,5.23,1,1
d_113.mp4,0.2141,0.0,0.87,5.35,0,1
d_113.mp4,0.2639,0.0,0.37,5.37,0,1
d_113.mp4,0.2811,0.02,0.43,4.75,0,1
d_113.mp4,0.2979,0.0,0.63,4.91,0,1
d_113.mp4,0.2894,0.0,0.09,4.96,0,1
d_113.mp4,0.2773,0.0,0.75,4.35,0,1
d_113.mp4,0.2634,0.0,1.0,5.04,0,1
d_113.mp4,0.0374,0.0,0.15,5.09,1,1
d_113.mp4,0.0568,0.0,-0.11,4.45,1,1
d_113.mp4,0.061,0.0,-0.4,4.68,1,1
d_113.mp4,0.0475,0.0204,0.04,4.54,1,1
d_113.mp4,0.0552,0.0,-0.08,5.16,1,1
d_113.mp4,0.2394,0.0,0.05,4.93,0,1
d_113.mp4,0.2928,0.0,0.05,4.82,0,1
d_113.mp4,0.2674,0.0,0.22,4.68,0,1
d_113.mp4,0.2999,0.02,0.1,4.99,0,1
d_113.mp4,0.3064,0.0,-0.06,4.79,0,1
d_113.mp4,0.3105,0.0,0.56,4.32,0,1
d_113.mp4,0.2969,0.0204,0.28,4.39,0,1
d_113.mp4,0.3023,0.0,0.45,4.4,0,1
d_111.mp4,0.2733,0.0,1.52,3.71,0,1
d_111.mp4,0.2629,0.0,0.88,3.4,0,1
d_111.mp4,0.2534,0.0,0.76,3.19,0,1
d_111.mp4,0.259,0.0196,0.73,3.23,0,1
d_111.mp4,0.2946,0.0,1.15,3.58,0,1
d_111.mp4,0.2494,0.0188,0.93,3.62,0,1
d_111.mp4,0.2652,0.0,1.09,3.34,0,1
d_111.mp4,0.2538,0.0192,1.34,3.3,0,1
d_111.mp4,0.2557,0.0,1.11,3.29,0,1
d_111.mp4,0.2746,0.0,1.25,3.6,0,1
d_111.mp4,0.2743,0.0,1.03,3.61,0,1
d_111.mp4,0.2761,0.0,1.14,3.31,0,1
d_111.mp4,0.2592,0.0,1.22,3.02,0,1
d_111.mp4,0.2894,0.0,0.94,2.98,0,1
d_111.mp4,0.2762,0.0,1.45,3.39,0,1
d_111.mp4,0.2554,0.0,1.13,3.33,0,1
d_111.mp4,0.2696,0.0,1.13,3.44,0,1
d_111.mp4,0.2769,0.0192,0.93,3.28,0,1
d_111.mp4,0.2652,0.0,1.4,3.57,0,1
d_111.mp4,0.2564,0.0,1.23,3.33,0,1
d_111.mp4,0.2625,0.0,1.43,2.89,0,1
d_111.mp4,0.1686,0.0188,0.77,3.05,0,1
d_111.mp4,0.1327,0.0,0.88,3.23,0,1
d_111.mp4,0.2224,0.0195,1.12,1.8,0,1
d_111.mp4,0.2922,0.0,1.68,1.27,0,1
d_111.mp4,0.2988,0.0,1.4,-0.02,0,1
d_111.mp4,0.2857,0.0188,1.2,-0.37,0,1
d_111.mp4,0.291,0.0,1.71,-0.41,0,1
d_111.mp4,0.2569,0.0,1.68,-0.28,1,1
d_111.mp4,0.1485,0.0,1.29,0.02,0,1
d_111.mp4,0.0968,0.0,1.59,0.07,0,1
d_111.mp4,0.2399,0.0,0.85,0.84,0,1
d_111.mp4,0.2555,0.0188,1.49,1.4,0,1
d_111.mp4,0.2665,0.0188,1.78,1.43,0,1
d_111.mp4,0.2516,0.0,1.69,2.13,0,1
d_111.mp4,0.2632,0.0,1.63,1.94,0,1
d_111.mp4,0.2547,0.0,1.56,2.21,0,1
d_111.mp4,0.254,0.0185,1.4,2.51,0,1
d_111.mp4,0.2658,0.0,1.29,2.95,0,1
d_111.mp4,0.2701,0.0,1.45,2.61,0,1
d_111.mp4,0.2598,0.0,1.77,2.26,0,1
d_111.mp4,0.2561,0.0,1.53,2.43,0,1
d_111.mp4,0.2505,0.0,1.25,2.43,0,1
d_111.mp4,0.2512,0.0188,0.88,2.76,0,1
d_111.mp4,0.2496,0.0,1.26,2.54,0,1
d_111.mp4,0.2542,0.0185,1.15,2.64,0,1
d_111.mp4,0.2673,0.0,0.9,3.03,0,1
d_111.mp4,0.2597,0.0,1.09,2.55,0,1
d_111.mp4,0.2778,0.0195,1.08,2.48,0,1
d_111.mp4,0.2814,0.0,1.26,2.73,0,1
d_111.mp4,0.2536,0.0195,1.69,2.83,0,1
d_111.mp4,0.2583,0.0188,1.53,2.93,0,1
d_111.mp4,0.2458,0.0185,1.34,2.62,0,1
d_111.mp4,0.2829,0.0,1.78,2.96,0,1
d_111.mp4,0.2434,0.0192,1.76,3.03,0,1
d_111.mp4,0.2762,0.0,1.82,3.21,0,1
d_111.mp4,0.2593,0.0,2.05,3.36,0,1
d_111.mp4,0.2435,0.0192,1.61,3.08,0,1
d_111.mp4,0.2375,0.0,1.33,3.1,0,1
d_111.mp4,0.2507,0.0,1.31,3.12,0,1
d_111.mp4,0.2642,0.0,1.5,2.95,0,1
d_111.mp4,0.2548,0.0,1.31,2.79,0,1
d_111.mp4,0.2416,0.0,1.17,2.74,0,1
d_111.mp4,0.2582,0.0184,1.28,2.53,0,1
d_111.mp4,0.2573,0.0,1.56,2.66,0,1
d_111.mp4,0.2626,0.0,1.45,2.72,0,1
d_111.mp4,0.2561,0.0,1.33,2.34,0,1
d_111.mp4,0.27,0.0188,0.92,2.67,0,1
d_111.mp4,0.2583,0.0192,1.42,2.49,0,1
d_111.mp4,0.2805,0.0,1.23,2.41,0,1
d_111.mp4,0.2634,0.0,1.31,2.67,0,1
d_111.mp4,0.2926,0.0188,1.24,3.14,0,1
d_111.mp4,0.2714,0.0192,1.28,3.0,0,1
d_111.mp4,0.2788,0.0,1.73,2.99,0,1
d_111.mp4,0.2788,0.0,0.94,3.17,0,1
d_111.mp4,0.2683,0.0,1.06,3.22,0,1
d_111.mp4,0.2613,0.0,1.2,3.26,0,1
d_111.mp4,0.2817,0.0,1.1,3.23,0,1
d_111.mp4,0.2666,0.0,0.79,3.44,0,1
d_111.mp4,0.1322,0.0,0.73,3.62,0,1
d_111.mp4,0.0501,0.0,0.33,3.31,0,1
d_111.mp4,0.0368,0.0,1.26,3.87,0,1
d_111.mp4,0.1472,0.0,0.84,3.21,0,1
d_111.mp4,0.1689,0.0,0.87,3.2,0,1
d_111.mp4,0.1778,0.0192,1.15,3.71,0,1
d_111.mp4,0.1562,0.0196,0.89,3.53,0,1
d_111.mp4,0.0503,0.0185,0.46,3.67,0,1
d_111.mp4,0.0547,0.0,0.83,3.91,0,1
d_111.mp4,0.2143,0.0,1.14,3.82,0,1
d_111.mp4,0.2692,0.0196,0.91,4.07,0,1
d_111.mp4,0.2731,0.0192,0.86,3.88,0,1
d_111.mp4,0.2733,0.0,1.03,3.78,0,1
d_111.mp4,0.2707,0.0192,1.25,3.09,0,1
d_111.mp4,0.2714,0.0192,1.17,4.39,0,1
d_111.mp4,0.2703,0.0,0.72,3.66,0,1
d_111.mp4,0.2764,0.0,1.16,3.89,0,1
d_111.mp4,0.2734,0.0,1.17,3.35,0,1
d_111.mp4,0.2705,0.0,1.25,4.06,0,1
d_111.mp4,0.2671,0.0,1.36,4.13,0,1
d_111.mp4,0.2611,0.0,1.77,3.74,0,1
d_111.mp4,0.2629,0.0,1.08,4.02,0,1
d_111.mp4,0.2911,0.0,1.32,3.71,0,1
d_111.mp4,0.2688,0.0,1.13,4.07,0,1
d_111.mp4,0.2551,0.0,0.88,3.91,0,1
d_111.mp4,0.2751,0.0,1.76,3.55,0,1
d_111.mp4,0.2551,0.0,0.93,4.05,0,1
d_111.mp4,0.2719,0.0,0.97,4.38,0,1
d_111.mp4,0.2733,0.0,0.84,3.77,0,1
d_111.mp4,0.2459,0.0,0.72,3.73,0,1
d_111.mp4,0.2769,0.0196,0.92,3.72,0,1
d_111.mp4,0.2604,0.0192,0.46,4.07,0,1
d_111.mp4,0.1637,0.0,1.1,4.7,0,1
d_111.mp4,0.0636,0.0,1.2,4.69,0,1
d_111.mp4,0.0731,0.0,1.18,6.19,0,1
d_111.mp4,0.119,0.0,1.15,8.44,0,1
d_111.mp4,0.2202,0.0213,1.81,9.45,0,1
d_111.mp4,0.3078,0.0,1.65,10.87,0,1
d_111.mp4,0.2906,0.0,1.39,11.83,0,1
d_111.mp4,0.3002,0.0244,2.59,10.96,0,1
d_111.mp4,0.2685,0.0,1.59,11.56,0,1
d_111.mp4,0.0933,0.0,0.79,11.1,0,1
d_111.mp4,0.0475,0.0,0.79,10.02,0,1
d_111.mp4,0.0658,0.0204,0.85,8.09,0,1
d_111.mp4,0.2457,0.0,0.94,6.91,0,1
d_111.mp4,0.2634,0.0,1.28,5.93,0,1
d_107.mp4,0.293,0.02,2.48,4.82,0,1
d_107.mp4,0.3013,0.0,1.95,4.94,0,1
d_107.mp4,0.3021,0.0,1.68,4.45,0,1
d_107.mp4,0.2842,0.0,1.42,4.46,0,1
d_107.mp4,0.3105,0.0,1.42,4.22,0,1
d_107.mp4,0.2829,0.0,1.56,4.92,0,1
d_107.mp4,0.2732,0.02,1.19,4.28,0,1
d_107.mp4,0.2792,0.0,1.15,4.5,0,1
d_107.mp4,0.2856,0.0,1.63,4.94,0,1
d_107.mp4,0.2932,0.0,1.71,4.84,0,1
d_107.mp4,0.2872,0.0,1.6,4.49,0,1
d_107.mp4,0.2773,0.0,1.65,4.45,0,1
d_107.mp4,0.3091,0.0,1.19,4.34,0,1
d_107.mp4,0.2845,0.0,0.81,4.67,0,1
d_107.mp4,0.3036,0.02,1.62,4.42,0,1
d_107.mp4,0.262,0.0,1.63,4.5,0,1
d_107.mp4,0.3002,0.02,1.44,4.18,0,1
d_107.mp4,0.2967,0.0,1.24,4.24,0,1
d_107.mp4,0.2928,0.0,1.59,4.13,0,1
d_107.mp4,0.296,0.0,1.33,4.75,0,1
d_107.mp4,0.2711,0.02,1.27,4.32,0,1
d_107.mp4,0.1623,0.0,0.99,4.56,0,1
d_107.mp4,0.0579,0.02,1.01,5.31,0,1
d_107.mp4,0.0636,0.0204,1.33,5.89,0,1
d_107.mp4,0.1807,0.0208,1.38,6.39,0,1
d_107.mp4,0.2962,0.0204,1.32,7.81,0,1
d_107.mp4,0.2888,0.0213,1.27,9.8,0,1
d_107.mp4,0.3426,0.0,1.51,10.07,0,1
d_107.mp4,0.322,0.0227,1.62,10.54,0,1
d_107.mp4,0.3185,0.0,0.91,10.73,0,1
d_107.mp4,0.31,0.0217,0.88,10.66,0,1
d_107.mp4,0.1476,0.0,1.13,10.02,0,1
d_107.mp4,0.2535,0.0,1.06,9.66,0,1
d_107.mp4,0.2632,0.0,0.84,8.59,0,1
d_107.mp4,0.2897,0.0,1.25,7.88,0,1
d_107.mp4,0.2705,0.0,1.3,6.83,0,1
d_107.mp4,0.2743,0.0,0.86,6.34,0,1
d_107.mp4,0.2704,0.0204,0.91,6.06,0,1
d_107.mp4,0.264,0.0,1.37,5.68,0,1
d_107.mp4,0.2897,0.0,1.2,5.69,0,1
d_107.mp4,0.273,0.0,1.3,5.37,0,1
d_107.mp4,0.2738,0.0,1.73,5.08,0,1
d_107.mp4,0.2912,0.0,1.36,4.94,0,1
d_107.mp4,0.2767,0.0,1.54,4.92,0,1
d_107.mp4,0.2754,0.0,1.75,4.75,0,1
d_107.mp4,0.29,0.0,1.24,4.93,0,1
d_107.mp4,0.284,0.02,1.2,5.0,0,1
d_107.mp4,0.2779,0.0,0.97,4.96,0,1
d_107.mp4,0.291,0.0,1.3,4.48,0,1
d_107.mp4,0.278,0.0,1.14,4.46,0,1
d_107.mp4,0.2905,0.0,1.69,4.61,0,1
d_107.mp4,0.2902,0.0,1.42,4.16,0,1
d_107.mp4,0.2761,0.0,1.02,4.39,0,1
d_107.mp4,0.2675,0.0,1.87,4.55,0,1
d_107.mp4,0.2904,0.0196,1.43,4.37,0,1
d_107.mp4,0.308,0.0277,1.34,4.4,0,1
d_107.mp4,0.2733,0.0,1.19,4.68,0,1
d_107.mp4,0.2951,0.0196,1.73,4.66,0,1
d_107.mp4,0.2567,0.0,1.09,4.23,0,1
d_107.mp4,0.2766,0.0,1.3,4.33,0,1
d_107.mp4,0.2794,0.0,1.35,4.45,0,1
d_107.mp4,0.2723,0.0,1.26,4.45,0,1
d_107.mp4,0.278,0.0,1.64,4.69,0,1
d_107.mp4,0.2845,0.0,1.9,4.71,0,1
d_107.mp4,0.2733,0.0,1.43,4.61,0,1
d_107.mp4,0.2963,0.0,1.56,4.27,0,1
d_107.mp4,0.2914,0.0,2.0,4.54,0,1
d_107.mp4,0.2604,0.0,2.06,4.68,0,1
d_107.mp4,0.2756,0.0,1.78,4.3,0,1
d_107.mp4,0.2857,0.0,1.81,4.48,0,1
d_107.mp4,0.2873,0.0,1.78,4.43,0,1
d_107.mp4,0.2899,0.0,1.86,4.44,0,1
d_107.mp4,0.2858,0.0,1.93,5.2,0,1
d_107.mp4,0.2847,0.0,1.74,4.39,0,1
d_107.mp4,0.2893,0.0,1.65,4.56,0,1
d_107.mp4,0.2879,0.0,1.74,4.75,0,1
d_107.mp4,0.2946,0.0,1.33,4.8,0,1
d_107.mp4,0.2777,0.0,0.96,4.51,0,1
d_107.mp4,0.2694,0.0,1.88,4.57,0,1
d_107.mp4,0.2927,0.02,1.25,4.37,0,1
d_107.mp4,0.2944,0.0,1.51,4.24,0,1
d_107.mp4,0.3026,0.0,1.49,4.61,0,1
d_107.mp4,0.2911,0.0,1.76,4.29,0,1
d_107.mp4,0.3137,0.0196,1.46,4.94,0,1
d_107.mp4,0.2744,0.0,1.62,4.66,0,1
d_107.mp4,0.2898,0.0,1.64,4.42,0,1
d_107.mp4,0.2916,0.0,1.84,4.65,0,1
d_107.mp4,0.2755,0.0,1.63,4.55,0,1
d_107.mp4,0.2729,0.0196,1.37,4.12,0,1
d_107.mp4,0.2789,0.0,1.3,4.65,0,1
d_107.mp4,0.2808,0.0,2.09,4.68,0,1
d_107.mp4,0.2638,0.0,1.69,4.45,0,1
d_107.mp4,0.2456,0.0196,1.39,4.91,0,1
d_107.mp4,0.1018,0.02,1.53,5.89,0,1
d_107.mp4,0.2432,0.0,1.42,8.06,0,1
d_107.mp4,0.295,0.0,1.83,10.37,0,1
d_107.mp4,0.3143,0.0,1.1,11.31,0,1
d_107.mp4,0.3341,0.0,0.91,11.67,0,1
d_107.mp4,0.08,0.0,1.42,10.61,0,1
d_107.mp4,0.072,0.0222,-0.05,11.09,0,1
d_107.mp4,0.1111,0.0,1.38,9.65,0,1
d_107.mp4,0.2407,0.0,1.51,8.77,0,1
d_107.mp4,0.2623,0.0,1.07,7.58,0,1
d_107.mp4,0.2738,0.0204,1.31,6.54,0,1
d_107.mp4,0.2868,0.0,1.16,6.17,0,1
d_107.mp4,0.2001,0.02,0.64,5.44,0,1
d_107.mp4,0.0562,0.0,0.2,5.07,0,1
d_107.mp4,0.0575,0.0,0.45,4.98,1,1
d_107.mp4,0.0482,0.02,0.51,4.75,1,1
d_107.mp4,0.0454,0.0,0.38,4.66,0,1
d_107.mp4,0.0708,0.0,0.65,4.81,1,1
d_107.mp4,0.0651,0.0277,0.62,4.55,1,1
d_107.mp4,0.0618,0.0,0.46,4.66,1,1
d_107.mp4,0.2806,0.0204,0.26,4.59,0,1
d_107.mp4,0.2856,0.0,0.39,4.75,0,1
d_107.mp4,0.0544,0.0,-0.19,4.52,0,1
d_107.mp4,0.0538,0.0,0.3,4.78,0,1
d_107.mp4,0.2649,0.02,0.49,4.6,0,1
d_107.mp4,0.3105,0.0,0.35,4.34,0,1
d_107.mp4,0.2869,0.0,0.28,4.41,0,1
d_107.mp4,0.2968,0.0,1.21,4.43,0,1
d_107.mp4,0.2974,0.0,0.72,4.3,0,1
d_107.mp4,0.3021,0.0,0.69,4.27,0,1
d_107.mp4,0.2982,0.0,0.48,4.59,0,1
d_107.mp4,0.2828,0.0,1.19,4.73,0,1
d_114.mp4,0.2875,0.0,0.82,5.31,0,1
d_114.mp4,0.3008,0.0,0.91,4.61,0,1
d_114.mp4,0.2924,0.0,0.97,4.73,0,1
d_114.mp4,0.3012,0.0,0.72,5.07,0,1
d_114.mp4,0.2858,0.0204,0.68,4.91,0,1
d_114.mp4,0.3089,0.0,0.63,4.64,0,1
d_114.mp4,0.3009,0.0,0.68,4.72,0,1
d_114.mp4,0.3023,0.0,1.03,5.21,0,1
d_114.mp4,0.279,0.02,0.87,4.5,0,1
d_114.mp4,0.2826,0.0,0.64,4.71,0,1
d_114.mp4,0.298,0.0208,0.35,4.67,0,1
d_114.mp4,0.3008,0.0,0.64,4.9,0,1
d_114.mp4,0.2908,0.0204,1.04,4.51,0,1
d_114.mp4,0.3048,0.0,0.71,4.42,0,1
d_114.mp4,0.3003,0.0,0.33,4.34,0,1
d_114.mp4,0.1202,0.0,0.44,4.43,0,1
d_114.mp4,0.133,0.0,-0.02,4.96,0,1
d_114.mp4,0.1359,0.0,0.25,4.62,0,1
d_114.mp4,0.2589,0.0192,0.32,4.62,0,1
d_114.mp4,0.2848,0.0189,-0.03,4.85,0,1
d_114.mp4,0.2708,0.0,0.72,4.66,0,1
d_114.mp4,0.297,0.0192,0.56,4.73,0,1
d_114.mp4,0.2703,0.02,0.94,5.0,0,1
d_114.mp4,0.259,0.0196,0.56,4.51,0,1
d_114.mp4,0.2636,0.02,0.98,4.57,0,1
d_114.mp4,0.269,0.02,0.96,4.54,0,1
d_114.mp4,0.2684,0.0196,0.52,4.43,0,1
d_114.mp4,0.2707,0.0196,0.33,4.48,0,1
d_114.mp4,0.2828,0.0,0.29,4.51,0,1
d_114.mp4,0.2627,0.0,0.22,4.22,0,1
d_114.mp4,0.2775,0.0,-0.12,4.03,0,1
d_114.mp4,0.2733,0.0,0.0,4.71,0,1
d_114.mp4,0.2779,0.02,0.63,4.48,0,1
d_114.mp4,0.2863,0.0,0.33,4.6,0,1
d_114.mp4,0.2792,0.0,0.32,4.37,0,1
d_114.mp4,0.272,0.0,0.4,4.48,0,1
d_114.mp4,0.2864,0.0,0.94,4.66,0,1
d_114.mp4,0.2884,0.0,0.78,4.18,0,1
d_114.mp4,0.2821,0.0192,0.75,4.17,0,1
d_114.mp4,0.2848,0.0,0.71,4.49,0,1
d_114.mp4,0.2877,0.02,0.33,4.33,0,1
d_114.mp4,0.2677,0.0,0.68,4.44,0,1
d_114.mp4,0.2917,0.0,0.14,4.58,0,1
d_114.mp4,0.2789,0.0189,0.44,5.12,0,1
d_114.mp4,0.2782,0.0192,0.66,4.25,0,1
d_114.mp4,0.2559,0.0,0.16,4.6,0,1
d_114.mp4,0.2839,0.0,0.71,4.53,0,1
d_114.mp4,0.289,0.0,0.78,4.25,0,1
d_114.mp4,0.2739,0.0,0.36,4.07,0,1
d_114.mp4,0.2749,0.0,0.19,4.43,0,1
d_114.mp4,0.2566,0.0,0.39,4.04,0,1
d_114.mp4,0.2782,0.0196,0.55,3.84,0,1
d_114.mp4,0.2749,0.0,0.34,4.15,0,1
d_114.mp4,0.2641,0.0,0.62,4.52,0,1
d_114.mp4,0.2716,0.02,0.48,3.97,0,1
d_114.mp4,0.281,0.0,0.18,4.23,0,1
d_114.mp4,0.274,0.0,0.04,4.62,0,1
d_114.mp4,0.258,0.0,0.43,4.48,0,1
d_114.mp4,0.2903,0.0192,-0.15,4.79,0,1
d_114.mp4,0.2947,0.0,-0.16,4.43,0,1
d_114.mp4,0.2984,0.0,-0.13,4.62,0,1
d_114.mp4,0.2792,0.0192,0.09,4.0,0,1
d_114.mp4,0.2758,0.0,0.17,4.37,0,1
d_114.mp4,0.2816,0.0,0.53,4.4,0,1
d_114.mp4,0.2829,0.0,1.03,4.35,0,1
d_114.mp4,0.2801,0.0,1.11,4.3,0,1
d_114.mp4,0.2765,0.0,0.75,4.13,0,1
d_114.mp4,0.2897,0.0,0.91,3.99,0,1
d_114.mp4,0.2839,0.0192,1.24,4.04,0,1
d_114.mp4,0.2714,0.0,0.88,4.46,0,1
d_114.mp4,0.2675,0.0196,0.67,4.15,0,1
d_114.mp4,0.2567,0.0,0.51,4.21,0,1
d_114.mp4,0.2867,0.0,0.47,4.1,0,1
d_114.mp4,0.2709,0.0,1.03,4.59,0,1
d_114.mp4,0.2855,0.0,0.76,4.15,0,1
d_114.mp4,0.2722,0.0,0.53,4.12,0,1
d_114.mp4,0.2541,0.0,0.28,5.0,0,1
d_114.mp4,0.2545,0.0,0.24,6.11,0,1
d_114.mp4,0.3076,0.0,0.89,8.45,0,1
d_114.mp4,0.3093,0.0213,0.9,9.23,0,1
d_114.mp4,0.3114,0.0,1.11,10.31,0,1
d_114.mp4,0.3273,0.0,0.97,10.63,1,1
d_114.mp4,0.3504,0.0,0.71,10.52,0,1
d_114.mp4,0.3238,0.0,0.54,10.56,0,1
d_114.mp4,0.3195,0.0,0.92,10.99,0,1
d_114.mp4,0.2755,0.0,0.59,10.26,0,1
d_114.mp4,0.2301,0.0208,0.83,10.17,0,1
d_114.mp4,0.1528,0.0,0.33,9.33,0,1
d_114.mp4,0.1996,0.0,0.87,8.9,0,1
d_114.mp4,0.2478,0.0,0.77,8.26,0,1
d_114.mp4,0.2746,0.0,0.83,7.33,0,1
d_114.mp4,0.2596,0.0,1.27,6.38,0,1
d_114.mp4,0.254,0.0,1.55,6.23,0,1
d_114.mp4,0.2879,0.02,0.76,5.96,0,1
d_114.mp4,0.2736,0.0,1.16,5.62,0,1
d_114.mp4,0.2862,0.0,0.62,5.36,0,1
d_114.mp4,0.262,0.0,1.12,5.36,0,1
d_114.mp4,0.2854,0.0196,0.84,4.77,0,1
d_114.mp4,0.2863,0.0,0.06,5.13,0,1
d_114.mp4,0.2796,0.0,0.53,4.88,0,1
d_114.mp4,0.2935,0.0192,0.6,4.62,0,1
d_114.mp4,0.2836,0.0,0.43,4.61,0,1
d_114.mp4,0.2991,0.0192,0.65,4.18,0,1
d_114.mp4,0.2421,0.0,0.39,4.12,0,1
d_114.mp4,0.1434,0.0,0.04,4.26,0,1
d_114.mp4,0.1791,0.0188,0.36,3.53,0,1
d_114.mp4,0.3036,0.0,0.35,2.44,0,1
d_114.mp4,0.3065,0.0192,0.56,1.68,0,1
d_114.mp4,0.2128,0.0,0.41,1.78,0,1
d_114.mp4,0.0848,0.0192,0.35,2.28,0,1
d_114.mp4,0.086,0.0,0.08,2.68,0,1
d_114.mp4,0.2538,0.0,0.94,3.3,0,1
d_114.mp4,0.2465,0.0188,0.61,3.34,0,1
d_114.mp4,0.2669,0.0,0.67,3.69,0,1
d_114.mp4,0.2627,0.0,0.33,3.62,0,1
d_114.mp4,0.267,0.0188,0.19,4.08,0,1
d_114.mp4,0.2831,0.0189,0.44,4.34,0,1
d_114.mp4,0.2528,0.0192,0.96,4.75,0,1
d_114.mp4,0.2743,0.0,0.42,4.25,0,1
d_114.mp4,0.2578,0.0,0.16,4.85,0,1
d_114.mp4,0.2568,0.02,0.81,4.99,0,1
d_114.mp4,0.2809,0.02,0.64,5.1,0,1
d_114.mp4,0.2841,0.0,0.88,5.09,0,1
d_114.mp4,0.2724,0.0,0.76,4.99,0,1
d_114.mp4,0.2705,0.0,0.78,4.87,0,1
d_110.mp4,0.2703,0.0,1.53,4.51,0,1
d_110.mp4,0.282,0.0,1.04,4.7,0,1
d_110.mp4,0.2733,0.0,1.34,4.35,0,1
d_110.mp4,0.2616,0.0,1.62,4.63,0,1
d_110.mp4,0.2587,0.02,1.19,4.46,0,1
d_110.mp4,0.3032,0.0,1.62,4.29,0,1
d_110.mp4,0.2938,0.0,1.71,4.81,0,1
d_110.mp4,0.291,0.0,1.77,4.75,0,1
d_110.mp4,0.2741,0.0192,1.46,4.6,0,1
d_110.mp4,0.2876,0.02,1.46,4.81,0,1
d_110.mp4,0.2827,0.0,1.83,4.82,0,1
d_110.mp4,0.2831,0.0,1.67,4.47,0,1
d_110.mp4,0.2642,0.02,1.11,4.6,0,1
d_110.mp4,0.2792,0.0,1.48,4.8,0,1
d_110.mp4,0.2844,0.0,1.56,5.22,0,1
d_110.mp4,0.2714,0.0,1.47,4.95,0,1
d_110.mp4,0.2909,0.0,1.64,4.88,0,1
d_110.mp4,0.279,0.0,1.22,4.42,0,1
d_110.mp4,0.2889,0.0196,1.31,4.77,0,1
d_110.mp4,0.2774,0.0,1.17,4.98,0,1
d_110.mp4,0.233,0.0,1.17,4.88,0,1
d_110.mp4,0.0935,0.0,0.75,4.96,0,1
d_110.mp4,0.0466,0.0,0.56,4.76,0,1
d_110.mp4,0.0285,0.0,0.28,4.61,0,1
d_110.mp4,0.1886,0.0,1.19,4.99,0,1
d_110.mp4,0.2354,0.0,1.34,4.96,0,1
d_110.mp4,0.2603,0.0,1.29,4.47,0,1
d_110.mp4,0.2806,0.0,1.08,4.29,0,1
d_110.mp4,0.2571,0.0,1.4,5.1,0,1
d_110.mp4,0.2853,0.0,1.25,4.95,0,1
d_110.mp4,0.2437,0.0,0.95,4.86,0,1
d_110.mp4,0.2731,0.0,1.31,4.94,0,1
d_110.mp4,0.2523,0.0,1.2,4.73,0,1
d_110.mp4,0.282,0.0,1.55,4.73,0,1
d_110.mp4,0.2705,0.0,1.15,4.73,0,1
d_110.mp4,0.2749,0.0,1.13,4.18,0,1
d_110.mp4,0.2697,0.0,1.18,4.74,0,1
d_110.mp4,0.2587,0.0,1.05,5.06,0,1
d_110.mp4,0.2736,0.0,1.07,4.73,0,1
d_110.mp4,0.2783,0.0,1.34,4.84,0,1
d_110.mp4,0.2634,0.02,1.43,4.91,0,1
d_110.mp4,0.2889,0.0,1.18,5.04,0,1
d_110.mp4,0.2576,0.0,1.37,4.5,0,1
d_110.mp4,0.2535,0.0,1.26,4.91,0,1
d_110.mp4,0.2658,0.0,1.0,4.98,0,1
d_110.mp4,0.2657,0.0,1.39,5.05,0,1
d_110.mp4,0.2632,0.0277,1.45,4.44,0,1
d_110.mp4,0.2815,0.0,1.62,5.03,0,1
d_110.mp4,0.2783,0.0,1.99,4.89,0,1
d_110.mp4,0.2591,0.0,1.34,4.86,0,1
d_110.mp4,0.2846,0.0,1.74,5.03,0,1
d_110.mp4,0.2638,0.0,1.76,4.81,0,1
d_110.mp4,0.2744,0.0,1.6,4.87,0,1
d_110.mp4,0.2781,0.0,1.99,4.97,0,1
d_110.mp4,0.2904,0.0,1.72,5.06,0,1
d_110.mp4,0.2743,0.0,1.31,5.02,0,1
d_110.mp4,0.2582,0.0,1.19,4.99,0,1
d_110.mp4,0.2848,0.0,1.76,5.02,0,1
d_110.mp4,0.2672,0.02,1.46,4.85,0,1
d_110.mp4,0.2789,0.0,1.54,4.61,0,1
d_110.mp4,0.2825,0.0,1.91,5.52,0,1
d_110.mp4,0.2605,0.02,1.49,5.55,0,1
d_110.mp4,0.2259,0.0,1.23,5.74,0,1
d_110.mp4,0.1057,0.0,1.4,6.63,0,1
d_110.mp4,0.0824,0.0,1.43,8.08,0,1
d_110.mp4,0.2788,0.0,1.77,9.72,0,1
d_110.mp4,0.3034,0.0,1.67,11.12,0,1
d_110.mp4,0.3048,0.0238,2.24,11.42,0,1
d_110.mp4,0.324,0.0,1.97,11.7,0,1
d_110.mp4,0.2981,0.0,2.11,11.63,0,1
d_110.mp4,0.1261,0.0,1.69,10.33,0,1
d_110.mp4,0.0763,0.0213,1.47,9.65,0,1
d_110.mp4,0.249,0.0,1.17,8.24,0,1
d_110.mp4,0.2519,0.0,1.02,7.05,0,1
d_110.mp4,0.2745,0.0,1.17,6.2,0,1
d_110.mp4,0.2812,0.02,1.46,5.82,0,1
d_110.mp4,0.2755,0.0,1.61,5.48,0,1
d_110.mp4,0.266,0.0,1.19,5.07,0,1
d_110.mp4,0.279,0.0,1.16,5.03,0,1
d_110.mp4,0.2804,0.0,1.13,5.2,0,1
d_110.mp4,0.2996,0.0,1.37,5.18,0,1
d_110.mp4,0.276,0.02,1.27,4.88,0,1
d_110.mp4,0.257,0.0196,1.15,4.81,0,1
d_110.mp4,0.2755,0.0204,1.03,4.72,0,1
d_110.mp4,0.2741,0.0,1.1,4.62,0,1
d_110.mp4,0.2743,0.0,0.98,5.11,0,1
d_110.mp4,0.2818,0.02,1.57,4.83,0,1
d_110.mp4,0.2859,0.0196,1.09,4.49,0,1
d_110.mp4,0.2743,0.0,0.91,4.41,0,1
d_110.mp4,0.2725,0.0,1.03,4.5,0,1
d_110.mp4,0.2758,0.0,1.42,4.76,0,1
d_110.mp4,0.2743,0.0196,1.21,4.73,0,1
d_110.mp4,0.2787,0.0,1.12,4.42,0,1
d_110.mp4,0.2902,0.0196,1.51,4.99,0,1
d_110.mp4,0.2956,0.0,1.82,4.77,0,1
d_110.mp4,0.2636,0.0,1.0,4.59,0,1
d_110.mp4,0.281,0.0,0.97,4.19,0,1
d_110.mp4,0.2602,0.0189,1.34,4.26,0,1
d_110.mp4,0.2777,0.0,1.14,4.04,0,1
d_110.mp4,0.281,0.0,1.08,3.78,0,1
d_110.mp4,0.2499,0.0188,1.6,3.6,0,1
d_110.mp4,0.2816,0.0,1.28,4.21,0,1
d_110.mp4,0.2595,0.0,1.04,4.41,0,1
d_110.mp4,0.2547,0.0,1.43,4.28,0,1
d_110.mp4,0.2663,0.0,1.5,4.42,0,1
d_110.mp4,0.2646,0.0,1.12,3.97,0,1
d_110.mp4,0.2741,0.0,1.17,3.96,0,1
d_110.mp4,0.2846,0.0,0.66,4.25,0,1
d_110.mp4,0.2715,0.0,1.05,4.36,0,1
d_110.mp4,0.2564,0.0,1.24,4.07,0,1
d_110.mp4,0.2544,0.0196,0.97,3.74,0,1
d_110.mp4,0.2415,0.0,0.94,3.71,0,1
d_110.mp4,0.2399,0.0,1.48,3.53,0,1
d_110.mp4,0.2731,0.0,1.59,3.44,0,1
d_110.mp4,0.2654,0.0,1.2,3.09,0,1
d_110.mp4,0.2845,0.0,1.39,3.27,0,1
d_110.mp4,0.2695,0.0,1.02,3.18,0,1
d_110.mp4,0.2832,0.0,1.06,3.25,0,1
d_110.mp4,0.28,0.0192,1.25,3.62,0,1
d_110.mp4,0.2713,0.0,1.29,3.35,0,1
d_110.mp4,0.2696,0.0,1.26,3.29,0,1
d_110.mp4,0.2769,0.0,0.99,3.57,0,1
d_110.mp4,0.2808,0.0,1.01,3.49,0,1
d_110.mp4,0.278,0.0,0.91,3.72,0,1
d_110.mp4,0.2541,0.0,1.07,3.3,0,1
d_109.mp4,0.2654,0.0,1.95,5.47,0,1
d_109.mp4,0.2732,0.0204,1.54,5.33,0,1
d_109.mp4,0.2796,0.0,1.71,4.64,0,1
d_109.mp4,0.2656,0.02,1.26,4.42,0,1
d_109.mp4,0.2667,0.02,1.03,4.91,0,1
d_109.mp4,0.2544,0.0283,1.55,4.77,0,1
d_109.mp4,0.2746,0.0,1.64,5.52,0,1
d_109.mp4,0.2801,0.0,1.0,4.95,0,1
d_109.mp4,0.2869,0.0,0.83,4.97,0,1
d_109.mp4,0.2793,0.0204,1.22,4.93,0,1
d_109.mp4,0.2812,0.0,1.1,4.79,0,1
d_109.mp4,0.2794,0.0,0.87,4.37,0,1
d_109.mp4,0.2861,0.0,1.2,4.64,0,1
d_109.mp4,0.2877,0.0,1.03,4.68,0,1
d_109.mp4,0.2864,0.0,1.06,5.05,0,1
d_109.mp4,0.2721,0.0196,1.21,4.25,0,1
d_109.mp4,0.277,0.0,1.11,4.8,0,1
d_109.mp4,0.25,0.0196,1.49,4.69,0,1
d_109.mp4,0.2959,0.02,1.45,4.53,0,1
d_109.mp4,0.2654,0.0,0.58,4.4,0,1
d_109.mp4,0.2851,0.0,1.38,4.68,0,1
d_109.mp4,0.2705,0.0,1.68,4.95,0,1
d_109.mp4,0.2795,0.0,1.47,4.61,0,1
d_109.mp4,0.289,0.0,1.27,4.8,0,1
d_109.mp4,0.2777,0.0,1.28,4.65,0,1
d_109.mp4,0.2774,0.0,1.52,4.45,0,1
d_109.mp4,0.2551,0.0,1.02,4.43,0,1
d_109.mp4,0.278,0.02,1.36,4.42,0,1
d_109.mp4,0.2806,0.0283,1.57,4.58,0,1
d_109.mp4,0.2721,0.0,1.52,4.91,0,1
d_109.mp4,0.2839,0.02,1.47,4.36,0,1
d_109.mp4,0.2794,0.0,1.12,4.43,0,1
d_109.mp4,0.2911,0.0,1.18,4.62,0,1
d_109.mp4,0.2775,0.0,1.26,4.5,0,1
d_109.mp4,0.2708,0.0,1.26,4.93,0,1
d_109.mp4,0.2705,0.02,1.03,4.61,0,1
d_109.mp4,0.2742,0.0,1.49,4.55,0,1
d_109.mp4,0.281,0.0,1.3,4.89,0,1
d_109.mp4,0.2879,0.02,1.43,4.87,0,1
d_109.mp4,0.2944,0.0196,2.0,4.97,0,1
d_109.mp4,0.2663,0.0196,1.22,4.8,0,1
d_109.mp4,0.2949,0.0,1.48,5.25,0,1
d_109.mp4,0.2799,0.0204,1.55,4.65,0,1
d_109.mp4,0.2931,0.0,1.25,4.73,0,1
d_109.mp4,0.2626,0.0,0.96,4.45,0,1
d_109.mp4,0.2833,0.02,0.86,4.67,0,1
d_109.mp4,0.2829,0.0,1.06,4.74,0,1
d_109.mp4,0.2944,0.02,1.1,4.61,0,1
d_109.mp4,0.314,0.0,1.0,4.66,0,1
d_109.mp4,0.2894,0.0,0.87,5.05,0,1
d_109.mp4,0.262,0.0196,0.72,4.75,0,1
d_109.mp4,0.1522,0.0,1.15,5.18,0,1
d_109.mp4,0.0657,0.0,1.09,5.26,0,1
d_109.mp4,0.0437,0.02,1.23,5.24,0,1
d_109.mp4,0.0482,0.0,1.15,5.92,0,1
d_109.mp4,0.0429,0.0,1.13,6.76,0,1
d_109.mp4,0.1517,0.0,1.45,9.72,0,1
d_109.mp4,0.2606,0.0,0.95,10.12,0,1
d_109.mp4,0.2911,0.0217,0.62,10.82,0,1
d_109.mp4,0.2854,0.0,2.23,10.4,0,1
d_109.mp4,0.3023,0.0,0.78,11.74,0,1
d_109.mp4,0.0504,0.0,1.16,10.68,0,1
d_109.mp4,0.0615,0.0,0.95,9.58,0,1
d_109.mp4,0.0458,0.0,1.25,8.88,0,1
d_109.mp4,0.0276,0.0,0.88,7.84,0,1
d_109.mp4,0.1665,0.0,1.04,7.02,0,1
d_109.mp4,0.2658,0.0204,0.72,6.35,0,1
d_109.mp4,0.2773,0.0,0.87,6.06,0,1
d_109.mp4,0.2814,0.0,1.43,5.9,0,1
d_109.mp4,0.2879,0.0,1.24,6.08,0,1
d_109.mp4,0.2862,0.0,1.06,5.58,0,1
d_109.mp4,0.2809,0.0,1.21,5.69,0,1
d_109.mp4,0.2869,0.0,1.07,5.82,0,1
d_109.mp4,0.2901,0.02,1.34,5.44,0,1
d_109.mp4,0.2922,0.0,1.7,5.47,0,1
d_109.mp4,0.2825,0.0,0.52,5.24,0,1
d_109.mp4,0.2771,0.0,1.26,5.19,0,1
d_109.mp4,0.2757,0.0,0.99,5.47,0,1
d_109.mp4,0.2795,0.0,0.83,5.41,0,1
d_109.mp4,0.2827,0.0,0.69,5.16,0,1
d_109.mp4,0.2868,0.0,0.52,5.2,0,1
d_109.mp4,0.2894,0.0,0.81,4.37,0,1
d_109.mp4,0.2893,0.0192,1.05,5.22,0,1
d_109.mp4,0.2808,0.0,0.73,4.9,0,1
d_109.mp4,0.2703,0.0,1.15,4.91,0,1
d_109.mp4,0.2812,0.0,1.22,5.37,0,1
d_109.mp4,0.2849,0.0,1.23,5.07,0,1
d_109.mp4,0.298,0.0,1.23,5.52,0,1
d_109.mp4,0.2859,0.0,1.13,5.03,0,1
d_109.mp4,0.2756,0.0,1.58,5.19,0,1
d_109.mp4,0.2779,0.0,1.67,4.9,0,1
d_109.mp4,0.2715,0.0,1.45,4.8,0,1
d_109.mp4,0.2673,0.02,1.74,4.47,0,1
d_109.mp4,0.2717,0.0196,1.59,4.62,0,1
d_109.mp4,0.2879,0.0,1.53,5.02,0,1
d_109.mp4,0.2792,0.0,2.03,4.93,0,1
d_109.mp4,0.276,0.0,1.99,4.7,0,1
d_109.mp4,0.2796,0.0,2.18,4.72,0,1
d_109.mp4,0.2678,0.0,2.25,4.48,0,1
d_109.mp4,0.2703,0.0196,1.91,4.58,0,1
d_109.mp4,0.2759,0.0,1.46,4.34,0,1
d_109.mp4,0.2814,0.0,1.36,4.62,0,1
d_109.mp4,0.2962,0.0,1.67,4.9,0,1
d_109.mp4,0.257,0.0,1.76,4.46,0,1
d_109.mp4,0.2786,0.0,1.31,4.31,0,1
d_109.mp4,0.2757,0.0,1.35,4.62,0,1
d_109.mp4,0.2806,0.0,1.0,4.63,0,1
d_109.mp4,0.2723,0.0,0.94,5.19,0,1
d_109.mp4,0.2733,0.0,1.39,4.59,0,1
d_109.mp4,0.2685,0.0,0.94,4.6,0,1
d_109.mp4,0.2722,0.0,1.5,4.64,0,1
d_109.mp4,0.2753,0.0,1.56,4.42,0,1
d_109.mp4,0.2542,0.0,0.69,4.59,0,1
d_109.mp4,0.2903,0.0,0.92,4.43,0,1
d_109.mp4,0.2552,0.0,1.23,4.65,0,1
d_109.mp4,0.2908,0.0,1.25,4.4,0,1
d_109.mp4,0.278,0.0,1.04,4.19,0,1
d_109.mp4,0.2918,0.0,1.29,4.67,0,1
d_109.mp4,0.2743,0.0,1.34,4.91,0,1
d_109.mp4,0.2801,0.0,1.43,4.16,0,1
d_109.mp4,0.2744,0.0,1.57,4.51,0,1
d_109.mp4,0.2834,0.0,1.66,4.58,0,1
d_109.mp4,0.2633,0.0,0.9,4.54,0,1
d_109.mp4,0.2806,0.0,1.61,4.4,0,1
d_109.mp4,0.283,0.0,1.36,4.74,0,1
d_115.mp4,0.2691,0.0,1.82,5.71,0,1
d_115.mp4,0.2594,0.0,0.81,4.31,0,1
d_115.mp4,0.2844,0.0,0.66,4.25,0,1
d_115.mp4,0.3013,0.0,0.7,4.7,0,1
d_115.mp4,0.2634,0.0,0.73,4.75,0,1
d_115.mp4,0.2917,0.0,0.81,4.38,0,1
d_115.mp4,0.2794,0.0196,0.72,4.41,0,1
d_115.mp4,0.2736,0.0,0.61,4.36,0,1
d_115.mp4,0.2777,0.0,0.73,3.88,0,1
d_115.mp4,0.2627,0.02,0.24,3.92,0,1
d_115.mp4,0.2676,0.0196,0.74,4.44,0,1
d_115.mp4,0.277,0.0,0.51,4.2,0,1
d_115.mp4,0.2671,0.0,0.34,4.35,0,1
d_115.mp4,0.2873,0.02,-0.05,4.02,0,1
d_115.mp4,0.2572,0.0,0.52,4.34,0,1
d_115.mp4,0.2858,0.0,0.37,4.66,0,1
d_115.mp4,0.2844,0.0,0.91,4.44,0,1
d_115.mp4,0.2659,0.0,1.11,4.29,0,1
d_115.mp4,0.285,0.0,0.23,4.67,0,1
d_115.mp4,0.2613,0.0,0.16,4.39,0,1
d_115.mp4,0.2772,0.0192,0.54,4.43,0,1
d_115.mp4,0.2765,0.0,0.39,4.62,0,1
d_115.mp4,0.2789,0.0196,0.21,4.37,0,1
d_115.mp4,0.2868,0.0,0.1,4.56,0,1
d_115.mp4,0.2842,0.0189,0.6,4.26,0,1
d_115.mp4,0.2869,0.0,0.63,4.76,0,1
d_115.mp4,0.2836,0.0,0.33,4.12,0,1
d_115.mp4,0.2757,0.0,0.07,4.27,0,1
d_115.mp4,0.2982,0.0,0.1,4.54,0,1
d_115.mp4,0.2799,0.0,0.01,4.34,0,1
d_115.mp4,0.2961,0.0196,-0.42,4.33,0,1
d_115.mp4,0.2756,0.0,-0.27,4.29,0,1
d_115.mp4,0.2751,0.0,0.39,3.88,0,1
d_115.mp4,0.2662,0.0,0.03,4.06,0,1
d_115.mp4,0.2707,0.0,-0.18,4.36,0,1
d_115.mp4,0.2747,0.0,0.03,4.55,0,1
d_115.mp4,0.2789,0.0192,0.23,4.52,0,1
d_115.mp4,0.2565,0.0,0.65,4.46,0,1
d_115.mp4,0.1936,0.0196,0.6,4.36,0,1
d_115.mp4,0.121,0.0,0.42,4.65,0,1
d_115.mp4,0.1537,0.0,1.13,4.54,0,1
d_115.mp4,0.2435,0.0,1.11,5.35,0,1
d_115.mp4,0.2418,0.0,1.06,5.13,0,1
d_115.mp4,0.2504,0.0,1.11,5.09,0,1
d_115.mp4,0.2416,0.0,1.07,5.09,0,1
d_115.mp4,0.2542,0.0,0.79,4.93,0,1
d_115.mp4,0.2669,0.0,0.86,4.94,0,1
d_115.mp4,0.2615,0.0,0.85,5.07,0,1
d_115.mp4,0.2709,0.0,0.68,4.46,0,1
d_115.mp4,0.2521,0.0196,0.53,4.92,0,1
d_115.mp4,0.2618,0.0,0.57,4.97,0,1
d_115.mp4,0.2492,0.0,0.61,4.98,0,1
d_115.mp4,0.2658,0.0,0.35,5.14,0,1
d_115.mp4,0.2555,0.0,0.37,5.79,0,1
d_115.mp4,0.2593,0.0,0.77,5.04,0,1
d_115.mp4,0.2812,0.0,0.48,4.99,0,1
d_115.mp4,0.2927,0.0,0.39,5.22,0,1
d_115.mp4,0.2577,0.0,0.6,4.92,0,1
d_115.mp4,0.2674,0.0,0.52,5.05,0,1
d_115.mp4,0.2722,0.0192,0.59,5.17,0,1
d_115.mp4,0.2457,0.0,0.95,5.46,0,1
d_115.mp4,0.2482,0.0,0.7,4.94,0,1
d_115.mp4,0.2639,0.0,0.58,5.15,0,1
d_115.mp4,0.277,0.02,0.55,5.22,0,1
d_115.mp4,0.2552,0.02,0.74,5.47,0,1
d_115.mp4,0.2833,0.0,0.25,5.18,0,1
d_115.mp4,0.2648,0.02,0.6,5.24,0,1
d_115.mp4,0.2627,0.0,0.49,5.56,0,1
d_115.mp4,0.0793,0.0,0.61,6.68,0,1
d_115.mp4,0.0592,0.0,0.27,7.45,0,1
d_115.mp4,0.0839,0.0,0.79,9.17,0,1
d_115.mp4,0.2354,0.0,1.07,10.55,0,1
d_115.mp4,0.2795,0.0232,1.25,10.28,0,1
d_115.mp4,0.3163,0.0,0.69,11.68,0,1
d_115.mp4,0.2816,0.0,1.23,11.71,0,1
d_115.mp4,0.0773,0.0321,0.5,11.12,0,1
d_115.mp4,0.0689,0.0,0.01,10.58,0,1
d_115.mp4,0.0522,0.0,0.42,10.15,0,1
d_115.mp4,0.0872,0.0,0.51,8.57,0,1
d_115.mp4,0.2251,0.0,0.85,7.6,0,1
d_115.mp4,0.2538,0.0,1.06,7.05,0,1
d_115.mp4,0.283,0.0204,0.45,6.56,0,1
d_115.mp4,0.2664,0.0,0.88,6.39,0,1
d_115.mp4,0.2633,0.0,0.73,6.47,0,1
d_115.mp4,0.2708,0.0208,0.92,6.73,0,1
d_115.mp4,0.2544,0.0,1.46,6.82,0,1
d_115.mp4,0.2596,0.0,1.31,6.48,0,1
d_115.mp4,0.2704,0.0208,1.08,6.57,0,1
d_115.mp4,0.2729,0.0208,1.42,6.54,0,1
d_115.mp4,0.2652,0.0,1.14,6.36,0,1
d_115.mp4,0.244,0.0,0.56,6.14,0,1
d_115.mp4,0.2573,0.02,0.9,5.69,0,1
d_115.mp4,0.2648,0.0204,0.94,6.04,0,1
d_115.mp4,0.2584,0.0204,0.69,5.52,0,1
d_115.mp4,0.265,0.0204,0.83,5.55,0,1
d_115.mp4,0.262,0.0,0.6,5.15,0,1
d_115.mp4,0.2757,0.0,0.67,5.28,0,1
d_115.mp4,0.2615,0.0,0.52,5.22,0,1
d_115.mp4,0.253,0.0,1.04,5.48,0,1
d_115.mp4,0.2553,0.0,0.94,5.27,0,1
d_115.mp4,0.2628,0.0,0.53,5.28,0,1
d_115.mp4,0.2814,0.0,0.7,5.08,0,1
d_115.mp4,0.2808,0.0,0.71,5.0,0,1
d_115.mp4,0.2825,0.0,0.44,5.19,0,1
d_115.mp4,0.2501,0.0,0.71,5.09,0,1
d_115.mp4,0.2612,0.0,0.7,4.83,0,1
d_115.mp4,0.2608,0.0,0.5,5.16,0,1
d_115.mp4,0.2441,0.0,0.6,4.98,0,1
d_115.mp4,0.2627,0.0,0.04,4.75,0,1
d_115.mp4,0.2595,0.0,0.28,4.79,0,1
d_115.mp4,0.2828,0.0,-0.15,5.34,0,1
d_115.mp4,0.2829,0.0196,0.17,4.87,0,1
d_115.mp4,0.2555,0.0,0.6,4.95,0,1
d_115.mp4,0.2653,0.0,-0.05,5.21,0,1
d_115.mp4,0.256,0.0,0.05,5.04,0,1
d_115.mp4,0.2505,0.0,0.73,4.81,0,1
d_115.mp4,0.2142,0.0192,0.38,5.15,0,1
d_115.mp4,0.1728,0.0204,0.13,5.14,0,1
d_115.mp4,0.0446,0.0,-0.11,5.0,0,1
d_115.mp4,0.0519,0.0,0.33,4.83,1,1
d_115.mp4,0.0585,0.0,0.63,4.59,0,1
d_115.mp4,0.2211,0.0,0.75,5.08,0,1
d_115.mp4,0.2594,0.0,0.96,4.8,0,1
d_115.mp4,0.2461,0.0195,1.15,4.78,0,1
d_12.mp4,0.2072,0.0114,-1.08,4.01,0,1
d_12.mp4,0.1096,0.0111,-1.39,4.74,0,1
d_12.mp4,0.2031,0.0223,-1.67,4.67,0,1
d_12.mp4,0.2114,0.0223,-1.49,4.74,0,1
d_12.mp4,0.2111,0.0439,-1.48,4.72,0,1
d_12.mp4,0.2071,0.011,-1.81,4.37,0,1
d_12.mp4,0.2367,0.0463,-2.21,4.4,0,1
d_12.mp4,0.2365,0.0334,-1.97,4.8,0,1
d_12.mp4,0.231,0.0693,-1.41,4.93,0,1
d_12.mp4,0.2322,0.0806,-1.86,5.16,0,1
d_12.mp4,0.1946,0.0941,-1.93,4.32,0,1
d_12.mp4,0.2117,0.1419,-2.93,4.7,0,1
d_12.mp4,0.2238,0.1335,-2.62,4.91,0,1
d_12.mp4,0.2187,0.1689,-2.37,4.74,0,1
d_12.mp4,0.247,0.1694,-2.22,4.0,0,1
d_12.mp4,0.2258,0.1458,-2.64,4.75,0,1
d_12.mp4,0.2321,0.1699,-2.09,4.57,0,1
d_12.mp4,0.2548,0.2097,-2.59,4.72,0,1
d_12.mp4,0.2215,0.2019,-3.51,4.97,0,1
d_12.mp4,0.2435,0.2142,-3.14,4.71,0,1
d_12.mp4,0.214,0.225,-2.86,4.93,0,1
d_12.mp4,0.054,0.2621,-2.93,4.96,0,1
d_12.mp4,0.0843,0.2121,-3.55,4.91,1,1
d_12.mp4,0.0617,0.2409,-2.87,5.12,0,1
d_12.mp4,0.0635,0.2363,-2.41,5.2,0,1
d_12.mp4,0.0583,0.226,-3.02,4.88,1,1
d_12.mp4,0.0552,0.3318,-3.45,4.18,1,1
d_12.mp4,0.0499,0.6215,-3.53,3.98,1,1
d_12.mp4,0.0508,0.7216,-4.83,3.96,1,1
d_12.mp4,0.0466,0.4615,-2.12,4.64,1,1
d_12.mp4,0.0722,0.0141,-1.02,4.88,0,1
d_12.mp4,0.1752,0.0293,-1.01,4.56,0,1
d_12.mp4,0.1803,0.0352,-0.49,3.75,0,1
d_12.mp4,0.1892,0.0343,0.93,3.99,0,1
d_12.mp4,0.1762,0.0343,1.54,4.09,0,1
d_12.mp4,0.1813,0.0348,3.12,4.26,0,1
d_12.mp4,0.1805,0.0507,4.22,4.05,0,1
d_12.mp4,0.1642,0.0141,5.62,3.07,0,1
d_12.mp4,0.1503,0.0492,5.85,2.9,0,1
d_12.mp4,0.1464,0.0682,7.14,2.75,0,1
d_12.mp4,0.0437,0.014,7.15,3.02,0,1
d_12.mp4,0.0312,0.0423,5.32,2.89,1,1
d_12.mp4,0.033,0.0839,4.11,3.64,1,1
d_12.mp4,0.0537,0.0389,3.14,3.21,1,1
d_12.mp4,0.0381,0.0,2.63,2.87,1,1
d_12.mp4,0.0429,0.138,2.01,2.66,1,1
d_12.mp4,0.0363,0.1454,1.43,1.94,1,1
d_12.mp4,0.1685,0.4048,-1.71,2.19,0,1
d_12.mp4,0.219,0.4418,-2.34,2.75,0,1
d_12.mp4,0.2301,0.3789,-2.16,2.34,0,1
d_12.mp4,0.2227,0.2859,-2.43,2.79,0,1
d_12.mp4,0.2412,0.2152,-2.72,2.6,0,1
d_12.mp4,0.2497,0.1999,-2.95,2.39,0,1
d_12.mp4,0.0707,0.1849,-2.54,1.98,0,1
d_12.mp4,0.2591,0.02,-2.92,1.84,0,1
d_12.mp4,0.2371,0.0102,-1.89,1.44,0,1
d_12.mp4,0.2472,0.0,-1.43,1.51,0,1
d_12.mp4,0.2523,0.0,-1.47,1.64,0,1
d_12.mp4,0.2269,0.0099,-1.87,1.89,0,1
d_12.mp4,0.2395,0.01,-2.08,1.72,0,1
d_12.mp4,0.0501,0.1564,-2.82,1.54,0,1
d_12.mp4,0.0448,0.2228,-3.03,0.71,1,1
d_12.mp4,0.2179,0.3398,-3.47,0.47,0,1
d_12.mp4,0.248,0.2177,-3.49,0.42,0,1
d_12.mp4,0.2469,0.189,-3.07,0.53,0,1
d_12.mp4,0.246,0.1766,-2.97,0.11,0,1
d_12.mp4,0.2468,0.0,-2.22,-0.17,0,1
d_12.mp4,0.2716,0.0108,-3.08,-0.19,0,1
d_12.mp4,0.2692,0.3455,-2.54,-0.64,0,1
d_12.mp4,0.2531,0.3889,-2.75,-0.31,0,1
d_12.mp4,0.2413,0.3585,-2.66,0.12,0,1
d_12.mp4,0.2419,0.3866,-1.85,0.01,0,1
d_12.mp4,0.2801,0.3267,-1.5,-0.47,0,1
d_12.mp4,0.2533,0.1776,-1.4,0.19,0,1
d_12.mp4,0.2492,0.3993,-1.76,0.99,0,1
d_12.mp4,0.2585,0.4775,-1.3,1.5,0,1
d_12.mp4,0.1206,0.0432,-0.7,1.35,0,1
d_12.mp4,0.2468,0.0106,-0.31,1.73,0,1
d_12.mp4,0.2666,0.3938,-0.85,1.23,0,1
d_12.mp4,0.2549,0.2551,-1.75,1.37,0,1
d_12.mp4,0.2689,0.2267,-2.16,0.22,0,1
d_12.mp4,0.2821,0.0,-1.41,-0.51,0,1
d_12.mp4,0.275,0.065,-1.45,0.3,0,1
d_12.mp4,0.2967,0.2612,-2.38,-0.37,0,1
d_12.mp4,0.2828,0.3015,-2.47,-0.01,0,1
d_12.mp4,0.2777,0.3056,-2.65,-0.17,0,1
d_12.mp4,0.2862,0.2917,-2.57,-0.24,0,1
d_12.mp4,0.293,0.2978,-2.37,0.12,0,1
d_12.mp4,0.2839,0.3073,-1.87,-0.33,0,1
d_12.mp4,0.2909,0.2652,-2.76,-0.32,0,1
d_12.mp4,0.2765,0.2993,-2.91,-0.6,0,1
d_12.mp4,0.2818,0.3392,-3.02,-0.3,0,1
d_12.mp4,0.2678,0.2295,-2.88,-0.64,0,1
d_12.mp4,0.2915,0.1673,-3.07,-0.7,0,1
d_12.mp4,0.28,0.0777,-2.13,-0.37,0,1
d_12.mp4,0.252,0.1003,-3.19,-0.15,0,1
d_12.mp4,0.2457,0.1714,-3.09,-0.29,0,1
d_12.mp4,0.2445,0.4472,-3.34,-0.36,0,1
d_12.mp4,0.265,0.4829,-2.8,-0.17,0,1
d_116.mp4,0.2402,0.0,1.2,5.23,0,1
d_116.mp4,0.2632,0.0199,1.0,4.66,0,1
d_116.mp4,0.2273,0.0,1.18,4.6,0,1
d_116.mp4,0.2598,0.0,0.91,4.8,0,1
d_116.mp4,0.2405,0.0,1.05,4.7,0,1
d_116.mp4,0.2619,0.02,0.9,4.5,0,1
d_116.mp4,0.2591,0.0,0.89,4.73,0,1
d_116.mp4,0.2616,0.0,0.54,4.7,0,1
d_116.mp4,0.2684,0.0,0.57,4.73,0,1
d_116.mp4,0.2469,0.0,0.98,4.61,0,1
d_116.mp4,0.262,0.0196,0.76,5.07,0,1
d_116.mp4,0.2411,0.0,0.75,5.06,0,1
d_116.mp4,0.2715,0.0,0.62,5.29,0,1
d_116.mp4,0.2584,0.02,1.06,4.81,0,1
d_116.mp4,0.2796,0.0,0.65,4.98,0,1
d_116.mp4,0.2622,0.0,1.17,4.96,0,1
d_116.mp4,0.2792,0.0,1.02,5.12,0,1
d_116.mp4,0.2517,0.0,1.22,4.86,0,1
d_116.mp4,0.2759,0.02,1.05,4.91,0,1
d_116.mp4,0.2659,0.0,0.77,5.31,0,1
d_116.mp4,0.2462,0.0196,1.17,5.11,0,1
d_116.mp4,0.2614,0.0,1.17,5.25,0,1
d_116.mp4,0.278,0.0,1.0,4.93,0,1
d_116.mp4,0.2677,0.0,0.97,5.34,0,1
d_116.mp4,0.2603,0.0192,1.18,5.03,0,1
d_116.mp4,0.2723,0.0,0.87,5.02,0,1
d_116.mp4,0.2568,0.0196,0.76,4.87,0,1
d_116.mp4,0.2713,0.0,0.95,5.2,0,1
d_116.mp4,0.2612,0.0,1.26,5.05,0,1
d_116.mp4,0.2433,0.0192,1.2,4.72,0,1
d_116.mp4,0.2634,0.0,0.84,4.65,0,1
d_116.mp4,0.2483,0.0,0.64,4.52,0,1
d_116.mp4,0.2328,0.0,1.22,4.94,0,1
d_116.mp4,0.0627,0.0,0.14,4.71,0,1
d_116.mp4,0.0424,0.0,0.56,4.28,0,1
d_116.mp4,0.0665,0.0,0.24,4.87,0,1
d_116.mp4,0.2189,0.0,1.2,5.27,0,1
d_116.mp4,0.2316,0.0,1.18,5.05,0,1
d_116.mp4,0.2373,0.0,0.91,4.88,0,1
d_116.mp4,0.2521,0.0,1.08,5.09,0,1
d_116.mp4,0.2267,0.0,1.27,5.28,0,1
d_116.mp4,0.2659,0.0,0.92,4.95,0,1
d_116.mp4,0.2464,0.0,0.65,4.61,0,1
d_116.mp4,0.2509,0.0,0.96,5.06,0,1
d_116.mp4,0.2462,0.0,0.97,4.87,0,1
d_116.mp4,0.2512,0.0,0.9,4.93,0,1
d_116.mp4,0.2488,0.0,0.79,4.58,0,1
d_116.mp4,0.2603,0.0,0.85,4.89,0,1
d_116.mp4,0.2631,0.0,1.02,5.07,0,1
d_116.mp4,0.2539,0.0,1.2,4.95,0,1
d_116.mp4,0.2529,0.0192,0.81,4.62,0,1
d_116.mp4,0.2408,0.0,0.68,4.64,0,1
d_116.mp4,0.2421,0.0,0.67,5.09,0,1
d_116.mp4,0.265,0.0,1.02,4.87,0,1
d_116.mp4,0.2408,0.0,1.13,4.92,0,1
d_116.mp4,0.2552,0.0,0.87,4.79,0,1
d_116.mp4,0.2708,0.0,0.84,5.01,0,1
d_116.mp4,0.2563,0.0196,1.0,5.17,0,1
d_116.mp4,0.2539,0.0,0.82,4.84,0,1
d_116.mp4,0.1899,0.0,0.78,5.29,0,1
d_116.mp4,0.0566,0.0,1.06,5.52,0,1
d_116.mp4,0.0578,0.0,1.19,6.46,0,1
d_116.mp4,0.1235,0.0,1.05,7.29,0,1
d_116.mp4,0.2694,0.0,1.44,9.45,0,1
d_116.mp4,0.2779,0.0,1.51,10.31,0,1
d_116.mp4,0.286,0.0,1.23,11.22,0,1
d_116.mp4,0.2768,0.0,1.62,10.48,0,1
d_116.mp4,0.1855,0.0213,1.09,10.34,0,1
d_116.mp4,0.0744,0.0208,0.22,9.93,0,1
d_116.mp4,0.0569,0.0208,0.88,9.18,0,1
d_116.mp4,0.0472,0.0294,0.55,7.97,0,1
d_116.mp4,0.2462,0.0,1.08,7.52,0,1
d_116.mp4,0.2544,0.0208,0.62,6.75,0,1
d_116.mp4,0.2647,0.0,1.51,6.1,0,1
d_116.mp4,0.2615,0.0,1.27,6.0,0,1
d_116.mp4,0.2549,0.0,1.1,5.99,0,1
d_116.mp4,0.2702,0.0,1.51,5.36,0,1
d_116.mp4,0.2393,0.0,1.08,5.51,0,1
d_116.mp4,0.2453,0.0,0.78,5.66,0,1
d_116.mp4,0.2603,0.0,0.94,5.4,0,1
d_116.mp4,0.2562,0.0196,0.91,5.44,0,1
d_116.mp4,0.2588,0.0,1.04,5.24,0,1
d_116.mp4,0.2505,0.0,1.1,4.8,0,1
d_116.mp4,0.267,0.0196,1.1,5.38,0,1
d_116.mp4,0.2531,0.0,1.01,5.14,0,1
d_116.mp4,0.2567,0.0,1.02,5.04,0,1
d_116.mp4,0.269,0.0,1.37,5.12,0,1
d_116.mp4,0.248,0.0192,1.43,5.07,0,1
d_116.mp4,0.2818,0.0,0.61,5.16,0,1
d_116.mp4,0.2639,0.0192,1.09,5.08,0,1
d_116.mp4,0.2692,0.0,1.07,4.8,0,1
d_116.mp4,0.2571,0.0,0.75,5.04,0,1
d_116.mp4,0.2542,0.0,0.94,4.41,0,1
d_116.mp4,0.2756,0.0,0.93,4.46,0,1
d_116.mp4,0.2637,0.0276,0.8,4.47,0,1
d_116.mp4,0.2673,0.0196,1.02,4.37,0,1
d_116.mp4,0.2758,0.0,0.76,4.26,0,1
d_116.mp4,0.2699,0.0,1.01,4.51,0,1
d_116.mp4,0.2917,0.0,0.73,4.41,0,1
d_116.mp4,0.2816,0.0,0.72,4.11,0,1
d_116.mp4,0.263,0.0,0.59,4.75,0,1
d_116.mp4,0.2415,0.0,1.1,4.91,0,1
d_116.mp4,0.2673,0.02,1.25,4.2,0,1
d_116.mp4,0.2839,0.0,0.74,4.61,0,1
d_116.mp4,0.2712,0.0196,1.14,4.41,0,1
d_116.mp4,0.2648,0.0,1.25,4.51,0,1
d_116.mp4,0.2715,0.0,1.36,4.27,0,1
d_116.mp4,0.2575,0.0,1.14,4.62,0,1
d_116.mp4,0.264,0.0,1.16,4.48,0,1
d_116.mp4,0.2503,0.0,1.16,4.7,0,1
d_116.mp4,0.2465,0.0277,1.22,3.87,0,1
d_116.mp4,0.2436,0.0196,0.72,4.39,0,1
d_116.mp4,0.2728,0.0,1.26,4.54,0,1
d_116.mp4,0.2613,0.0,1.53,4.28,0,1
d_116.mp4,0.264,0.0,1.42,4.78,0,1
d_116.mp4,0.2682,0.0,1.18,4.9,0,1
d_116.mp4,0.255,0.0196,1.9,4.77,0,1
d_116.mp4,0.2598,0.0,1.38,4.81,0,1
d_116.mp4,0.2742,0.0,1.32,4.73,0,1
d_116.mp4,0.2776,0.0,1.19,4.84,0,1
d_116.mp4,0.2844,0.0,1.15,5.27,0,1
d_116.mp4,0.2704,0.0,1.18,4.97,0,1
d_116.mp4,0.2789,0.0196,1.32,4.93,0,1
d_116.mp4,0.2801,0.0,1.15,4.92,0,1
d_117.mp4,0.2595,0.0,1.25,4.91,0,1
d_117.mp4,0.2691,0.0,1.41,5.13,0,1
d_117.mp4,0.2752,0.0,0.85,4.95,0,1
d_117.mp4,0.2857,0.0,1.37,5.17,0,1
d_117.mp4,0.2845,0.0,1.54,5.12,0,1
d_117.mp4,0.2638,0.0,1.37,5.17,0,1
d_117.mp4,0.2692,0.0,0.72,5.09,0,1
d_117.mp4,0.2672,0.0,1.0,5.39,0,1
d_117.mp4,0.2737,0.0,0.86,5.24,0,1
d_117.mp4,0.2789,0.0,1.27,5.19,0,1
d_117.mp4,0.2765,0.0,1.08,5.38,0,1
d_117.mp4,0.2845,0.0,1.36,4.97,0,1
d_117.mp4,0.2828,0.0,1.12,4.96,0,1
d_117.mp4,0.2687,0.0,1.3,4.9,0,1
d_117.mp4,0.2743,0.0196,1.48,5.31,0,1
d_117.mp4,0.2654,0.0,1.17,4.95,0,1
d_117.mp4,0.2657,0.0,0.91,4.72,0,1
d_117.mp4,0.2647,0.0,1.05,4.92,0,1
d_117.mp4,0.2848,0.0,0.89,5.03,0,1
d_117.mp4,0.2565,0.0,0.9,4.92,0,1
d_117.mp4,0.266,0.0,0.92,4.97,0,1
d_117.mp4,0.2725,0.02,0.77,4.79,0,1
d_117.mp4,0.2695,0.0,1.1,5.29,0,1
d_117.mp4,0.2826,0.0,1.33,4.99,0,1
d_117.mp4,0.2727,0.0,1.18,5.08,0,1
d_117.mp4,0.2135,0.0,0.54,5.33,0,1
d_117.mp4,0.0658,0.0,1.08,5.53,0,1
d_117.mp4,0.0476,0.0,1.26,7.48,1,1
d_117.mp4,0.1662,0.0204,0.85,8.67,0,1
d_117.mp4,0.2947,0.0301,1.11,10.05,0,1
d_117.mp4,0.3097,0.0,1.25,10.46,0,1
d_117.mp4,0.2426,0.0,1.18,10.66,0,1
d_117.mp4,0.0976,0.0208,0.23,10.43,0,1
d_117.mp4,0.051,0.0,0.99,9.36,0,1
d_117.mp4,0.2113,0.0,1.15,9.15,0,1
d_117.mp4,0.2679,0.0,0.69,8.0,0,1
d_117.mp4,0.2679,0.0,0.84,7.21,0,1
d_117.mp4,0.265,0.0,1.35,6.26,0,1
d_117.mp4,0.2821,0.0,1.0,6.06,0,1
d_117.mp4,0.2751,0.0,0.96,5.64,0,1
d_117.mp4,0.2756,0.0,1.06,5.98,0,1
d_117.mp4,0.2737,0.0,1.29,5.66,0,1
d_117.mp4,0.2526,0.0,1.29,6.21,0,1
d_117.mp4,0.2673,0.0,1.1,5.44,0,1
d_117.mp4,0.2549,0.0196,0.91,5.35,0,1
d_117.mp4,0.2774,0.0204,1.54,5.67,0,1
d_117.mp4,0.2871,0.0,1.16,5.37,0,1
d_117.mp4,0.277,0.0,1.05,5.18,0,1
d_117.mp4,0.2704,0.0,1.65,5.5,0,1
d_117.mp4,0.2785,0.0,1.32,5.17,0,1
d_117.mp4,0.2521,0.0,1.06,5.09,0,1
d_117.mp4,0.2654,0.0,1.19,5.52,0,1
d_117.mp4,0.2582,0.0,1.17,5.35,0,1
d_117.mp4,0.2829,0.0,0.85,5.12,0,1
d_117.mp4,0.2792,0.0,1.39,5.4,0,1
d_117.mp4,0.2496,0.0,1.2,5.4,0,1
d_117.mp4,0.267,0.0,1.03,5.54,0,1
d_117.mp4,0.2476,0.0,0.6,5.32,0,1
d_117.mp4,0.2753,0.0,0.97,5.33,0,1
d_117.mp4,0.269,0.0,0.9,5.3,0,1
d_117.mp4,0.259,0.0,0.55,5.15,0,1
d_117.mp4,0.2806,0.0,0.89,5.45,0,1
d_117.mp4,0.264,0.0192,0.68,5.06,0,1
d_117.mp4,0.2676,0.0,1.48,4.62,0,1
d_117.mp4,0.2498,0.0,0.49,4.89,0,1
d_117.mp4,0.2543,0.0,1.27,4.48,0,1
d_117.mp4,0.2616,0.0,1.25,4.73,0,1
d_117.mp4,0.2777,0.0,0.98,4.49,0,1
d_117.mp4,0.2612,0.0,1.51,4.95,0,1
d_117.mp4,0.2719,0.0,1.12,4.88,0,1
d_117.mp4,0.262,0.0,0.92,4.44,0,1
d_117.mp4,0.2673,0.0192,1.01,4.76,0,1
d_117.mp4,0.2601,0.0,1.16,4.9,0,1
d_117.mp4,0.2406,0.0,0.66,5.05,0,1
d_117.mp4,0.2814,0.0,0.8,4.81,0,1
d_117.mp4,0.2656,0.0,1.38,5.04,0,1
d_117.mp4,0.261,0.0,1.51,5.28,0,1
d_117.mp4,0.2718,0.0,1.11,4.86,0,1
d_117.mp4,0.2755,0.0196,0.66,4.92,0,1
d_117.mp4,0.255,0.0,1.22,5.15,0,1
d_117.mp4,0.2678,0.0,1.15,5.21,0,1
d_117.mp4,0.2525,0.0,1.11,4.9,0,1
d_117.mp4,0.2092,0.0,1.11,5.14,0,1
d_117.mp4,0.1138,0.0,1.02,5.04,0,1
d_117.mp4,0.1727,0.0196,0.94,4.9,0,1
d_117.mp4,0.2335,0.02,0.8,5.25,0,1
d_117.mp4,0.2608,0.0,0.99,4.7,0,1
d_117.mp4,0.2652,0.0,0.86,4.63,0,1
d_117.mp4,0.2563,0.0,1.04,4.7,0,1
d_117.mp4,0.2502,0.0,0.95,4.79,0,1
d_117.mp4,0.2651,0.0,1.35,4.88,0,1
d_117.mp4,0.2549,0.0,1.55,4.97,0,1
d_117.mp4,0.233,0.0192,1.28,5.37,0,1
d_117.mp4,0.2543,0.0,1.11,5.19,0,1
d_117.mp4,0.2441,0.0,1.42,5.14,0,1
d_117.mp4,0.257,0.0,1.37,5.37,0,1
d_117.mp4,0.2563,0.0,1.48,5.34,0,1
d_117.mp4,0.2807,0.0,1.32,4.71,0,1
d_117.mp4,0.2615,0.0,1.39,5.12,0,1
d_117.mp4,0.2682,0.0,1.6,4.99,0,1
d_117.mp4,0.2707,0.0,1.63,4.9,0,1
d_117.mp4,0.276,0.0196,1.4,4.68,0,1
d_117.mp4,0.2647,0.0,1.75,5.02,0,1
d_117.mp4,0.2879,0.0,1.66,4.81,0,1
d_117.mp4,0.2549,0.02,1.16,4.48,0,1
d_117.mp4,0.2677,0.0,1.2,4.79,0,1
d_117.mp4,0.2714,0.0,1.5,4.71,0,1
d_117.mp4,0.2765,0.0,1.67,4.95,0,1
d_117.mp4,0.2769,0.0,1.29,4.6,0,1
d_117.mp4,0.2744,0.0,1.3,4.7,0,1
d_117.mp4,0.2638,0.0,1.14,4.99,0,1
d_117.mp4,0.2789,0.0,1.21,4.73,0,1
d_117.mp4,0.2816,0.02,1.21,4.82,0,1
d_117.mp4,0.2755,0.0,1.69,5.13,0,1
d_117.mp4,0.2724,0.0,1.53,4.97,0,1
d_117.mp4,0.2795,0.0,1.26,4.57,0,1
d_117.mp4,0.276,0.0,1.23,4.81,0,1
d_117.mp4,0.282,0.0,1.01,4.87,0,1
d_117.mp4,0.2724,0.0196,1.06,4.78,0,1
d_117.mp4,0.2857,0.0,1.11,4.62,0,1
d_117.mp4,0.2667,0.0192,1.17,4.82,0,1
d_117.mp4,0.2829,0.0,0.67,4.82,0,1
d_117.mp4,0.2615,0.0,1.22,4.61,0,1
d_117.mp4,0.274,0.0,1.04,4.75,0,1
d_13.mp4,0.1993,0.1075,-2.97,0.94,0,1
d_13.mp4,0.2039,0.1172,-3.69,0.86,0,1
d_13.mp4,0.2052,0.0995,-4.24,1.29,0,1
d_13.mp4,0.214,0.1244,-3.96,1.44,0,1
d_13.mp4,0.1944,0.1239,-3.58,1.45,0,1
d_13.mp4,0.1971,0.1324,-4.44,0.52,0,1
d_13.mp4,0.1953,0.1301,-5.04,0.67,0,1
d_13.mp4,0.1891,0.0964,-4.81,0.14,0,1
d_13.mp4,0.2148,0.1202,-4.32,-0.48,0,1
d_13.mp4,0.1915,0.0872,-4.65,-0.4,0,1
d_13.mp4,0.1933,0.0746,-4.9,0.06,0,1
d_13.mp4,0.0832,0.097,-3.9,-0.23,0,1
d_13.mp4,0.0595,0.0876,-3.09,-1.22,0,1
d_13.mp4,0.2149,0.1118,-3.96,-1.78,0,1
d_13.mp4,0.2159,0.1086,-4.15,-1.64,0,1
d_13.mp4,0.2075,0.141,-4.56,-1.12,0,1
d_13.mp4,0.2114,0.0813,-3.83,-1.71,0,1
d_13.mp4,0.2089,0.1031,-2.91,-2.25,0,1
d_13.mp4,0.0603,0.1524,-3.68,-3.43,0,1
d_13.mp4,0.1141,0.1587,-4.01,-9.7,0,1
d_13.mp4,0.3054,0.1558,-4.87,-11.45,0,1
d_13.mp4,0.4297,0.1219,-4.65,-12.56,0,1
d_13.mp4,0.4464,0.1499,-5.07,-12.1,0,1
d_13.mp4,0.458,0.0844,-4.42,-12.31,0,1
d_13.mp4,0.506,0.0228,-3.1,-13.64,0,1
d_13.mp4,0.3074,0.086,-5.5,-13.91,0,1
d_13.mp4,0.3182,0.0723,-6.43,-13.69,0,1
d_13.mp4,0.1752,0.0966,-4.45,-12.33,0,1
d_13.mp4,0.195,0.1234,-3.03,-6.33,0,1
d_13.mp4,0.2145,0.0883,-2.45,-2.98,0,1
d_13.mp4,0.2107,0.0679,-2.77,-1.71,0,1
d_13.mp4,0.2216,0.0992,-2.37,-0.91,0,1
d_13.mp4,0.2087,0.1208,-2.22,-0.22,0,1
d_13.mp4,0.2092,0.0557,-2.53,1.0,0,1
d_13.mp4,0.2231,0.1006,-2.4,1.01,0,1
d_13.mp4,0.2057,0.1345,-2.32,0.66,0,1
d_13.mp4,0.053,0.1328,-3.16,0.07,0,1
d_13.mp4,0.1455,0.1142,-3.01,1.28,0,1
d_13.mp4,0.2094,0.1213,-2.58,1.27,0,1
d_13.mp4,0.2132,0.0767,-2.83,1.15,0,1
d_13.mp4,0.1964,0.0914,-2.66,0.71,0,1
d_13.mp4,0.2093,0.0661,-2.82,0.76,0,1
d_13.mp4,0.1982,0.1203,-3.26,0.71,0,1
d_13.mp4,0.202,0.0802,-3.34,1.23,0,1
d_13.mp4,0.2097,0.0874,-3.25,0.89,0,1
d_13.mp4,0.2049,0.0547,-3.16,0.82,0,1
d_13.mp4,0.2189,0.0879,-2.65,0.93,0,1
d_13.mp4,0.2062,0.0786,-2.83,1.1,0,1
d_13.mp4,0.1304,0.0665,-2.12,1.01,0,1
d_13.mp4,0.0591,0.0663,-2.25,1.47,0,1
d_13.mp4,0.1668,0.0447,-1.69,2.41,0,1
d_13.mp4,0.1879,0.0,-1.88,1.96,0,1
d_13.mp4,0.1845,0.0144,-1.94,2.82,0,1
d_13.mp4,0.1911,0.0,-1.27,3.02,0,1
d_13.mp4,0.1922,0.0104,-0.74,2.73,0,1
d_13.mp4,0.0656,0.0,-1.94,2.81,1,1
d_13.mp4,0.1364,0.0103,-2.66,2.43,0,1
d_13.mp4,0.2019,0.0,-2.36,0.56,0,1
d_13.mp4,0.2008,0.0103,-2.25,0.16,0,1
d_13.mp4,0.2074,0.0,-1.54,0.37,0,1
d_13.mp4,0.2277,0.0,-2.63,0.11,0,1
d_13.mp4,0.2082,0.0102,-2.49,0.38,0,1
d_13.mp4,0.2057,0.0103,-2.23,0.91,0,1
d_13.mp4,0.2105,0.0,-2.48,1.56,0,1
d_13.mp4,0.0735,0.0,-2.06,2.42,0,1
d_13.mp4,0.0543,0.0,-2.5,3.01,0,1
d_13.mp4,0.0578,0.0,-2.45,3.6,0,1
d_13.mp4,0.0814,0.0452,-2.73,3.78,0,1
d_13.mp4,0.1485,0.126,-2.51,3.57,0,1
d_13.mp4,0.214,0.045,-1.5,3.3,0,1
d_13.mp4,0.2094,0.0,-2.04,3.48,0,1
d_13.mp4,0.2201,0.0,-1.38,3.53,0,1
d_13.mp4,0.0375,0.0103,-1.03,3.54,0,1
d_13.mp4,0.051,0.0101,-1.27,3.24,0,1
d_13.mp4,0.0466,0.0,-2.19,3.13,0,1
d_13.mp4,0.0491,0.0,-1.92,3.09,1,1
d_13.mp4,0.0507,0.0104,-1.14,3.49,1,1
d_13.mp4,0.0542,0.0,-1.07,3.97,0,1
d_13.mp4,0.1542,0.0106,-0.96,4.06,0,1
d_13.mp4,0.2193,0.0,-2.14,4.02,0,1
d_13.mp4,0.2229,0.0,-2.43,4.07,0,1
d_13.mp4,0.2192,0.0,-1.67,4.02,0,1
d_13.mp4,0.2053,0.0,-1.18,3.48,0,1
d_13.mp4,0.1723,0.0,-1.24,3.32,0,1
d_13.mp4,0.0953,0.0,-1.66,2.51,0,1
d_13.mp4,0.1955,0.0105,-1.83,2.05,0,1
d_13.mp4,0.1942,0.0,-2.8,1.82,0,1
d_13.mp4,0.2186,0.0,-2.86,1.92,0,1
d_13.mp4,0.2084,0.0,-2.71,1.58,0,1
d_13.mp4,0.22,0.0332,-4.48,0.12,0,1
d_13.mp4,0.2531,0.0111,-5.31,-0.95,0,1
d_13.mp4,0.2584,0.0349,-5.18,-0.63,0,1
d_13.mp4,0.2586,0.1331,-5.73,-0.41,1,1
d_13.mp4,0.2318,0.0437,-5.39,-0.71,0,1
d_13.mp4,0.0767,0.0101,-5.12,-0.47,1,1
d_13.mp4,0.0649,0.0,-4.88,-0.32,1,1
d_13.mp4,0.0643,0.0,-4.48,-0.1,1,1
d_13.mp4,0.2163,0.0104,-3.58,0.67,0,1
d_13.mp4,0.1249,0.0,-3.47,0.52,0,1
d_119.mp4,0.0614,0.0,1.0,5.95,0,1
d_119.mp4,0.0475,0.0,0.83,6.98,0,1
d_119.mp4,0.0683,0.0,0.9,7.99,0,1
d_119.mp4,0.1591,0.0,1.35,9.16,0,1
d_119.mp4,0.2453,0.0,1.49,9.83,0,1
d_119.mp4,0.2909,0.0,1.75,10.37,0,1
d_119.mp4,0.265,0.0,1.1,11.14,0,1
d_119.mp4,0.2647,0.0,1.28,10.69,0,1
d_119.mp4,0.0577,0.0,0.9,10.75,0,1
d_119.mp4,0.051,0.02,1.53,8.98,0,1
d_119.mp4,0.137,0.0,1.12,8.95,0,1
d_119.mp4,0.2756,0.0,1.24,8.24,0,1
d_119.mp4,0.2677,0.0,1.33,7.25,0,1
d_119.mp4,0.2618,0.0,0.65,6.73,0,1
d_119.mp4,0.2595,0.02,0.77,6.15,0,1
d_119.mp4,0.2732,0.0,0.75,6.34,0,1
d_119.mp4,0.2885,0.0,0.79,5.76,0,1
d_119.mp4,0.2756,0.0,1.28,5.48,0,1
d_119.mp4,0.2484,0.0,1.2,5.45,0,1
d_119.mp4,0.26,0.0,1.3,5.06,0,1
d_119.mp4,0.2973,0.0,1.09,4.96,0,1
d_119.mp4,0.2555,0.0,1.45,5.26,0,1
d_119.mp4,0.2788,0.0,1.37,5.03,0,1
d_119.mp4,0.2848,0.0,1.05,4.76,0,1
d_119.mp4,0.2657,0.0,1.16,5.17,0,1
d_119.mp4,0.2616,0.0192,1.39,5.34,0,1
d_119.mp4,0.2815,0.0,1.11,5.08,0,1
d_119.mp4,0.2851,0.0,0.69,5.45,0,1
d_119.mp4,0.2259,0.0204,1.48,5.29,0,1
d_119.mp4,0.2257,0.0,1.01,5.0,0,1
d_119.mp4,0.225,0.0,1.15,5.21,0,1
d_119.mp4,0.2086,0.0,1.39,5.39,0,1
d_119.mp4,0.2126,0.0,0.98,4.84,0,1
d_119.mp4,0.2267,0.0196,1.18,4.97,0,1
d_119.mp4,0.2263,0.0,1.21,5.22,0,1
d_119.mp4,0.216,0.02,1.26,5.14,0,1
d_119.mp4,0.2155,0.0,0.95,4.91,0,1
d_119.mp4,0.2008,0.0,0.8,5.02,0,1
d_119.mp4,0.23,0.0,1.08,5.2,0,1
d_119.mp4,0.2165,0.0,1.16,5.36,0,1
d_119.mp4,0.2219,0.0,1.01,5.07,0,1
d_119.mp4,0.199,0.0,0.83,5.06,0,1
d_119.mp4,0.1138,0.0,0.37,5.17,0,1
d_119.mp4,0.2019,0.0,0.49,5.26,0,1
d_119.mp4,0.249,0.0,0.54,4.85,0,1
d_119.mp4,0.283,0.0,0.69,4.91,0,1
d_119.mp4,0.2841,0.0,0.85,5.14,0,1
d_119.mp4,0.2568,0.0,0.6,4.99,0,1
d_119.mp4,0.2671,0.0,0.54,4.78,0,1
d_119.mp4,0.281,0.0,0.62,5.25,0,1
d_119.mp4,0.2677,0.0,1.1,4.95,0,1
d_119.mp4,0.301,0.0,0.99,4.8,0,1
d_119.mp4,0.301,0.0,1.04,4.31,0,1
d_119.mp4,0.2607,0.0192,1.18,4.58,0,1
d_119.mp4,0.2592,0.0,1.61,4.63,0,1
d_119.mp4,0.276,0.0196,1.3,4.49,0,1
d_119.mp4,0.2836,0.0,0.98,4.55,0,1
d_119.mp4,0.2564,0.0,0.95,5.01,0,1
d_119.mp4,0.2864,0.0,1.89,5.07,0,1
d_119.mp4,0.2709,0.0195,2.49,5.01,0,1
d_119.mp4,0.2753,0.0,1.97,4.59,0,1
d_119.mp4,0.2744,0.0196,2.12,4.24,0,1
d_119.mp4,0.2745,0.0,1.91,4.46,0,1
d_119.mp4,0.2692,0.0,2.01,4.69,0,1
d_119.mp4,0.2589,0.0192,1.74,4.55,0,1
d_119.mp4,0.3002,0.02,1.27,4.77,0,1
d_119.mp4,0.2703,0.0192,1.82,4.8,0,1
d_119.mp4,0.2619,0.0,1.11,4.85,0,1
d_119.mp4,0.2554,0.0,0.71,4.5,0,1
d_119.mp4,0.2765,0.02,1.16,4.85,0,1
d_119.mp4,0.2727,0.0,1.4,4.71,0,1
d_119.mp4,0.27,0.0,1.38,4.74,0,1
d_119.mp4,0.2623,0.0,0.89,4.7,0,1
d_119.mp4,0.2801,0.0192,1.5,4.89,0,1
d_119.mp4,0.2658,0.0,1.42,4.64,0,1
d_119.mp4,0.2809,0.0,1.23,4.56,0,1
d_119.mp4,0.293,0.0,1.68,4.95,0,1
d_119.mp4,0.2801,0.0196,1.72,4.81,0,1
d_119.mp4,0.2669,0.0,2.13,4.83,0,1
d_119.mp4,0.2667,0.0,1.87,4.38,0,1
d_119.mp4,0.2553,0.0,1.47,4.75,0,1
d_119.mp4,0.2613,0.0196,1.6,4.52,0,1
d_119.mp4,0.2807,0.02,1.64,5.14,0,1
d_119.mp4,0.2653,0.0,1.36,4.66,0,1
d_119.mp4,0.2892,0.0196,1.68,5.06,0,1
d_119.mp4,0.2674,0.0,1.0,5.16,0,1
d_119.mp4,0.2571,0.0,1.36,4.98,0,1
d_119.mp4,0.2741,0.02,1.93,5.11,0,1
d_119.mp4,0.2885,0.0,1.71,4.96,0,1
d_119.mp4,0.2776,0.0,1.61,4.95,0,1
d_119.mp4,0.2703,0.0,1.52,4.72,0,1
d_119.mp4,0.2626,0.0,1.68,4.97,0,1
d_119.mp4,0.2522,0.0,2.06,5.39,0,1
d_119.mp4,0.2643,0.0,2.18,4.71,0,1
d_119.mp4,0.2684,0.02,1.66,4.47,0,1
d_119.mp4,0.2631,0.02,1.68,4.94,0,1
d_119.mp4,0.2555,0.0,1.44,4.94,0,1
d_119.mp4,0.2689,0.0,1.5,4.74,0,1
d_119.mp4,0.2624,0.0,1.7,5.19,0,1
d_119.mp4,0.2721,0.0,1.85,4.82,0,1
d_119.mp4,0.2806,0.02,1.73,4.99,0,1
d_119.mp4,0.2638,0.02,1.3,5.15,0,1
d_119.mp4,0.2792,0.0192,1.62,5.13,0,1
d_119.mp4,0.2754,0.0,1.78,4.72,0,1
d_119.mp4,0.2741,0.0196,1.66,4.41,0,1
d_119.mp4,0.2714,0.0,1.61,5.02,0,1
d_119.mp4,0.2708,0.0,2.27,4.98,0,1
d_119.mp4,0.2535,0.0204,2.3,4.73,0,1
d_119.mp4,0.2757,0.02,1.91,4.86,0,1
d_119.mp4,0.2644,0.02,1.88,4.7,0,1
d_119.mp4,0.2639,0.0,1.75,4.65,0,1
d_119.mp4,0.272,0.0,1.76,4.88,0,1
d_119.mp4,0.26,0.0,1.76,4.7,0,1
d_119.mp4,0.2712,0.0,2.03,4.96,0,1
d_119.mp4,0.2607,0.0,2.07,4.81,0,1
d_119.mp4,0.2545,0.0,1.99,5.1,0,1
d_119.mp4,0.2691,0.0,1.88,4.82,0,1
d_119.mp4,0.2001,0.0,1.99,5.39,0,1
d_119.mp4,0.2219,0.0,2.2,5.56,0,1
d_119.mp4,0.2349,0.0,2.17,5.43,0,1
d_119.mp4,0.2092,0.0,2.22,5.06,0,1
d_119.mp4,0.2321,0.0,2.18,5.47,0,1
d_119.mp4,0.2256,0.0,2.2,5.19,0,1
d_119.mp4,0.1848,0.02,1.92,5.37,0,1
d_119.mp4,0.1083,0.02,1.63,4.79,0,1
d_118.mp4,0.2808,0.0,1.09,5.26,0,1
d_118.mp4,0.2825,0.0,0.99,4.78,0,1
d_118.mp4,0.283,0.0,0.85,5.03,0,1
d_118.mp4,0.283,0.0,1.13,4.63,0,1
d_118.mp4,0.2709,0.0,0.96,4.29,0,1
d_118.mp4,0.2808,0.0,1.23,4.74,0,1
d_118.mp4,0.2608,0.0,0.85,4.77,0,1
d_118.mp4,0.2703,0.0196,1.38,4.61,0,1
d_118.mp4,0.261,0.0,1.4,5.05,0,1
d_118.mp4,0.2764,0.0,0.95,4.69,0,1
d_118.mp4,0.289,0.0,1.64,4.77,0,1
d_118.mp4,0.2719,0.0,0.96,4.46,0,1
d_118.mp4,0.2862,0.0,1.74,4.85,0,1
d_118.mp4,0.2924,0.0,1.59,4.9,0,1
d_118.mp4,0.2749,0.0,1.07,4.61,0,1
d_118.mp4,0.2593,0.0,1.76,4.82,0,1
d_118.mp4,0.2688,0.0,1.25,4.97,0,1
d_118.mp4,0.2867,0.0,1.8,4.73,0,1
d_118.mp4,0.251,0.0,1.58,4.58,0,1
d_118.mp4,0.2687,0.0,1.36,4.67,0,1
d_118.mp4,0.2681,0.0,1.43,5.02,0,1
d_118.mp4,0.2757,0.0,1.52,5.28,0,1
d_118.mp4,0.2725,0.0277,1.45,4.46,0,1
d_118.mp4,0.227,0.0,1.67,4.86,0,1
d_118.mp4,0.144,0.0,0.82,4.89,0,1
d_118.mp4,0.1145,0.02,0.76,4.86,0,1
d_118.mp4,0.1942,0.0,0.62,5.15,0,1
d_118.mp4,0.2511,0.0,1.43,4.77,0,1
d_118.mp4,0.2609,0.0192,1.43,5.06,0,1
d_118.mp4,0.2817,0.0,1.1,4.8,0,1
d_118.mp4,0.2634,0.0,1.2,4.94,0,1
d_118.mp4,0.2499,0.0,1.7,4.82,0,1
d_118.mp4,0.2458,0.0196,1.73,5.07,0,1
d_118.mp4,0.241,0.0,1.21,5.3,0,1
d_118.mp4,0.2723,0.0,1.34,5.58,0,1
d_118.mp4,0.2677,0.0,1.47,5.39,0,1
d_118.mp4,0.2322,0.0,0.95,4.78,0,1
d_118.mp4,0.1336,0.0192,0.8,4.48,0,1
d_118.mp4,0.0728,0.0,0.41,4.45,0,1
d_118.mp4,0.0883,0.0189,0.01,4.68,0,1
d_118.mp4,0.2188,0.0,0.9,4.57,0,1
d_118.mp4,0.264,0.0196,0.58,4.58,0,1
d_118.mp4,0.2634,0.0192,0.8,4.09,0,1
d_118.mp4,0.2543,0.0,0.46,4.47,0,1
d_118.mp4,0.2585,0.0,1.21,4.44,0,1
d_118.mp4,0.1911,0.0189,0.83,4.51,0,1
d_118.mp4,0.096,0.0,0.95,4.8,0,1
d_118.mp4,0.0597,0.0,0.4,4.44,0,1
d_118.mp4,0.2068,0.0196,1.07,4.6,0,1
d_118.mp4,0.2508,0.0,1.51,4.79,0,1
d_118.mp4,0.2467,0.0,1.31,4.26,0,1
d_118.mp4,0.2595,0.02,1.23,4.61,0,1
d_118.mp4,0.2428,0.02,0.66,4.39,0,1
d_118.mp4,0.0979,0.0196,0.54,4.62,0,1
d_118.mp4,0.0947,0.0192,0.3,4.48,0,1
d_118.mp4,0.1019,0.0189,0.23,3.96,0,1
d_118.mp4,0.253,0.0,0.76,2.27,0,1
d_118.mp4,0.2804,0.0189,0.89,0.91,0,1
d_118.mp4,0.2813,0.0185,1.31,-0.18,0,1
d_118.mp4,0.2683,0.0,1.26,-0.31,0,1
d_118.mp4,0.2827,0.0185,0.94,0.23,1,1
d_118.mp4,0.0748,0.0,1.04,1.14,0,1
d_118.mp4,0.0532,0.0196,1.76,2.26,0,1
d_118.mp4,0.0622,0.0192,1.43,3.34,0,1
d_118.mp4,0.2063,0.0,1.4,4.0,0,1
d_118.mp4,0.284,0.0,1.34,4.36,0,1
d_118.mp4,0.2702,0.0,1.74,4.26,0,1
d_118.mp4,0.2467,0.0,1.41,4.27,0,1
d_118.mp4,0.2777,0.0,0.86,4.42,0,1
d_118.mp4,0.2628,0.0196,1.43,4.84,0,1
d_118.mp4,0.2738,0.0,0.81,4.61,0,1
d_118.mp4,0.2728,0.0,0.78,4.78,0,1
d_118.mp4,0.2575,0.0,0.72,4.44,0,1
d_118.mp4,0.2756,0.0,1.57,4.79,0,1
d_118.mp4,0.2506,0.0,1.04,4.54,0,1
d_118.mp4,0.2657,0.0192,1.33,4.58,0,1
d_118.mp4,0.2571,0.0,1.62,5.06,0,1
d_118.mp4,0.2838,0.0,1.31,4.81,0,1
d_118.mp4,0.2593,0.0,1.33,4.55,0,1
d_118.mp4,0.2732,0.0,1.52,4.72,0,1
d_118.mp4,0.2762,0.0,1.55,4.92,0,1
d_118.mp4,0.2695,0.0,1.26,4.62,0,1
d_118.mp4,0.2724,0.0,1.04,4.95,0,1
d_118.mp4,0.2715,0.0,0.87,4.35,0,1
d_118.mp4,0.2465,0.0,1.42,4.88,0,1
d_118.mp4,0.248,0.0,0.71,4.62,0,1
d_118.mp4,0.2608,0.0204,1.45,4.73,0,1
d_118.mp4,0.2836,0.0,1.27,4.79,0,1
d_118.mp4,0.2723,0.0,1.16,4.9,0,1
d_118.mp4,0.2741,0.02,1.19,4.64,0,1
d_118.mp4,0.2701,0.0,1.08,4.96,0,1
d_118.mp4,0.2411,0.0,1.2,4.44,0,1
d_118.mp4,0.2632,0.0,1.01,4.93,0,1
d_118.mp4,0.277,0.0,1.41,4.51,0,1
d_118.mp4,0.2811,0.0196,1.58,5.13,0,1
d_118.mp4,0.2749,0.0196,1.22,4.74,0,1
d_118.mp4,0.2806,0.0,1.67,5.03,0,1
d_118.mp4,0.2789,0.0,1.3,4.97,0,1
d_118.mp4,0.2777,0.0,1.36,4.82,0,1
d_118.mp4,0.2568,0.0,0.73,4.62,0,1
d_118.mp4,0.2743,0.0,1.45,4.5,0,1
d_118.mp4,0.2591,0.0,1.72,5.02,0,1
d_118.mp4,0.2745,0.0,2.02,4.75,0,1
d_118.mp4,0.2753,0.0196,1.68,4.98,0,1
d_118.mp4,0.2768,0.0196,1.24,4.21,0,1
d_118.mp4,0.257,0.0,1.62,4.98,0,1
d_118.mp4,0.2697,0.0,2.19,4.94,0,1
d_118.mp4,0.2795,0.0,2.26,4.8,0,1
d_118.mp4,0.2677,0.0,1.97,4.53,0,1
d_118.mp4,0.2473,0.02,1.53,4.63,0,1
d_118.mp4,0.2741,0.0196,2.08,4.78,0,1
d_118.mp4,0.2672,0.0,1.98,5.02,0,1
d_118.mp4,0.2704,0.0,1.56,4.59,0,1
d_118.mp4,0.2675,0.0,1.74,4.81,0,1
d_118.mp4,0.2792,0.0,1.71,5.28,0,1
d_118.mp4,0.2705,0.0,1.8,4.86,0,1
d_118.mp4,0.2561,0.0196,1.76,4.87,0,1
d_118.mp4,0.2593,0.0,1.48,4.65,0,1
d_118.mp4,0.2779,0.0,1.38,5.07,0,1
d_118.mp4,0.2555,0.0,2.02,4.9,0,1
d_118.mp4,0.256,0.0,1.13,4.82,0,1
d_118.mp4,0.2603,0.0,1.01,4.45,0,1
d_118.mp4,0.2676,0.0,1.54,4.51,0,1
d_118.mp4,0.2584,0.0,1.41,4.61,0,1
d_118.mp4,0.1936,0.0,0.73,4.94,0,1
d_120.mp4,0.2042,0.0,1.89,5.42,0,1
d_120.mp4,0.2428,0.0,1.89,5.32,0,1
d_120.mp4,0.2491,0.0196,1.01,4.81,0,1
d_120.mp4,0.2671,0.0,1.11,5.16,0,1
d_120.mp4,0.2709,0.0196,1.9,5.1,0,1
d_120.mp4,0.2543,0.0,1.52,4.78,0,1
d_120.mp4,0.256,0.0,1.9,4.72,0,1
d_120.mp4,0.2495,0.0192,1.95,4.81,0,1
d_120.mp4,0.2678,0.0,2.33,4.46,0,1
d_120.mp4,0.2713,0.0192,2.56,4.82,0,1
d_120.mp4,0.2564,0.0,2.0,4.81,0,1
d_120.mp4,0.2531,0.0,2.26,4.64,0,1
d_120.mp4,0.2731,0.0,2.62,4.63,0,1
d_120.mp4,0.2711,0.0,2.94,4.45,0,1
d_120.mp4,0.246,0.02,2.36,4.53,0,1
d_120.mp4,0.2391,0.02,1.67,4.6,0,1
d_120.mp4,0.2482,0.02,1.99,4.39,0,1
d_120.mp4,0.2684,0.0,2.22,5.0,0,1
d_120.mp4,0.2608,0.0,2.2,5.09,0,1
d_120.mp4,0.2502,0.02,2.47,4.73,0,1
d_120.mp4,0.2572,0.0,2.18,5.33,0,1
d_120.mp4,0.2511,0.0,2.6,5.17,0,1
d_120.mp4,0.2328,0.0192,2.17,4.93,0,1
d_120.mp4,0.2657,0.0,2.5,5.08,0,1
d_120.mp4,0.2631,0.0196,2.96,5.12,0,1
d_120.mp4,0.2475,0.0,2.75,5.09,0,1
d_120.mp4,0.2484,0.0,2.3,4.74,0,1
d_120.mp4,0.2576,0.0,2.61,4.82,0,1
d_120.mp4,0.2586,0.0,2.64,4.91,0,1
d_120.mp4,0.2484,0.0,2.68,4.91,0,1
d_120.mp4,0.2342,0.0,2.83,4.95,0,1
d_120.mp4,0.2586,0.0192,3.28,5.16,0,1
d_120.mp4,0.2506,0.0,2.7,4.67,0,1
d_120.mp4,0.2625,0.0,2.25,4.74,0,1
d_120.mp4,0.2743,0.0,2.31,4.95,0,1
d_120.mp4,0.2653,0.0,2.24,4.78,0,1
d_120.mp4,0.2687,0.0,1.84,4.95,0,1
d_120.mp4,0.2755,0.0,2.21,4.76,0,1
d_120.mp4,0.2527,0.0,2.45,4.84,0,1
d_120.mp4,0.2546,0.0192,2.18,4.75,0,1
d_120.mp4,0.2708,0.0,2.81,4.94,0,1
d_120.mp4,0.2759,0.0,2.44,4.75,0,1
d_120.mp4,0.2602,0.0,1.99,4.65,0,1
d_120.mp4,0.2784,0.0,1.9,4.64,0,1
d_120.mp4,0.274,0.0,1.42,4.41,0,1
d_120.mp4,0.2803,0.0,1.5,4.32,0,1
d_120.mp4,0.2717,0.0,1.87,4.6,0,1
d_120.mp4,0.2653,0.0196,2.46,4.74,0,1
d_120.mp4,0.2905,0.0,2.31,4.52,0,1
d_120.mp4,0.2578,0.0,2.21,4.69,0,1
d_120.mp4,0.2804,0.0192,2.87,4.62,0,1
d_120.mp4,0.2638,0.0,2.25,4.71,0,1
d_120.mp4,0.2037,0.0,2.15,5.68,0,1
d_120.mp4,0.1174,0.0,2.19,6.59,0,1
d_120.mp4,0.1835,0.0,2.12,7.37,0,1
d_120.mp4,0.2889,0.0,2.24,8.64,0,1
d_120.mp4,0.3,0.0213,0.95,10.24,0,1
d_120.mp4,0.3142,0.0,1.38,11.33,0,1
d_120.mp4,0.3141,0.0232,1.13,11.7,0,1
d_120.mp4,0.305,0.0,0.92,12.37,0,1
d_120.mp4,0.3552,0.0,0.86,12.1,0,1
d_120.mp4,0.3421,0.0237,1.14,12.26,0,1
d_120.mp4,0.3134,0.0222,0.44,12.37,0,1
d_120.mp4,0.1603,0.0,1.11,11.47,0,1
d_120.mp4,0.0737,0.0,1.17,11.15,0,1
d_120.mp4,0.2485,0.0,1.13,10.25,0,1
d_120.mp4,0.27,0.0213,1.51,9.0,0,1
d_120.mp4,0.2643,0.0,1.55,8.44,0,1
d_120.mp4,0.2568,0.0,1.43,6.97,0,1
d_120.mp4,0.2616,0.0,1.46,6.88,0,1
d_120.mp4,0.2564,0.0,1.67,6.44,0,1
d_120.mp4,0.2615,0.0,1.53,6.18,0,1
d_120.mp4,0.2416,0.0,1.83,5.88,0,1
d_120.mp4,0.265,0.0,1.68,5.34,0,1
d_120.mp4,0.2615,0.0,1.52,5.58,0,1
d_120.mp4,0.261,0.0,1.97,5.45,0,1
d_120.mp4,0.2687,0.0,1.79,5.2,0,1
d_120.mp4,0.2548,0.0,1.55,5.22,0,1
d_120.mp4,0.2613,0.0,1.59,4.66,0,1
d_120.mp4,0.2564,0.0,1.68,4.99,0,1
d_120.mp4,0.2397,0.0,1.37,4.88,0,1
d_120.mp4,0.2591,0.0,1.48,4.73,0,1
d_120.mp4,0.2686,0.0,1.78,4.81,0,1
d_120.mp4,0.2568,0.02,1.69,4.91,0,1
d_120.mp4,0.2594,0.0204,1.5,4.88,0,1
d_120.mp4,0.253,0.0,1.61,4.37,0,1
d_120.mp4,0.2807,0.0196,1.74,4.95,0,1
d_120.mp4,0.2458,0.02,1.86,4.84,0,1
d_120.mp4,0.2545,0.0,1.53,4.97,0,1
d_120.mp4,0.2551,0.0,1.98,4.52,0,1
d_120.mp4,0.139,0.0,1.6,4.63,0,1
d_120.mp4,0.0846,0.0196,0.75,4.65,0,1
d_120.mp4,0.1447,0.0,1.28,3.85,0,1
d_120.mp4,0.2688,0.0,1.34,2.4,0,1
d_120.mp4,0.2565,0.0,1.3,1.45,0,1
d_120.mp4,0.2825,0.0188,1.42,0.76,0,1
d_120.mp4,0.0999,0.0,1.05,0.98,0,1
d_120.mp4,0.0552,0.0,1.02,1.54,0,1
d_120.mp4,0.2368,0.0,1.0,2.3,0,1
d_120.mp4,0.2317,0.0,0.9,2.32,0,1
d_120.mp4,0.2501,0.0,1.31,2.78,0,1
d_120.mp4,0.2541,0.0272,1.75,3.44,0,1
d_120.mp4,0.255,0.0,0.98,3.15,0,1
d_120.mp4,0.2517,0.0,1.34,3.63,0,1
d_120.mp4,0.2453,0.0,1.42,3.5,0,1
d_120.mp4,0.2451,0.0,1.56,4.29,0,1
d_120.mp4,0.2628,0.0,1.03,4.18,0,1
d_120.mp4,0.232,0.0,1.8,4.13,0,1
d_120.mp4,0.2285,0.0,1.38,4.67,0,1
d_120.mp4,0.2728,0.0,1.4,4.54,0,1
d_120.mp4,0.2517,0.0192,2.0,4.27,0,1
d_120.mp4,0.2578,0.0196,2.17,4.61,0,1
d_120.mp4,0.2473,0.0,2.14,4.78,0,1
d_120.mp4,0.2439,0.0,1.58,4.83,0,1
d_120.mp4,0.2591,0.0196,1.82,4.52,0,1
d_120.mp4,0.2617,0.0,1.23,4.85,0,1
d_120.mp4,0.2527,0.0,1.4,4.67,0,1
d_120.mp4,0.2466,0.0,1.46,4.61,0,1
d_120.mp4,0.1996,0.0,1.67,5.05,0,1
d_120.mp4,0.0526,0.0,1.4,5.09,0,1
d_120.mp4,0.0577,0.0,1.46,6.55,0,1
d_120.mp4,0.039,0.0,1.33,7.29,0,1
d_120.mp4,0.207,0.0,0.85,8.89,0,1
d_120.mp4,0.2818,0.0,1.39,9.77,0,1
d_120.mp4,0.2801,0.0222,1.35,10.4,0,1
d_122.mp4,0.2707,0.0,1.32,4.66,0,1
d_122.mp4,0.2967,0.0,1.2,4.05,0,1
d_122.mp4,0.2836,0.0,1.29,4.84,0,1
d_122.mp4,0.2714,0.0,1.23,4.29,0,1
d_122.mp4,0.2588,0.0192,0.79,4.5,0,1
d_122.mp4,0.2716,0.0,1.2,4.33,0,1
d_122.mp4,0.2868,0.0,1.27,5.13,0,1
d_122.mp4,0.2711,0.0,0.94,4.37,0,1
d_122.mp4,0.2853,0.0,1.28,4.57,0,1
d_122.mp4,0.2695,0.0,1.12,4.2,0,1
d_122.mp4,0.2779,0.0,1.06,4.13,0,1
d_122.mp4,0.2637,0.0,1.48,4.46,0,1
d_122.mp4,0.2522,0.0,1.5,4.0,0,1
d_122.mp4,0.2556,0.0,0.98,4.46,0,1
d_122.mp4,0.2532,0.0,1.33,4.13,0,1
d_122.mp4,0.2713,0.0,1.49,4.49,0,1
d_122.mp4,0.2513,0.0,0.7,4.1,0,1
d_122.mp4,0.2806,0.0,1.18,3.99,0,1
d_122.mp4,0.2643,0.0,0.78,4.29,0,1
d_122.mp4,0.2878,0.0,1.03,4.29,0,1
d_122.mp4,0.261,0.0188,0.6,4.07,0,1
d_122.mp4,0.271,0.0,0.5,4.1,0,1
d_122.mp4,0.2614,0.0,1.18,4.28,0,1
d_122.mp4,0.2754,0.0188,0.83,4.25,0,1
d_122.mp4,0.2681,0.0192,0.88,4.28,0,1
d_122.mp4,0.2727,0.0,1.19,4.43,0,1
d_122.mp4,0.2877,0.0,1.18,4.66,0,1
d_122.mp4,0.257,0.0,1.24,4.08,0,1
d_122.mp4,0.2877,0.0,0.91,4.48,0,1
d_122.mp4,0.2693,0.0,1.26,4.34,0,1
d_122.mp4,0.2945,0.0,0.93,4.74,0,1
d_122.mp4,0.2853,0.0,1.76,4.37,0,1
d_122.mp4,0.2758,0.0,1.59,4.84,0,1
d_122.mp4,0.2703,0.0,1.59,4.24,0,1
d_122.mp4,0.2778,0.0,1.69,4.94,0,1
d_122.mp4,0.2828,0.0282,1.97,4.6,0,1
d_122.mp4,0.2673,0.0,1.34,4.58,0,1
d_122.mp4,0.289,0.0,1.46,4.8,0,1
d_122.mp4,0.2618,0.0,1.44,4.42,0,1
d_122.mp4,0.2902,0.0192,1.9,5.0,0,1
d_122.mp4,0.2802,0.0,1.59,4.28,0,1
d_122.mp4,0.2704,0.0,1.53,4.61,0,1
d_122.mp4,0.2688,0.0,1.82,4.38,0,1
d_122.mp4,0.2828,0.0,1.33,4.3,0,1
d_122.mp4,0.2888,0.0,1.29,4.63,0,1
d_122.mp4,0.2752,0.0,1.53,4.1,0,1
d_122.mp4,0.2868,0.0,1.35,4.42,0,1
d_122.mp4,0.2778,0.0,1.58,4.36,0,1
d_122.mp4,0.2545,0.0,0.92,4.26,0,1
d_122.mp4,0.2631,0.0,1.58,4.22,0,1
d_122.mp4,0.2902,0.0,1.02,4.59,0,1
d_122.mp4,0.28,0.0,0.97,3.94,0,1
d_122.mp4,0.2963,0.0195,1.41,4.49,0,1
d_122.mp4,0.2709,0.0,1.35,4.13,0,1
d_122.mp4,0.274,0.0,1.2,4.07,0,1
d_122.mp4,0.2808,0.0,1.19,4.41,0,1
d_122.mp4,0.2774,0.0,1.09,4.31,0,1
d_122.mp4,0.2946,0.0,1.31,4.44,0,1
d_122.mp4,0.2765,0.0,1.06,4.21,0,1
d_122.mp4,0.2819,0.0,1.01,4.64,0,1
d_122.mp4,0.2688,0.0195,1.54,4.36,0,1
d_122.mp4,0.2742,0.0,1.09,4.31,0,1
d_122.mp4,0.2716,0.0,0.86,4.38,0,1
d_122.mp4,0.2863,0.0188,0.55,4.66,0,1
d_122.mp4,0.2592,0.0,0.95,4.7,0,1
d_122.mp4,0.2855,0.0,0.83,4.78,0,1
d_122.mp4,0.2881,0.0204,1.21,4.51,0,1
d_122.mp4,0.2674,0.0,1.78,4.87,0,1
d_122.mp4,0.2699,0.0,1.8,4.63,0,1
d_122.mp4,0.2698,0.0,0.8,4.43,0,1
d_122.mp4,0.2728,0.0,1.21,4.57,0,1
d_122.mp4,0.2798,0.02,1.16,4.67,0,1
d_122.mp4,0.2603,0.0,1.84,4.65,0,1
d_122.mp4,0.2794,0.0,1.42,4.61,0,1
d_122.mp4,0.2636,0.0192,1.43,4.27,0,1
d_122.mp4,0.2777,0.0,1.22,4.36,0,1
d_122.mp4,0.2734,0.0,1.31,4.37,0,1
d_122.mp4,0.2737,0.0,2.01,4.72,0,1
d_122.mp4,0.306,0.0,1.59,4.69,0,1
d_122.mp4,0.2828,0.0196,1.79,4.57,0,1
d_122.mp4,0.2807,0.0,1.58,4.65,0,1
d_122.mp4,0.2913,0.0,1.45,4.64,0,1
d_122.mp4,0.2844,0.0,1.66,4.92,0,1
d_122.mp4,0.2877,0.0,1.35,4.86,0,1
d_122.mp4,0.2726,0.0,2.01,4.93,0,1
d_122.mp4,0.2874,0.0,2.21,5.09,0,1
d_122.mp4,0.2812,0.0,1.74,4.89,0,1
d_122.mp4,0.2919,0.0,1.66,4.98,0,1
d_122.mp4,0.2799,0.0,1.43,4.66,0,1
d_122.mp4,0.2736,0.0,1.45,4.81,0,1
d_122.mp4,0.2647,0.0,2.02,4.96,0,1
d_122.mp4,0.276,0.0196,2.1,4.89,0,1
d_122.mp4,0.2592,0.0,1.72,4.76,0,1
d_122.mp4,0.2756,0.0,1.5,4.84,0,1
d_122.mp4,0.2778,0.0,1.45,4.5,0,1
d_122.mp4,0.2857,0.0,1.51,5.01,0,1
d_122.mp4,0.2715,0.0196,1.49,4.5,0,1
d_122.mp4,0.1954,0.0,1.67,5.04,0,1
d_122.mp4,0.1221,0.02,1.37,4.8,0,1
d_122.mp4,0.0473,0.0,0.72,4.48,0,1
d_122.mp4,0.0642,0.02,1.27,4.98,0,1
d_122.mp4,0.1848,0.02,1.68,5.03,0,1
d_122.mp4,0.2531,0.0,1.76,4.89,0,1
d_122.mp4,0.2557,0.0,1.95,5.03,0,1
d_122.mp4,0.2567,0.0,1.75,4.7,0,1
d_122.mp4,0.259,0.02,1.8,4.87,0,1
d_122.mp4,0.2593,0.0,1.78,4.6,0,1
d_122.mp4,0.2566,0.0,1.63,5.02,0,1
d_122.mp4,0.2397,0.0,1.83,4.41,0,1
d_122.mp4,0.259,0.0,1.7,4.75,0,1
d_122.mp4,0.2589,0.0,1.88,4.56,0,1
d_122.mp4,0.2596,0.0,1.43,4.64,0,1
d_122.mp4,0.2553,0.0,1.82,4.26,0,1
d_122.mp4,0.2523,0.0,1.43,4.4,0,1
d_122.mp4,0.2572,0.0,1.54,4.65,0,1
d_122.mp4,0.2407,0.0,1.71,4.59,0,1
d_122.mp4,0.2684,0.0,1.49,4.21,0,1
d_122.mp4,0.2738,0.0,1.97,4.84,0,1
d_122.mp4,0.2561,0.0,1.66,4.53,0,1
d_122.mp4,0.2733,0.0,1.7,4.46,0,1
d_122.mp4,0.276,0.0196,1.96,4.93,0,1
d_122.mp4,0.2616,0.0,1.71,4.44,0,1
d_122.mp4,0.278,0.0,1.45,4.88,0,1
d_122.mp4,0.2697,0.0,1.72,4.52,0,1
d_122.mp4,0.2868,0.0,1.46,5.04,0,1
d_123.mp4,0.1202,0.0,1.06,5.19,0,1
d_123.mp4,0.1465,0.0,1.02,4.2,0,1
d_123.mp4,0.2642,0.0,1.31,3.71,0,1
d_123.mp4,0.286,0.0,1.83,2.99,1,1
d_123.mp4,0.3003,0.0,1.55,2.24,1,1
d_123.mp4,0.1498,0.0188,0.97,2.05,0,1
d_123.mp4,0.0881,0.0,1.41,2.58,0,1
d_123.mp4,0.2236,0.0,1.37,3.0,0,1
d_123.mp4,0.2628,0.0192,1.75,3.63,0,1
d_123.mp4,0.2632,0.0,1.43,4.12,0,1
d_123.mp4,0.2762,0.0,1.09,4.16,0,1
d_123.mp4,0.276,0.0196,1.63,4.57,0,1
d_123.mp4,0.2809,0.0196,1.44,4.68,0,1
d_123.mp4,0.2632,0.0,0.93,4.48,0,1
d_123.mp4,0.2808,0.0,1.17,4.04,0,1
d_123.mp4,0.2759,0.0,0.63,4.44,0,1
d_123.mp4,0.2747,0.0,1.33,4.05,0,1
d_123.mp4,0.2847,0.0,0.78,4.31,1,1
d_123.mp4,0.2855,0.0,1.06,4.62,0,1
d_123.mp4,0.2677,0.0192,1.0,4.22,0,1
d_123.mp4,0.279,0.0,1.13,4.16,0,1
d_123.mp4,0.2886,0.0,1.08,3.91,0,1
d_123.mp4,0.2926,0.0,1.16,4.28,0,1
d_123.mp4,0.2757,0.0,0.85,4.06,0,1
d_123.mp4,0.2625,0.0,1.29,4.28,0,1
d_123.mp4,0.2742,0.0,1.21,4.12,0,1
d_123.mp4,0.2851,0.0192,0.98,3.96,0,1
d_123.mp4,0.2594,0.0,0.56,3.75,0,1
d_123.mp4,0.2639,0.0,0.64,3.87,0,1
d_123.mp4,0.2734,0.0,1.42,4.42,0,1
d_123.mp4,0.2901,0.0,1.23,4.2,0,1
d_123.mp4,0.2847,0.0,1.37,4.39,0,1
d_123.mp4,0.2598,0.0,1.52,4.21,0,1
d_123.mp4,0.2745,0.0,1.25,4.66,0,1
d_123.mp4,0.2815,0.0,1.35,4.33,0,1
d_123.mp4,0.2569,0.0,0.93,4.4,0,1
d_123.mp4,0.2909,0.0,1.74,4.1,0,1
d_123.mp4,0.2935,0.0,1.09,4.48,0,1
d_123.mp4,0.2958,0.0,1.43,4.7,0,1
d_123.mp4,0.276,0.0,1.37,4.42,0,1
d_123.mp4,0.2832,0.0,1.36,4.5,0,1
d_123.mp4,0.2566,0.0,1.58,4.11,0,1
d_123.mp4,0.2931,0.0,1.29,4.64,0,1
d_123.mp4,0.2902,0.0,1.09,4.51,0,1
d_123.mp4,0.2943,0.0,1.43,4.27,0,1
d_123.mp4,0.2638,0.0188,1.01,4.53,0,1
d_123.mp4,0.274,0.0196,1.16,4.32,0,1
d_123.mp4,0.2637,0.0,0.82,4.25,0,1
d_123.mp4,0.2705,0.0,0.86,4.48,0,1
d_123.mp4,0.2639,0.02,1.52,4.04,0,1
d_123.mp4,0.2671,0.0,1.04,4.22,0,1
d_123.mp4,0.2814,0.0,1.24,4.06,0,1
d_123.mp4,0.2729,0.0,0.78,4.61,0,1
d_123.mp4,0.2629,0.0,0.48,3.78,0,1
d_123.mp4,0.2657,0.0196,1.11,4.3,0,1
d_123.mp4,0.2667,0.0,1.66,3.95,0,1
d_123.mp4,0.2656,0.0,1.16,4.15,0,1
d_123.mp4,0.2796,0.0,1.16,4.39,0,1
d_123.mp4,0.2723,0.0196,0.98,4.37,0,1
d_123.mp4,0.278,0.0,1.64,4.44,0,1
d_123.mp4,0.2958,0.0,2.06,4.5,0,1
d_123.mp4,0.2877,0.0,1.55,4.66,0,1
d_123.mp4,0.2695,0.0,2.05,4.38,0,1
d_123.mp4,0.2722,0.0,1.62,4.85,0,1
d_123.mp4,0.264,0.0192,2.04,4.69,0,1
d_123.mp4,0.2675,0.0,1.34,4.39,0,1
d_123.mp4,0.2821,0.0,1.13,4.36,0,1
d_123.mp4,0.2753,0.0204,1.53,4.34,0,1
d_123.mp4,0.2791,0.0,1.72,4.49,0,1
d_123.mp4,0.2866,0.0,1.28,4.35,0,1
d_123.mp4,0.287,0.0,1.62,4.28,0,1
d_123.mp4,0.262,0.0185,1.33,4.52,0,1
d_123.mp4,0.2823,0.0,1.63,4.08,0,1
d_123.mp4,0.2903,0.0,0.75,4.14,0,1
d_123.mp4,0.2822,0.0,1.11,4.23,0,1
d_123.mp4,0.2795,0.0,1.48,4.54,0,1
d_123.mp4,0.2796,0.0196,1.37,4.36,0,1
d_123.mp4,0.2869,0.0,1.46,4.84,0,1
d_123.mp4,0.2597,0.0,1.49,4.76,0,1
d_123.mp4,0.2793,0.0196,1.74,4.71,0,1
d_123.mp4,0.2791,0.0,1.81,4.85,0,1
d_123.mp4,0.28,0.02,1.09,4.78,0,1
d_123.mp4,0.279,0.0192,1.71,4.65,0,1
d_123.mp4,0.2614,0.0,1.44,5.22,0,1
d_123.mp4,0.2759,0.0,1.37,4.79,0,1
d_123.mp4,0.2777,0.02,1.21,4.42,0,1
d_123.mp4,0.293,0.0,1.04,4.37,0,1
d_123.mp4,0.2804,0.0,1.24,4.84,0,1
d_123.mp4,0.2912,0.0,1.77,4.61,0,1
d_123.mp4,0.2828,0.0,1.15,4.31,0,1
d_123.mp4,0.2835,0.0,1.32,4.46,0,1
d_123.mp4,0.2774,0.0,2.09,4.54,0,1
d_123.mp4,0.2983,0.02,1.89,4.57,0,1
d_123.mp4,0.2684,0.0,1.41,4.32,0,1
d_123.mp4,0.2742,0.0,1.69,4.33,0,1
d_123.mp4,0.2854,0.0,1.63,4.35,0,1
d_123.mp4,0.2779,0.0,1.69,4.45,0,1
d_123.mp4,0.2916,0.0,1.81,4.38,0,1
d_123.mp4,0.2755,0.0277,1.51,4.1,0,1
d_123.mp4,0.2853,0.0,1.91,4.39,0,1
d_123.mp4,0.2695,0.0,1.82,4.25,0,1
d_123.mp4,0.2738,0.0,1.76,4.17,0,1
d_123.mp4,0.2952,0.0,1.37,4.43,0,1
d_123.mp4,0.2708,0.0,1.2,4.13,0,1
d_123.mp4,0.2435,0.0,1.24,4.25,0,1
d_123.mp4,0.1347,0.0204,1.5,4.22,0,1
d_123.mp4,0.0469,0.0,1.4,4.42,0,1
d_123.mp4,0.0507,0.0,1.03,4.5,0,1
d_123.mp4,0.0906,0.0,1.55,4.49,0,1
d_123.mp4,0.2159,0.0,1.27,4.96,0,1
d_123.mp4,0.251,0.0196,2.25,4.31,0,1
d_123.mp4,0.2534,0.02,1.64,4.76,0,1
d_123.mp4,0.2403,0.0,2.88,4.75,0,1
d_123.mp4,0.0272,0.0,2.14,4.98,0,1
d_123.mp4,0.0526,0.0208,2.41,6.27,0,1
d_123.mp4,0.216,0.0208,2.41,8.19,0,1
d_123.mp4,0.3097,0.0,2.83,9.47,0,1
d_123.mp4,0.3085,0.0,1.84,10.98,0,1
d_123.mp4,0.2769,0.0232,0.95,11.14,0,1
d_123.mp4,0.0749,0.0,1.08,11.52,0,1
d_123.mp4,0.0824,0.0213,1.02,10.65,0,1
d_123.mp4,0.0642,0.0,-0.14,9.66,0,1
d_123.mp4,0.0746,0.0,0.88,9.26,0,1
d_123.mp4,0.0433,0.0,0.48,7.64,0,1
d_123.mp4,0.2367,0.0,1.12,6.68,0,1
d_121.mp4,0.2941,0.0233,1.04,10.71,0,1
d_121.mp4,0.2864,0.0222,0.26,10.79,0,1
d_121.mp4,0.2843,0.0,0.68,11.47,0,1
d_121.mp4,0.1304,0.0,0.9,11.12,0,1
d_121.mp4,0.0923,0.0,0.86,10.56,0,1
d_121.mp4,0.2219,0.0,0.81,9.38,0,1
d_121.mp4,0.2617,0.0,0.9,8.81,0,1
d_121.mp4,0.257,0.0,1.07,7.76,0,1
d_121.mp4,0.2436,0.0,1.55,7.59,0,1
d_121.mp4,0.249,0.0,1.01,6.63,0,1
d_121.mp4,0.2489,0.0,1.34,6.11,0,1
d_121.mp4,0.2655,0.0,1.69,6.38,0,1
d_121.mp4,0.2637,0.0,1.54,6.36,0,1
d_121.mp4,0.2501,0.0,1.37,5.65,0,1
d_121.mp4,0.2596,0.0196,1.47,5.77,0,1
d_121.mp4,0.2485,0.02,1.59,5.82,0,1
d_121.mp4,0.2387,0.0,1.39,5.5,0,1
d_121.mp4,0.2597,0.0,1.17,5.24,0,1
d_121.mp4,0.2599,0.0,2.03,5.49,0,1
d_121.mp4,0.2719,0.0,2.05,5.8,0,1
d_121.mp4,0.2809,0.0,1.5,5.74,0,1
d_121.mp4,0.272,0.0,2.11,5.09,0,1
d_121.mp4,0.2666,0.0,1.29,5.64,0,1
d_121.mp4,0.284,0.0,1.31,5.39,0,1
d_121.mp4,0.2515,0.0,1.27,5.26,0,1
d_121.mp4,0.2673,0.0196,1.1,5.27,0,1
d_121.mp4,0.2678,0.0,1.04,5.5,0,1
d_121.mp4,0.2549,0.0,1.46,5.18,0,1
d_121.mp4,0.2508,0.0192,1.63,5.2,0,1
d_121.mp4,0.2821,0.0,1.7,5.38,0,1
d_121.mp4,0.2721,0.0192,1.71,5.51,0,1
d_121.mp4,0.2459,0.0,1.77,5.28,0,1
d_121.mp4,0.2552,0.0,1.38,5.39,0,1
d_121.mp4,0.2769,0.0,1.64,5.19,0,1
d_121.mp4,0.2691,0.0,1.88,5.42,0,1
d_121.mp4,0.2656,0.0,1.76,5.62,0,1
d_121.mp4,0.256,0.02,1.52,5.28,0,1
d_121.mp4,0.2686,0.0,1.45,5.49,0,1
d_121.mp4,0.2632,0.02,1.06,5.27,0,1
d_121.mp4,0.2603,0.02,1.31,5.17,0,1
d_121.mp4,0.2566,0.02,0.95,4.8,0,1
d_121.mp4,0.2629,0.0,0.82,5.25,0,1
d_121.mp4,0.2527,0.0,1.57,4.81,0,1
d_121.mp4,0.2604,0.0277,1.12,4.84,0,1
d_121.mp4,0.2615,0.0196,0.77,4.72,0,1
d_121.mp4,0.2732,0.0,1.36,4.95,0,1
d_121.mp4,0.2576,0.0,2.0,4.64,0,1
d_121.mp4,0.2653,0.0,1.82,4.48,0,1
d_121.mp4,0.2576,0.0,1.73,4.22,0,1
d_121.mp4,0.2631,0.0,2.14,4.34,0,1
d_121.mp4,0.2679,0.0,1.74,4.89,0,1
d_121.mp4,0.2656,0.0,1.95,4.68,0,1
d_121.mp4,0.2638,0.0,1.97,4.78,0,1
d_121.mp4,0.2366,0.0,2.24,4.77,0,1
d_121.mp4,0.2849,0.0,2.46,4.71,0,1
d_121.mp4,0.2613,0.0192,1.98,4.5,0,1
d_121.mp4,0.2681,0.0192,1.16,4.32,0,1
d_121.mp4,0.2674,0.0,1.51,4.44,0,1
d_121.mp4,0.2461,0.0,1.22,5.07,0,1
d_121.mp4,0.2348,0.0,1.0,4.3,0,1
d_121.mp4,0.2591,0.0,1.58,4.73,0,1
d_121.mp4,0.2614,0.0,1.59,4.45,0,1
d_121.mp4,0.2793,0.0,1.14,5.04,0,1
d_121.mp4,0.2668,0.0,1.46,4.96,0,1
d_121.mp4,0.2576,0.0,1.9,4.76,0,1
d_121.mp4,0.2687,0.0,1.84,4.67,0,1
d_121.mp4,0.2532,0.0,1.53,4.71,0,1
d_121.mp4,0.2799,0.0,1.67,4.82,0,1
d_121.mp4,0.2624,0.0,2.03,4.94,0,1
d_121.mp4,0.2613,0.0,1.85,4.73,0,1
d_121.mp4,0.2675,0.0,1.63,5.15,0,1
d_121.mp4,0.255,0.0192,1.99,5.1,0,1
d_121.mp4,0.2615,0.0,1.91,5.25,0,1
d_121.mp4,0.274,0.0,1.83,5.57,0,1
d_121.mp4,0.2572,0.0192,2.07,5.3,0,1
d_121.mp4,0.2843,0.0,2.02,5.08,0,1
d_121.mp4,0.2628,0.0,1.65,5.2,0,1
d_121.mp4,0.2792,0.0,1.26,4.95,0,1
d_121.mp4,0.2615,0.0,1.47,4.57,0,1
d_121.mp4,0.2844,0.0,1.49,5.14,0,1
d_121.mp4,0.2083,0.0,1.27,5.46,0,1
d_121.mp4,0.054,0.0,0.45,5.24,0,1
d_121.mp4,0.1154,0.0,0.67,6.54,0,1
d_121.mp4,0.2576,0.0,0.92,8.96,0,1
d_121.mp4,0.2898,0.0,1.1,9.13,0,1
d_121.mp4,0.2887,0.0217,0.42,10.59,0,1
d_121.mp4,0.2851,0.0,0.35,10.38,0,1
d_121.mp4,0.1739,0.0,0.32,10.34,0,1
d_121.mp4,0.0345,0.0,0.59,10.15,0,1
d_121.mp4,0.0831,0.0,0.4,10.0,0,1
d_121.mp4,0.2401,0.0,0.3,10.07,0,1
d_121.mp4,0.2974,0.0,1.27,9.84,0,1
d_121.mp4,0.2996,0.0,0.23,10.45,0,1
d_121.mp4,0.3055,0.0,0.85,10.16,0,1
d_121.mp4,0.2912,0.0,0.75,9.72,0,1
d_121.mp4,0.2724,0.0,0.54,9.67,0,1
d_121.mp4,0.271,0.0208,0.59,9.93,0,1
d_121.mp4,0.113,0.0,0.22,9.78,0,1
d_121.mp4,0.1568,0.0,-0.05,8.72,0,1
d_121.mp4,0.2668,0.0,0.78,6.91,0,1
d_121.mp4,0.2704,0.0,0.38,6.68,0,1
d_121.mp4,0.2584,0.0,0.48,6.52,0,1
d_121.mp4,0.268,0.0,0.51,6.04,0,1
d_121.mp4,0.2882,0.0,0.8,5.36,0,1
d_121.mp4,0.2677,0.0,0.6,5.25,0,1
d_121.mp4,0.2827,0.0,0.88,5.02,0,1
d_121.mp4,0.2442,0.0,1.56,5.42,0,1
d_121.mp4,0.2569,0.0196,1.5,4.85,0,1
d_121.mp4,0.257,0.0195,1.84,5.04,0,1
d_121.mp4,0.2635,0.0,1.66,4.98,0,1
d_121.mp4,0.2659,0.0,1.22,4.52,0,1
d_121.mp4,0.247,0.0,1.13,5.04,0,1
d_121.mp4,0.2641,0.0,1.6,4.96,0,1
d_121.mp4,0.2566,0.0,1.49,4.52,0,1
d_121.mp4,0.2796,0.0,1.49,4.4,0,1
d_121.mp4,0.2697,0.0,1.43,4.58,0,1
d_121.mp4,0.2681,0.0,1.33,4.76,0,1
d_121.mp4,0.2662,0.02,1.16,4.49,0,1
d_121.mp4,0.2617,0.0,1.52,4.5,0,1
d_121.mp4,0.2677,0.0,1.1,5.01,0,1
d_121.mp4,0.2764,0.0,1.48,4.8,0,1
d_121.mp4,0.24,0.02,1.15,4.74,0,1
d_121.mp4,0.2591,0.0,0.99,4.22,0,1
d_121.mp4,0.2699,0.0195,1.42,4.77,0,1
d_121.mp4,0.2647,0.0,1.51,4.61,0,1
d_125.mp4,0.2173,0.0,0.93,5.16,0,1
d_125.mp4,0.2249,0.02,1.44,4.29,0,1
d_125.mp4,0.2307,0.0,1.3,4.26,0,1
d_125.mp4,0.2184,0.0,1.17,4.03,0,1
d_125.mp4,0.2197,0.0,1.37,4.22,0,1
d_125.mp4,0.0911,0.0,1.05,4.49,0,1
d_125.mp4,0.0874,0.0,0.77,4.46,0,1
d_125.mp4,0.2346,0.0192,0.46,4.21,0,1
d_125.mp4,0.2685,0.0,0.58,4.17,0,1
d_125.mp4,0.2795,0.0196,1.21,4.48,0,1
d_125.mp4,0.2537,0.0188,0.95,3.71,0,1
d_125.mp4,0.2621,0.0196,0.86,3.38,0,1
d_125.mp4,0.2614,0.0,0.6,3.95,0,1
d_125.mp4,0.2549,0.0,0.85,3.71,0,1
d_125.mp4,0.2596,0.0,0.88,3.98,0,1
d_125.mp4,0.2675,0.0,1.02,3.67,0,1
d_125.mp4,0.2464,0.0,0.99,3.74,0,1
d_125.mp4,0.2432,0.0,0.64,3.57,1,1
d_125.mp4,0.2344,0.0,1.0,3.59,0,1
d_125.mp4,0.2506,0.0,1.48,3.71,0,1
d_125.mp4,0.2503,0.0185,1.14,3.9,0,1
d_125.mp4,0.2386,0.0,1.07,3.77,0,1
d_125.mp4,0.2466,0.0,1.08,3.91,0,1
d_125.mp4,0.2504,0.0,1.25,3.84,0,1
d_125.mp4,0.1082,0.0,0.66,3.88,0,1
d_125.mp4,0.2172,0.0,0.87,3.38,0,1
d_125.mp4,0.2842,0.0,0.46,2.98,0,1
d_125.mp4,0.2909,0.0,0.46,2.66,0,1
d_125.mp4,0.2996,0.0182,0.94,2.79,0,1
d_125.mp4,0.2822,0.0188,1.2,2.36,0,1
d_125.mp4,0.2673,0.0189,0.71,2.97,0,1
d_125.mp4,0.1833,0.0192,1.29,3.27,0,1
d_125.mp4,0.2206,0.0,0.98,3.23,0,1
d_125.mp4,0.2529,0.0,1.12,3.38,0,1
d_125.mp4,0.2475,0.0,0.95,3.27,0,1
d_125.mp4,0.2696,0.0,1.17,3.34,0,1
d_125.mp4,0.2622,0.0,1.29,3.55,0,1
d_125.mp4,0.2744,0.0,1.26,3.27,0,1
d_125.mp4,0.2758,0.0,1.06,3.8,0,1
d_125.mp4,0.2627,0.0,0.45,3.68,0,1
d_125.mp4,0.2612,0.0,0.93,3.9,0,1
d_125.mp4,0.2675,0.0,0.87,3.82,0,1
d_125.mp4,0.2666,0.0,0.58,3.9,0,1
d_125.mp4,0.2721,0.0,1.05,4.06,0,1
d_125.mp4,0.2764,0.0,1.05,3.87,0,1
d_125.mp4,0.2923,0.0,1.43,4.21,0,1
d_125.mp4,0.278,0.0,0.97,4.02,0,1
d_125.mp4,0.2763,0.0,0.91,4.29,0,1
d_125.mp4,0.2708,0.0189,0.78,3.88,0,1
d_125.mp4,0.2671,0.0,0.98,4.14,0,1
d_125.mp4,0.2685,0.0,1.34,4.4,0,1
d_125.mp4,0.2784,0.0,0.93,4.45,0,1
d_125.mp4,0.2736,0.0,1.07,4.15,0,1
d_125.mp4,0.2784,0.0,1.44,4.27,0,1
d_125.mp4,0.2672,0.0,0.75,4.13,0,1
d_125.mp4,0.2806,0.0,1.18,4.56,0,1
d_125.mp4,0.29,0.0,1.07,4.5,0,1
d_125.mp4,0.2798,0.0,0.94,4.46,0,1
d_125.mp4,0.2779,0.0,1.01,4.19,0,1
d_125.mp4,0.2663,0.0,0.9,4.51,0,1
d_125.mp4,0.2899,0.0,0.86,4.28,0,1
d_125.mp4,0.2824,0.0,1.24,4.3,0,1
d_125.mp4,0.2937,0.0,1.07,4.39,0,1
d_125.mp4,0.2635,0.0,0.7,4.28,0,1
d_125.mp4,0.2857,0.0,1.29,4.49,0,1
d_125.mp4,0.2684,0.0,0.86,4.42,0,1
d_125.mp4,0.2795,0.0,0.8,4.17,0,1
d_125.mp4,0.2761,0.0192,1.44,4.57,0,1
d_125.mp4,0.2814,0.0,1.22,4.07,0,1
d_125.mp4,0.2743,0.0,1.27,4.44,0,1
d_125.mp4,0.2673,0.0,1.0,4.1,0,1
d_125.mp4,0.2719,0.0189,1.34,4.31,0,1
d_125.mp4,0.2753,0.0,1.3,4.06,0,1
d_125.mp4,0.2652,0.0189,0.89,3.98,0,1
d_125.mp4,0.2753,0.0,0.73,4.08,0,1
d_125.mp4,0.2737,0.0192,0.97,4.26,0,1
d_125.mp4,0.2658,0.0,1.08,3.92,0,1
d_125.mp4,0.2808,0.0,1.12,4.32,0,1
d_125.mp4,0.2724,0.0,1.0,4.27,0,1
d_125.mp4,0.2692,0.0192,1.0,4.12,0,1
d_125.mp4,0.2634,0.0,0.95,3.92,0,1
d_125.mp4,0.2838,0.0,1.28,4.11,0,1
d_125.mp4,0.2739,0.0,1.53,4.08,0,1
d_125.mp4,0.2525,0.0,0.63,3.9,0,1
d_125.mp4,0.2623,0.0,1.0,3.82,0,1
d_125.mp4,0.2635,0.0,1.25,4.06,0,1
d_125.mp4,0.2818,0.0,0.76,3.71,0,1
d_125.mp4,0.273,0.0,1.14,3.92,0,1
d_125.mp4,0.2607,0.0,1.0,3.79,0,1
d_125.mp4,0.2615,0.0,1.58,3.79,0,1
d_125.mp4,0.2739,0.0,1.12,3.44,0,1
d_125.mp4,0.2603,0.0,1.29,3.18,0,1
d_125.mp4,0.2785,0.0,1.21,3.16,0,1
d_125.mp4,0.2654,0.02,1.5,3.8,0,1
d_125.mp4,0.2787,0.0,1.48,3.41,0,1
d_125.mp4,0.2637,0.0,1.54,3.46,0,1
d_125.mp4,0.2813,0.0,0.87,3.16,0,1
d_125.mp4,0.2807,0.0,1.16,3.24,0,1
d_125.mp4,0.2675,0.0,1.16,3.32,0,1
d_125.mp4,0.2853,0.0,1.66,3.24,0,1
d_125.mp4,0.2667,0.0,1.66,3.1,0,1
d_125.mp4,0.2634,0.0185,1.2,3.22,0,1
d_125.mp4,0.2552,0.0,0.77,3.06,0,1
d_125.mp4,0.2545,0.0,0.71,3.28,0,1
d_125.mp4,0.2779,0.0,1.03,3.08,0,1
d_125.mp4,0.2823,0.0,1.11,2.98,0,1
d_125.mp4,0.2596,0.0,0.82,3.48,0,1
d_125.mp4,0.2725,0.0,1.17,3.3,0,1
d_125.mp4,0.2676,0.0,1.54,3.19,0,1
d_125.mp4,0.2608,0.0,1.21,3.33,0,1
d_125.mp4,0.1443,0.0,1.04,3.38,0,1
d_125.mp4,0.1118,0.0,1.37,3.46,0,1
d_125.mp4,0.2044,0.0266,1.09,3.91,0,1
d_125.mp4,0.2593,0.0189,1.35,3.71,0,1
d_125.mp4,0.2381,0.0,1.37,3.55,0,1
d_125.mp4,0.2576,0.0,1.71,3.22,0,1
d_125.mp4,0.2636,0.0,1.56,3.32,0,1
d_125.mp4,0.2715,0.0,2.05,3.59,0,1
d_125.mp4,0.2282,0.0,1.86,3.45,0,1
d_125.mp4,0.2411,0.0,0.96,3.55,0,1
d_125.mp4,0.2629,0.0,1.36,3.56,0,1
d_125.mp4,0.2456,0.0,1.77,3.64,0,1
d_125.mp4,0.2555,0.0,1.33,3.52,0,1
d_125.mp4,0.2631,0.0,1.45,3.74,0,1
d_125.mp4,0.2626,0.0,1.52,3.88,0,1
d_130.mp4,0.2615,0.0,2.08,7.45,0,1
d_130.mp4,0.2721,0.0,1.27,7.74,0,1
d_130.mp4,0.2999,0.0,1.18,6.49,0,1
d_130.mp4,0.2862,0.0204,1.2,6.28,0,1
d_130.mp4,0.2938,0.0,1.21,6.13,0,1
d_130.mp4,0.2792,0.0,1.71,6.01,0,1
d_130.mp4,0.2826,0.0,2.5,5.98,0,1
d_130.mp4,0.2638,0.0,1.06,5.78,0,1
d_130.mp4,0.2879,0.0,1.2,5.74,0,1
d_130.mp4,0.3067,0.0,0.98,5.77,0,1
d_130.mp4,0.2664,0.0,1.5,6.15,0,1
d_130.mp4,0.2173,0.0,0.87,5.15,0,1
d_130.mp4,0.2137,0.0196,1.12,4.67,0,1
d_130.mp4,0.2749,0.0,1.41,4.14,1,1
d_130.mp4,0.3233,0.0,1.4,3.05,0,1
d_130.mp4,0.3081,0.0185,1.55,2.28,1,1
d_130.mp4,0.2908,0.0195,1.25,2.42,1,1
d_130.mp4,0.0671,0.0,0.59,2.97,0,1
d_130.mp4,0.0399,0.0192,0.83,3.14,1,1
d_130.mp4,0.048,0.0,0.55,3.4,0,1
d_130.mp4,0.1683,0.0,0.72,4.13,0,1
d_130.mp4,0.2461,0.0,0.92,3.81,0,1
d_130.mp4,0.2698,0.0,1.2,4.37,0,1
d_130.mp4,0.2594,0.0,0.67,4.33,0,1
d_130.mp4,0.2773,0.0,1.22,4.65,0,1
d_130.mp4,0.2563,0.0199,1.16,4.58,0,1
d_130.mp4,0.2702,0.0,1.28,4.14,0,1
d_130.mp4,0.2654,0.0,1.26,4.23,0,1
d_130.mp4,0.2627,0.02,0.72,4.56,0,1
d_130.mp4,0.2332,0.0192,1.28,4.57,0,1
d_130.mp4,0.1372,0.0,0.38,4.91,0,1
d_130.mp4,0.096,0.0,0.39,4.66,0,1
d_130.mp4,0.0474,0.0,-0.28,4.54,1,1
d_130.mp4,0.0463,0.0,-0.14,4.75,1,1
d_130.mp4,0.0686,0.0195,-0.06,4.49,1,1
d_130.mp4,0.0483,0.0,0.34,3.82,1,1
d_130.mp4,0.0602,0.0,0.46,4.24,1,1
d_130.mp4,0.2874,0.0,1.54,4.21,0,1
d_130.mp4,0.2969,0.0,2.11,3.28,0,1
d_130.mp4,0.0561,0.0,1.88,3.55,0,1
d_130.mp4,0.1696,0.0185,3.28,3.48,0,1
d_130.mp4,0.2753,0.0,2.65,3.71,1,1
d_130.mp4,0.2913,0.0,2.39,3.62,0,1
d_130.mp4,0.3086,0.0196,1.66,3.62,0,1
d_130.mp4,0.2974,0.0,1.18,3.66,0,1
d_130.mp4,0.261,0.0,0.98,3.64,0,1
d_130.mp4,0.3007,0.0192,0.9,3.5,0,1
d_130.mp4,0.271,0.0,0.75,3.71,0,1
d_130.mp4,0.2782,0.0,1.11,3.79,0,1
d_130.mp4,0.2727,0.0185,0.85,3.3,0,1
d_130.mp4,0.2719,0.0192,1.12,3.72,0,1
d_130.mp4,0.2827,0.0,1.0,3.26,0,1
d_130.mp4,0.2654,0.0,0.78,3.88,0,1
d_130.mp4,0.2735,0.0,1.21,3.63,0,1
d_130.mp4,0.268,0.0,1.02,3.76,0,1
d_130.mp4,0.2695,0.0,1.06,4.23,0,1
d_130.mp4,0.2779,0.0,1.16,3.58,0,1
d_130.mp4,0.2696,0.0196,0.89,3.76,0,1
d_130.mp4,0.2701,0.0,0.72,4.01,0,1
d_130.mp4,0.266,0.0,1.09,3.74,0,1
d_130.mp4,0.259,0.0,1.45,3.6,0,1
d_130.mp4,0.2365,0.0,0.68,3.5,0,1
d_130.mp4,0.2678,0.0,1.07,4.03,0,1
d_130.mp4,0.2712,0.0,1.06,3.65,0,1
d_130.mp4,0.2591,0.0,0.95,3.64,0,1
d_130.mp4,0.2687,0.0,0.56,3.28,0,1
d_130.mp4,0.2507,0.0,0.4,3.41,0,1
d_130.mp4,0.2607,0.0,0.36,3.65,0,1
d_130.mp4,0.2655,0.0,1.39,3.47,0,1
d_130.mp4,0.2436,0.0,0.95,3.52,0,1
d_130.mp4,0.2551,0.0,0.67,3.4,0,1
d_130.mp4,0.2773,0.0,0.88,3.36,0,1
d_130.mp4,0.2788,0.0,1.07,3.36,0,1
d_130.mp4,0.2556,0.0188,1.06,3.33,0,1
d_130.mp4,0.2603,0.0,0.89,3.42,0,1
d_130.mp4,0.2806,0.0192,0.79,3.49,0,1
d_130.mp4,0.2772,0.0,0.64,3.42,0,1
d_130.mp4,0.2615,0.0196,0.58,3.35,0,1
d_130.mp4,0.276,0.0,0.68,3.02,0,1
d_130.mp4,0.2642,0.0,0.22,2.88,0,1
d_130.mp4,0.2692,0.0,0.54,3.06,0,1
d_130.mp4,0.265,0.0,0.56,2.98,0,1
d_130.mp4,0.2618,0.0,1.03,2.79,0,1
d_130.mp4,0.2726,0.0,0.28,3.53,0,1
d_130.mp4,0.2629,0.0,0.9,3.06,0,1
d_130.mp4,0.2613,0.0,1.26,3.02,0,1
d_130.mp4,0.2687,0.0192,0.47,2.88,0,1
d_130.mp4,0.2747,0.0,0.38,3.16,0,1
d_130.mp4,0.2861,0.0,0.66,2.93,0,1
d_130.mp4,0.2598,0.0,0.6,3.03,0,1
d_130.mp4,0.2687,0.0,0.66,2.88,0,1
d_130.mp4,0.2612,0.0,0.92,2.95,0,1
d_130.mp4,0.2654,0.0,0.53,3.0,0,1
d_130.mp4,0.2763,0.0,0.55,3.41,0,1
d_130.mp4,0.264,0.0192,0.59,2.96,1,1
d_130.mp4,0.2752,0.0192,0.38,3.01,0,1
d_130.mp4,0.268,0.0,0.81,2.94,0,1
d_130.mp4,0.2769,0.0,0.65,2.43,0,1
d_130.mp4,0.2823,0.0,0.61,2.32,0,1
d_130.mp4,0.2505,0.0,0.21,2.39,0,1
d_130.mp4,0.2704,0.0,1.0,2.33,0,1
d_130.mp4,0.2789,0.0208,0.85,2.31,0,1
d_130.mp4,0.2642,0.0,0.28,2.71,0,1
d_130.mp4,0.271,0.0,0.52,1.99,0,1
d_130.mp4,0.251,0.0,0.62,2.43,0,1
d_130.mp4,0.2486,0.02,0.5,2.44,0,1
d_130.mp4,0.258,0.0,0.77,2.25,0,1
d_130.mp4,0.2661,0.0,0.57,2.22,0,1
d_130.mp4,0.2684,0.0195,0.64,2.63,0,1
d_130.mp4,0.2531,0.0196,0.46,2.36,0,1
d_130.mp4,0.2606,0.0199,0.4,2.28,0,1
d_130.mp4,0.265,0.0,0.26,2.22,0,1
d_130.mp4,0.2611,0.0,0.3,2.29,1,1
d_130.mp4,0.2549,0.0192,0.05,2.19,0,1
d_130.mp4,0.2606,0.0,0.69,2.3,0,1
d_130.mp4,0.2379,0.0,1.02,2.37,0,1
d_130.mp4,0.2642,0.0192,0.86,2.27,0,1
d_130.mp4,0.2673,0.0,0.55,2.26,0,1
d_130.mp4,0.2581,0.0,0.38,2.5,0,1
d_130.mp4,0.2784,0.0,0.41,2.42,0,1
d_130.mp4,0.2688,0.0,0.62,2.59,0,1
d_130.mp4,0.2696,0.0,0.39,2.55,0,1
d_130.mp4,0.2491,0.0192,0.42,2.59,0,1
d_130.mp4,0.2661,0.0196,0.75,2.73,0,1
d_130.mp4,0.257,0.0192,0.91,2.65,0,1
d_126.mp4,0.2515,0.0,1.9,4.17,0,1
d_126.mp4,0.2676,0.0,1.95,3.95,0,1
d_126.mp4,0.2675,0.0,1.91,3.96,0,1
d_126.mp4,0.2563,0.02,1.74,3.95,0,1
d_126.mp4,0.2528,0.0,1.84,3.76,0,1
d_126.mp4,0.2503,0.0188,1.9,3.51,0,1
d_126.mp4,0.2423,0.0,1.77,3.74,0,1
d_126.mp4,0.245,0.0189,1.29,3.84,0,1
d_126.mp4,0.2529,0.0192,1.73,3.57,0,1
d_126.mp4,0.2615,0.0,1.46,3.63,0,1
d_126.mp4,0.2575,0.0,1.45,3.8,0,1
d_126.mp4,0.2508,0.0,1.25,3.79,0,1
d_126.mp4,0.2587,0.0,1.1,3.41,0,1
d_126.mp4,0.245,0.0,1.49,3.7,0,1
d_126.mp4,0.2547,0.0188,1.88,3.66,0,1
d_126.mp4,0.2487,0.0185,1.18,3.53,0,1
d_126.mp4,0.2571,0.0185,1.68,3.73,0,1
d_126.mp4,0.2656,0.0,1.83,3.67,0,1
d_126.mp4,0.2702,0.0,1.76,3.9,0,1
d_126.mp4,0.2521,0.0189,2.17,3.76,0,1
d_126.mp4,0.2614,0.0192,1.49,3.83,0,1
d_126.mp4,0.2557,0.0,2.11,3.74,0,1
d_126.mp4,0.2424,0.0,1.89,3.79,0,1
d_126.mp4,0.2623,0.0188,1.92,3.65,0,1
d_126.mp4,0.2636,0.0,2.04,3.63,0,1
d_126.mp4,0.2539,0.0,2.22,3.52,0,1
d_126.mp4,0.2453,0.0,1.96,3.29,0,1
d_126.mp4,0.2693,0.0,2.51,3.71,0,1
d_126.mp4,0.257,0.0189,2.84,3.7,0,1
d_126.mp4,0.2512,0.0188,1.74,3.53,0,1
d_126.mp4,0.2508,0.0,2.58,3.7,0,1
d_126.mp4,0.2451,0.0,1.72,3.75,0,1
d_126.mp4,0.2535,0.0189,1.64,3.51,0,1
d_126.mp4,0.2466,0.0189,1.56,3.56,0,1
d_126.mp4,0.2495,0.0,1.85,3.52,0,1
d_126.mp4,0.2595,0.0188,1.09,3.58,0,1
d_126.mp4,0.2631,0.0,1.3,3.67,0,1
d_126.mp4,0.2417,0.0188,0.59,3.5,0,1
d_126.mp4,0.2642,0.0,1.12,3.45,0,1
d_126.mp4,0.2422,0.0192,1.2,3.53,0,1
d_126.mp4,0.2729,0.0,1.34,3.44,0,1
d_126.mp4,0.2507,0.0,1.12,3.59,0,1
d_126.mp4,0.2544,0.0,1.32,3.61,0,1
d_126.mp4,0.2407,0.0,1.21,3.76,0,1
d_126.mp4,0.2659,0.0,1.75,3.62,0,1
d_126.mp4,0.2614,0.0,1.86,3.45,0,1
d_126.mp4,0.2601,0.0,1.33,3.21,0,1
d_126.mp4,0.2594,0.0,1.64,3.62,0,1
d_126.mp4,0.2593,0.0,1.0,3.52,0,1
d_126.mp4,0.2556,0.0,1.92,3.66,0,1
d_126.mp4,0.2563,0.0,1.12,3.48,0,1
d_126.mp4,0.2608,0.0,1.74,3.33,0,1
d_126.mp4,0.2607,0.0,1.99,3.41,0,1
d_126.mp4,0.2619,0.0185,1.46,3.52,0,1
d_126.mp4,0.2414,0.0,1.28,3.34,0,1
d_126.mp4,0.2512,0.0272,1.73,3.37,0,1
d_126.mp4,0.2523,0.0,1.33,3.51,0,1
d_126.mp4,0.2595,0.0,1.42,3.57,0,1
d_126.mp4,0.2723,0.0,1.44,3.75,0,1
d_126.mp4,0.2574,0.0192,1.36,3.48,0,1
d_126.mp4,0.2552,0.0,1.62,3.69,0,1
d_126.mp4,0.2529,0.0,1.21,3.63,0,1
d_126.mp4,0.2772,0.0,1.36,3.5,0,1
d_126.mp4,0.2813,0.0185,0.96,3.59,0,1
d_126.mp4,0.2491,0.0192,1.53,3.93,0,1
d_126.mp4,0.2467,0.0192,1.41,3.86,0,1
d_126.mp4,0.2588,0.0,1.59,3.97,0,1
d_126.mp4,0.2715,0.0,1.59,3.69,0,1
d_126.mp4,0.2652,0.0,1.51,3.65,0,1
d_126.mp4,0.2663,0.0,1.66,3.69,0,1
d_126.mp4,0.2565,0.0,1.45,3.73,0,1
d_126.mp4,0.2546,0.0,1.27,3.77,0,1
d_126.mp4,0.2551,0.0,1.05,3.68,0,1
d_126.mp4,0.26,0.0,0.83,3.74,0,1
d_126.mp4,0.2471,0.0,0.78,3.74,0,1
d_126.mp4,0.2561,0.0,0.52,3.41,0,1
d_126.mp4,0.2487,0.0,0.79,3.97,0,1
d_126.mp4,0.2531,0.0189,1.24,3.82,0,1
d_126.mp4,0.2431,0.0189,1.17,3.85,0,1
d_126.mp4,0.2595,0.0,0.96,3.69,0,1
d_126.mp4,0.2693,0.0,1.39,3.58,0,1
d_126.mp4,0.2459,0.0,1.61,3.47,0,1
d_126.mp4,0.2608,0.0185,1.3,3.57,0,1
d_126.mp4,0.2436,0.0192,1.43,3.63,0,1
d_126.mp4,0.2472,0.0188,1.49,3.75,0,1
d_126.mp4,0.2443,0.0,1.39,3.73,0,1
d_126.mp4,0.2615,0.0,1.66,3.76,0,1
d_126.mp4,0.2541,0.0,1.44,3.6,0,1
d_126.mp4,0.2653,0.0,0.64,3.61,0,1
d_126.mp4,0.2576,0.0189,1.45,3.67,0,1
d_126.mp4,0.2595,0.0,1.32,3.72,0,1
d_126.mp4,0.2554,0.0,1.59,3.84,0,1
d_126.mp4,0.2445,0.0,1.45,3.82,0,1
d_126.mp4,0.2514,0.0,1.57,3.61,0,1
d_126.mp4,0.2554,0.0,0.88,3.5,0,1
d_126.mp4,0.2447,0.0,1.3,3.82,0,1
d_126.mp4,0.0813,0.0,0.84,3.86,0,1
d_126.mp4,0.0975,0.0,1.79,4.51,0,1
d_126.mp4,0.2146,0.0,1.85,6.92,0,1
d_126.mp4,0.2543,0.0,1.58,7.62,0,1
d_126.mp4,0.2639,0.0204,1.4,9.56,0,1
d_126.mp4,0.2905,0.0,3.08,9.4,0,1
d_126.mp4,0.2863,0.0,1.73,10.17,0,1
d_126.mp4,0.0565,0.0217,1.8,10.11,0,1
d_126.mp4,0.0872,0.0,2.01,10.31,0,1
d_126.mp4,0.2307,0.0,0.9,9.23,0,1
d_126.mp4,0.2783,0.0,1.24,8.05,0,1
d_126.mp4,0.2591,0.0,1.52,7.21,0,1
d_126.mp4,0.2836,0.0204,1.41,6.74,0,1
d_126.mp4,0.2769,0.0,1.52,6.19,0,1
d_126.mp4,0.2861,0.0,1.38,5.7,0,1
d_126.mp4,0.2924,0.0,1.59,5.69,0,1
d_126.mp4,0.2672,0.0,1.75,5.37,0,1
d_126.mp4,0.2709,0.0196,1.32,4.96,0,1
d_126.mp4,0.2889,0.0,1.29,5.01,0,1
d_126.mp4,0.2761,0.0,1.17,4.64,0,1
d_126.mp4,0.2627,0.0,0.98,3.94,0,1
d_126.mp4,0.2733,0.0196,1.21,4.48,0,1
d_126.mp4,0.2775,0.0,1.65,4.42,0,1
d_126.mp4,0.2455,0.0,0.97,4.33,0,1
d_126.mp4,0.2753,0.0,1.54,4.32,0,1
d_126.mp4,0.2723,0.0,1.97,4.33,0,1
d_126.mp4,0.2562,0.0,1.64,3.96,0,1
d_126.mp4,0.2652,0.0,1.32,4.22,0,1
d_126.mp4,0.2576,0.0,1.45,4.4,0,1
d_128.mp4,0.2961,0.0,0.64,4.22,0,1
d_128.mp4,0.2893,0.0,0.44,3.81,0,1
d_128.mp4,0.2853,0.0,0.53,3.83,0,1
d_128.mp4,0.2976,0.0188,1.15,4.02,0,1
d_128.mp4,0.2818,0.0191,0.64,3.9,0,1
d_128.mp4,0.2914,0.0,0.93,3.72,0,1
d_128.mp4,0.2873,0.0188,0.9,3.67,0,1
d_128.mp4,0.2814,0.0,1.13,3.83,0,1
d_128.mp4,0.2727,0.0,1.53,3.8,0,1
d_128.mp4,0.2945,0.0188,1.04,3.83,0,1
d_128.mp4,0.2964,0.0,1.04,3.43,0,1
d_128.mp4,0.2589,0.0196,1.61,4.13,0,1
d_128.mp4,0.2692,0.0,0.98,3.9,0,1
d_128.mp4,0.2647,0.0,1.14,3.83,0,1
d_128.mp4,0.2734,0.0188,0.78,3.99,0,1
d_128.mp4,0.2738,0.0,0.61,3.85,0,1
d_128.mp4,0.2931,0.0,0.68,4.11,0,1
d_128.mp4,0.2948,0.0,1.17,4.18,0,1
d_128.mp4,0.2927,0.0,0.89,3.78,0,1
d_128.mp4,0.2252,0.0,0.68,3.94,0,1
d_128.mp4,0.1338,0.0,0.24,4.03,0,1
d_128.mp4,0.2592,0.0,0.08,2.32,0,1
d_128.mp4,0.3012,0.0,0.35,1.33,0,1
d_128.mp4,0.2975,0.0181,0.6,-0.77,0,1
d_128.mp4,0.2979,0.0178,0.73,-1.62,0,1
d_128.mp4,0.2449,0.0,0.67,-2.42,1,1
d_128.mp4,0.2122,0.018,0.71,-4.37,1,1
d_128.mp4,0.3057,0.0179,0.56,-5.77,1,1
d_128.mp4,0.3234,0.0183,1.18,-7.12,1,1
d_128.mp4,0.322,0.0,0.11,-7.7,1,1
d_128.mp4,0.3212,0.0,0.88,-7.96,1,1
d_128.mp4,0.1796,0.0,0.58,-7.25,0,1
d_128.mp4,0.1227,0.0,1.03,-6.34,0,1
d_128.mp4,0.2512,0.0263,0.82,-4.09,0,1
d_128.mp4,0.2526,0.0,0.88,-2.72,0,1
d_128.mp4,0.2841,0.0,0.9,-1.22,0,1
d_128.mp4,0.2593,0.0183,0.79,0.46,0,1
d_128.mp4,0.2719,0.0,1.39,0.65,0,1
d_128.mp4,0.279,0.0,1.18,1.86,0,1
d_128.mp4,0.2723,0.0,1.27,2.42,0,1
d_128.mp4,0.2686,0.0,1.26,2.82,0,1
d_128.mp4,0.2695,0.0191,1.11,3.01,0,1
d_128.mp4,0.2636,0.0,1.49,2.92,0,1
d_128.mp4,0.2429,0.0183,1.1,2.96,0,1
d_128.mp4,0.0362,0.0,0.89,3.45,0,1
d_128.mp4,0.0526,0.0,1.52,4.45,0,1
d_128.mp4,0.1886,0.0208,2.42,6.68,0,1
d_128.mp4,0.2638,0.0208,2.04,7.87,0,1
d_128.mp4,0.2821,0.0213,1.72,9.21,0,1
d_128.mp4,0.2819,0.0,1.15,9.87,0,1
d_128.mp4,0.2019,0.0,0.79,10.31,0,1
d_128.mp4,0.058,0.0,1.79,9.68,0,1
d_128.mp4,0.191,0.0,1.6,9.62,0,1
d_128.mp4,0.2757,0.0,1.3,8.5,0,1
d_128.mp4,0.2913,0.0,1.47,7.79,0,1
d_128.mp4,0.2654,0.0,1.23,7.08,0,1
d_128.mp4,0.2654,0.0196,1.61,6.23,0,1
d_128.mp4,0.2771,0.0,1.12,6.16,0,1
d_128.mp4,0.2929,0.0,1.03,6.06,0,1
d_128.mp4,0.2971,0.0,1.42,5.71,0,1
d_128.mp4,0.2659,0.0,1.57,5.27,0,1
d_128.mp4,0.2762,0.0196,1.47,5.58,0,1
d_128.mp4,0.2537,0.0199,1.38,5.19,0,1
d_128.mp4,0.2646,0.0192,1.68,4.86,0,1
d_128.mp4,0.283,0.0195,2.26,5.47,0,1
d_128.mp4,0.2688,0.0192,2.04,4.86,0,1
d_128.mp4,0.2701,0.0,2.09,5.38,0,1
d_128.mp4,0.2776,0.0,1.43,5.26,0,1
d_128.mp4,0.2791,0.0,0.97,5.23,0,1
d_128.mp4,0.2867,0.0,1.28,5.88,0,1
d_128.mp4,0.2023,0.0196,2.16,5.68,0,1
d_128.mp4,0.0787,0.0,1.01,6.17,0,1
d_128.mp4,0.0516,0.0,0.6,5.49,1,1
d_128.mp4,0.0466,0.0,0.65,5.83,1,1
d_128.mp4,0.1538,0.0,1.57,5.61,0,1
d_128.mp4,0.2534,0.0,1.27,5.82,0,1
d_128.mp4,0.2829,0.0195,1.58,5.78,0,1
d_128.mp4,0.2657,0.0,1.17,5.32,0,1
d_128.mp4,0.2712,0.0,1.08,5.6,0,1
d_128.mp4,0.2779,0.0,1.08,5.53,0,1
d_128.mp4,0.2657,0.0,0.63,5.6,0,1
d_128.mp4,0.2858,0.0,1.01,5.34,0,1
d_128.mp4,0.2781,0.0,0.99,5.61,0,1
d_128.mp4,0.27,0.0204,1.41,5.53,0,1
d_128.mp4,0.278,0.0,0.88,5.75,0,1
d_128.mp4,0.2793,0.02,0.82,5.46,0,1
d_128.mp4,0.2811,0.0204,1.09,5.45,0,1
d_128.mp4,0.2737,0.0,0.99,5.41,0,1
d_128.mp4,0.2742,0.0,1.09,5.48,0,1
d_128.mp4,0.2764,0.0,1.39,6.15,0,1
d_128.mp4,0.2814,0.0,1.15,5.3,0,1
d_128.mp4,0.2794,0.0,0.75,5.36,0,1
d_128.mp4,0.3034,0.0,1.32,5.94,0,1
d_128.mp4,0.3006,0.0,0.99,5.63,0,1
d_128.mp4,0.2725,0.0,1.8,5.49,0,1
d_128.mp4,0.2829,0.0,2.04,5.48,0,1
d_128.mp4,0.2708,0.0,1.93,5.62,0,1
d_128.mp4,0.2799,0.0,1.2,5.68,0,1
d_128.mp4,0.2845,0.0,1.64,5.85,0,1
d_128.mp4,0.2868,0.0,1.27,5.85,0,1
d_128.mp4,0.2723,0.0204,1.23,5.69,0,1
d_128.mp4,0.2889,0.0,1.17,6.03,0,1
d_128.mp4,0.2835,0.0,1.04,5.9,0,1
d_128.mp4,0.2758,0.0,1.34,5.64,0,1
d_128.mp4,0.2899,0.02,1.63,6.43,0,1
d_128.mp4,0.2881,0.0283,1.14,6.07,0,1
d_128.mp4,0.2884,0.0,1.47,6.29,0,1
d_128.mp4,0.2858,0.0,0.75,6.47,0,1
d_128.mp4,0.305,0.0,1.08,6.21,0,1
d_128.mp4,0.3065,0.0,0.65,6.62,0,1
d_128.mp4,0.2978,0.0,0.8,6.06,0,1
d_128.mp4,0.2947,0.0,0.58,6.52,0,1
d_128.mp4,0.2913,0.0,0.74,6.2,0,1
d_128.mp4,0.286,0.0,0.4,6.56,0,1
d_128.mp4,0.2965,0.0,0.13,6.58,0,1
d_128.mp4,0.2758,0.0,0.65,6.35,0,1
d_128.mp4,0.2931,0.0,0.14,6.44,0,1
d_128.mp4,0.3072,0.0,1.15,7.25,0,1
d_128.mp4,0.2885,0.0,1.07,6.71,0,1
d_128.mp4,0.2771,0.0,1.12,6.89,0,1
d_128.mp4,0.3057,0.0,0.77,7.37,0,1
d_128.mp4,0.2959,0.0,1.52,7.53,0,1
d_128.mp4,0.2954,0.0,0.89,6.75,0,1
d_128.mp4,0.279,0.0204,1.3,6.82,0,1
d_128.mp4,0.2934,0.0,0.78,6.92,0,1
d_127.mp4,0.269,0.0272,1.66,4.7,0,1
d_127.mp4,0.2591,0.0196,1.59,4.45,0,1
d_127.mp4,0.2573,0.0,1.49,4.36,0,1
d_127.mp4,0.2704,0.0,1.45,4.35,0,1
d_127.mp4,0.2593,0.0,1.19,4.25,0,1
d_127.mp4,0.263,0.0,0.79,3.97,0,1
d_127.mp4,0.2634,0.0192,1.85,3.99,0,1
d_127.mp4,0.2717,0.0,1.5,4.33,0,1
d_127.mp4,0.2468,0.0,1.5,4.17,0,1
d_127.mp4,0.2634,0.0,1.34,4.12,0,1
d_127.mp4,0.2508,0.0,1.18,4.0,0,1
d_127.mp4,0.2487,0.0,1.62,3.82,0,1
d_127.mp4,0.2747,0.0,1.43,3.7,0,1
d_127.mp4,0.2697,0.0192,1.92,3.87,0,1
d_127.mp4,0.2778,0.0192,1.82,3.9,0,1
d_127.mp4,0.2576,0.0,1.7,4.04,0,1
d_127.mp4,0.2524,0.0,1.53,3.87,0,1
d_127.mp4,0.2586,0.0,1.67,3.75,0,1
d_127.mp4,0.2737,0.0196,1.65,3.88,1,1
d_127.mp4,0.2565,0.0,0.98,3.93,0,1
d_127.mp4,0.2465,0.0,0.86,3.75,0,1
d_127.mp4,0.2595,0.0,1.49,4.0,0,1
d_127.mp4,0.2707,0.0188,0.97,4.07,0,1
d_127.mp4,0.2461,0.0,1.1,3.9,0,1
d_127.mp4,0.2635,0.0,1.54,3.72,0,1
d_127.mp4,0.2703,0.0,1.51,3.7,0,1
d_127.mp4,0.2637,0.0,1.72,3.69,0,1
d_127.mp4,0.2653,0.0,1.29,3.41,0,1
d_127.mp4,0.2646,0.0,1.36,3.65,0,1
d_127.mp4,0.2495,0.0,1.66,3.54,0,1
d_127.mp4,0.2782,0.0,1.61,3.47,0,1
d_127.mp4,0.269,0.0,1.58,3.72,0,1
d_127.mp4,0.2614,0.0,1.55,3.76,0,1
d_127.mp4,0.2601,0.0,0.96,3.7,0,1
d_127.mp4,0.2727,0.0,1.34,3.79,0,1
d_127.mp4,0.2644,0.0,1.04,3.5,0,1
d_127.mp4,0.2808,0.0192,1.62,3.66,0,1
d_127.mp4,0.2614,0.0,1.51,3.85,0,1
d_127.mp4,0.2533,0.0189,1.41,3.88,0,1
d_127.mp4,0.2741,0.0,1.14,3.85,0,1
d_127.mp4,0.2665,0.0196,1.46,3.93,0,1
d_127.mp4,0.2714,0.0,1.58,3.82,0,1
d_127.mp4,0.2712,0.0196,1.53,3.7,0,1
d_127.mp4,0.2689,0.0,1.31,3.71,0,1
d_127.mp4,0.26,0.0,1.63,4.08,0,1
d_127.mp4,0.2827,0.0,1.73,4.2,0,1
d_127.mp4,0.2606,0.0192,1.76,3.75,0,1
d_127.mp4,0.2484,0.0,1.62,3.66,0,1
d_127.mp4,0.2552,0.0189,1.43,3.79,0,1
d_127.mp4,0.2744,0.0,1.08,3.87,0,1
d_127.mp4,0.2594,0.0,1.24,4.15,0,1
d_127.mp4,0.264,0.0,0.73,3.85,0,1
d_127.mp4,0.2778,0.0,0.99,4.08,0,1
d_127.mp4,0.2706,0.0,1.26,4.08,0,1
d_127.mp4,0.2467,0.0,1.04,3.9,0,1
d_127.mp4,0.2485,0.0,0.66,3.92,0,1
d_127.mp4,0.2624,0.0,1.01,4.05,0,1
d_127.mp4,0.2654,0.0,1.22,4.14,0,1
d_127.mp4,0.261,0.0,1.3,3.89,0,1
d_127.mp4,0.2545,0.0,0.91,3.97,0,1
d_127.mp4,0.2653,0.0,1.07,3.88,0,1
d_127.mp4,0.2588,0.0,1.92,4.21,0,1
d_127.mp4,0.2502,0.0192,1.83,4.12,0,1
d_127.mp4,0.2639,0.0196,2.1,4.03,0,1
d_127.mp4,0.2817,0.0192,1.26,3.67,0,1
d_127.mp4,0.2623,0.0185,1.05,3.74,0,1
d_127.mp4,0.2616,0.0,0.86,3.75,0,1
d_127.mp4,0.2595,0.0,1.2,3.81,0,1
d_127.mp4,0.2513,0.0,1.36,3.53,0,1
d_127.mp4,0.2554,0.0,1.34,3.79,0,1
d_127.mp4,0.2714,0.0,1.13,3.54,0,1
d_127.mp4,0.2679,0.0,1.38,3.39,0,1
d_127.mp4,0.259,0.0,1.37,3.43,0,1
d_127.mp4,0.2755,0.0189,1.58,3.54,0,1
d_127.mp4,0.2764,0.0272,1.25,3.62,0,1
d_127.mp4,0.2769,0.0189,1.25,3.65,0,1
d_127.mp4,0.2694,0.0,1.9,3.49,0,1
d_127.mp4,0.2577,0.0,1.37,3.33,0,1
d_127.mp4,0.2482,0.0,1.33,3.34,0,1
d_127.mp4,0.2466,0.0,1.25,3.34,0,1
d_127.mp4,0.244,0.0,1.55,3.49,0,1
d_127.mp4,0.2769,0.0,1.43,3.46,0,1
d_127.mp4,0.2672,0.0,0.96,3.19,0,1
d_127.mp4,0.2573,0.0,1.45,3.18,0,1
d_127.mp4,0.2572,0.0,1.66,3.34,0,1
d_127.mp4,0.2397,0.0,1.16,3.27,0,1
d_127.mp4,0.2523,0.0,1.24,3.24,0,1
d_127.mp4,0.2604,0.0,1.29,3.47,0,1
d_127.mp4,0.2488,0.0,1.07,3.44,0,1
d_127.mp4,0.2686,0.0,1.4,3.41,0,1
d_127.mp4,0.2555,0.0,1.45,3.42,0,1
d_127.mp4,0.2665,0.0,1.91,3.34,0,1
d_127.mp4,0.2584,0.0,1.59,3.27,0,1
d_127.mp4,0.2853,0.0,2.0,3.61,0,1
d_127.mp4,0.2519,0.0,1.58,3.46,0,1
d_127.mp4,0.2495,0.0,1.97,3.5,0,1
d_127.mp4,0.2551,0.0,1.1,3.56,0,1
d_127.mp4,0.2562,0.0,1.2,3.84,0,1
d_127.mp4,0.2523,0.0189,1.32,3.8,0,1
d_127.mp4,0.2439,0.0,1.68,3.76,0,1
d_127.mp4,0.2556,0.0189,1.63,3.63,0,1
d_127.mp4,0.2576,0.0,1.58,3.79,0,1
d_127.mp4,0.2466,0.0189,1.56,3.95,0,1
d_127.mp4,0.2556,0.0,1.52,3.96,0,1
d_127.mp4,0.2674,0.0,1.36,4.12,0,1
d_127.mp4,0.2446,0.0,1.01,4.07,0,1
d_127.mp4,0.2669,0.0,1.44,3.91,0,1
d_127.mp4,0.2486,0.0,1.18,4.32,0,1
d_127.mp4,0.2678,0.0,1.26,3.87,0,1
d_127.mp4,0.2658,0.0196,1.19,4.14,0,1
d_127.mp4,0.2427,0.0189,1.15,4.1,0,1
d_127.mp4,0.2737,0.0,0.7,4.08,0,1
d_127.mp4,0.1953,0.0,0.7,4.55,0,1
d_127.mp4,0.0823,0.0,1.52,5.36,0,1
d_127.mp4,0.2222,0.0,1.27,7.29,0,1
d_127.mp4,0.2586,0.0,0.44,8.7,0,1
d_127.mp4,0.2811,0.0,1.19,9.28,0,1
d_127.mp4,0.2708,0.0,1.15,9.76,0,1
d_127.mp4,0.2081,0.0,0.85,9.97,0,1
d_127.mp4,0.0275,0.0,1.14,8.96,1,1
d_127.mp4,0.05,0.0,1.11,7.7,0,1
d_127.mp4,0.2156,0.0204,0.88,7.19,0,1
d_127.mp4,0.2934,0.0,0.7,6.08,0,1
d_127.mp4,0.2822,0.0,0.96,5.81,0,1
d_127.mp4,0.2807,0.0,1.52,4.99,0,1
d_124.mp4,0.2736,0.0,1.37,6.27,0,1
d_124.mp4,0.2846,0.0196,1.13,5.09,0,1
d_124.mp4,0.2795,0.0,1.35,4.97,0,1
d_124.mp4,0.2937,0.0,1.34,4.78,0,1
d_124.mp4,0.2733,0.0,1.33,4.68,0,1
d_124.mp4,0.2756,0.0,1.27,4.58,0,1
d_124.mp4,0.2789,0.0,1.28,4.54,0,1
d_124.mp4,0.274,0.0,1.43,4.4,0,1
d_124.mp4,0.261,0.0,1.37,4.4,0,1
d_124.mp4,0.2732,0.0,1.51,4.37,0,1
d_124.mp4,0.2844,0.0,1.4,4.57,0,1
d_124.mp4,0.2829,0.0,1.46,4.72,0,1
d_124.mp4,0.2691,0.0,1.67,4.52,0,1
d_124.mp4,0.2845,0.0,1.31,5.01,0,1
d_124.mp4,0.287,0.0204,1.4,4.79,0,1
d_124.mp4,0.2605,0.0,1.47,4.73,0,1
d_124.mp4,0.2712,0.0,1.75,4.77,0,1
d_124.mp4,0.2747,0.0,1.83,4.78,0,1
d_124.mp4,0.3001,0.0,1.58,4.85,0,1
d_124.mp4,0.2737,0.0,1.74,4.71,0,1
d_124.mp4,0.2806,0.0192,1.16,4.55,0,1
d_124.mp4,0.274,0.0,1.76,4.14,0,1
d_124.mp4,0.2636,0.0,0.93,4.66,0,1
d_124.mp4,0.2747,0.02,1.61,4.38,0,1
d_124.mp4,0.2724,0.0,1.7,4.63,0,1
d_124.mp4,0.2551,0.0,1.42,4.49,0,1
d_124.mp4,0.278,0.0,1.92,4.08,0,1
d_124.mp4,0.2812,0.0,2.17,4.08,0,1
d_124.mp4,0.2753,0.0204,1.83,4.49,0,1
d_124.mp4,0.2704,0.0,1.22,4.39,0,1
d_124.mp4,0.275,0.0,1.79,4.48,0,1
d_124.mp4,0.2869,0.0,1.8,5.02,0,1
d_124.mp4,0.2837,0.0,1.47,4.65,0,1
d_124.mp4,0.2826,0.0192,1.7,4.25,0,1
d_124.mp4,0.2768,0.0196,1.12,4.4,0,1
d_124.mp4,0.2723,0.0,1.63,4.94,0,1
d_124.mp4,0.2771,0.0,1.59,4.51,0,1
d_124.mp4,0.2721,0.0,1.33,4.38,0,1
d_124.mp4,0.2781,0.0,1.66,4.51,0,1
d_124.mp4,0.2964,0.0,1.74,4.82,0,1
d_124.mp4,0.2756,0.0,1.84,4.33,0,1
d_124.mp4,0.272,0.0,1.09,4.46,0,1
d_124.mp4,0.283,0.0,1.56,4.47,0,1
d_124.mp4,0.2755,0.0,1.48,4.56,0,1
d_124.mp4,0.2756,0.0,1.03,4.32,0,1
d_124.mp4,0.264,0.0,1.31,4.49,0,1
d_124.mp4,0.2708,0.0,1.62,4.28,0,1
d_124.mp4,0.264,0.0,1.34,4.49,0,1
d_124.mp4,0.2908,0.0,1.4,4.54,0,1
d_124.mp4,0.2848,0.0,1.55,4.51,0,1
d_124.mp4,0.2754,0.0,2.1,4.47,0,1
d_124.mp4,0.2865,0.0,1.4,4.32,0,1
d_124.mp4,0.2805,0.0,1.71,4.19,0,1
d_124.mp4,0.2756,0.0,1.58,4.42,0,1
d_124.mp4,0.2878,0.0,2.01,4.4,0,1
d_124.mp4,0.2784,0.0196,1.78,4.21,0,1
d_124.mp4,0.2564,0.0,1.44,4.7,0,1
d_124.mp4,0.3011,0.0,1.7,4.67,0,1
d_124.mp4,0.274,0.0,1.95,4.3,0,1
d_124.mp4,0.2602,0.0189,1.09,4.5,0,1
d_124.mp4,0.2809,0.0,1.73,4.05,0,1
d_124.mp4,0.2693,0.0,2.08,4.1,0,1
d_124.mp4,0.2472,0.0,1.27,3.79,0,1
d_124.mp4,0.2679,0.0,1.56,3.77,0,1
d_124.mp4,0.2576,0.0,2.04,4.02,0,1
d_124.mp4,0.2724,0.0192,2.3,3.98,0,1
d_124.mp4,0.2716,0.0,2.23,4.0,0,1
d_124.mp4,0.2694,0.02,2.26,4.47,0,1
d_124.mp4,0.2753,0.0,2.48,4.45,0,1
d_124.mp4,0.2805,0.0,2.1,3.93,0,1
d_124.mp4,0.2834,0.0196,1.89,4.28,0,1
d_124.mp4,0.2835,0.0,2.0,4.21,0,1
d_124.mp4,0.2667,0.0,1.73,4.25,0,1
d_124.mp4,0.2634,0.0192,2.28,3.85,0,1
d_124.mp4,0.2784,0.0,2.15,4.18,0,1
d_124.mp4,0.2506,0.0192,2.08,4.34,0,1
d_124.mp4,0.2542,0.0196,1.78,4.15,0,1
d_124.mp4,0.2676,0.0,1.87,3.97,0,1
d_124.mp4,0.2728,0.0,1.77,4.14,0,1
d_124.mp4,0.2686,0.0189,1.57,4.16,0,1
d_124.mp4,0.2622,0.0,1.45,4.04,0,1
d_124.mp4,0.2651,0.0,1.11,4.06,0,1
d_124.mp4,0.2692,0.0192,1.95,3.96,0,1
d_124.mp4,0.2692,0.0,0.63,3.98,0,1
d_124.mp4,0.2816,0.0,1.03,3.98,0,1
d_124.mp4,0.2659,0.0,1.05,4.51,0,1
d_124.mp4,0.2884,0.0192,1.28,4.49,0,1
d_124.mp4,0.2821,0.0,0.8,4.01,0,1
d_124.mp4,0.2711,0.0,1.13,4.04,0,1
d_124.mp4,0.2591,0.0,1.2,3.93,0,1
d_124.mp4,0.2554,0.0,1.45,3.81,0,1
d_124.mp4,0.2643,0.0,1.61,3.82,0,1
d_124.mp4,0.2844,0.0,1.35,3.79,0,1
d_124.mp4,0.2711,0.0,1.38,3.83,0,1
d_124.mp4,0.2763,0.0,1.57,3.97,0,1
d_124.mp4,0.2581,0.0189,1.16,3.95,0,1
d_124.mp4,0.2406,0.0,0.83,3.86,0,1
d_124.mp4,0.2642,0.0,1.14,3.74,0,1
d_124.mp4,0.2659,0.0189,1.32,3.9,0,1
d_124.mp4,0.2597,0.0266,1.43,3.51,0,1
d_124.mp4,0.2574,0.0,1.19,3.61,0,1
d_124.mp4,0.2431,0.0189,1.28,3.59,0,1
d_124.mp4,0.2548,0.0188,1.46,3.53,0,1
d_124.mp4,0.2546,0.0,1.49,3.53,0,1
d_124.mp4,0.2764,0.0,1.61,3.36,0,1
d_124.mp4,0.2537,0.0,1.36,3.66,0,1
d_124.mp4,0.2642,0.0,1.24,3.41,0,1
d_124.mp4,0.2688,0.0,1.45,3.58,0,1
d_124.mp4,0.2597,0.0,1.03,3.83,0,1
d_124.mp4,0.1043,0.0,1.09,4.49,0,1
d_124.mp4,0.0438,0.0,0.94,5.5,0,1
d_124.mp4,0.1425,0.0204,1.92,7.78,0,1
d_124.mp4,0.2746,0.0,1.54,9.55,0,1
d_124.mp4,0.2775,0.0,1.35,10.27,0,1
d_124.mp4,0.302,0.0,0.8,10.96,0,1
d_124.mp4,0.1273,0.0217,1.12,10.38,0,1
d_124.mp4,0.0862,0.0,0.82,10.27,0,1
d_124.mp4,0.0518,0.0,0.56,9.11,0,1
d_124.mp4,0.1394,0.0,0.64,7.6,0,1
d_124.mp4,0.2584,0.0,1.54,6.36,0,1
d_124.mp4,0.2672,0.0,1.73,5.65,0,1
d_124.mp4,0.2746,0.0196,1.72,4.9,0,1
d_124.mp4,0.2562,0.0,1.53,4.4,0,1
d_124.mp4,0.2625,0.02,1.55,4.28,0,1
d_124.mp4,0.2236,0.0192,1.1,4.12,0,1
d_129.mp4,0.3052,0.02,1.15,6.69,0,1
d_129.mp4,0.3032,0.0,0.41,7.15,0,1
d_129.mp4,0.2704,0.0,0.32,6.88,0,1
d_129.mp4,0.2459,0.0,0.78,7.91,0,1
d_129.mp4,0.2774,0.0,1.08,8.59,0,1
d_129.mp4,0.2905,0.0,0.58,8.87,0,1
d_129.mp4,0.295,0.0,1.31,8.82,0,1
d_129.mp4,0.2233,0.0,0.36,10.06,0,1
d_129.mp4,0.1505,0.0,0.53,9.33,0,1
d_129.mp4,0.2621,0.0208,0.92,8.3,0,1
d_129.mp4,0.2969,0.0,-0.13,8.8,0,1
d_129.mp4,0.2995,0.0,0.78,8.49,0,1
d_129.mp4,0.3001,0.0,1.04,8.67,0,1
d_129.mp4,0.3012,0.02,0.61,8.24,0,1
d_129.mp4,0.2962,0.0,1.37,8.08,0,1
d_129.mp4,0.2856,0.0,1.15,8.26,0,1
d_129.mp4,0.2966,0.0,0.84,7.94,0,1
d_129.mp4,0.2871,0.0,0.89,8.44,0,1
d_129.mp4,0.2862,0.0,0.76,7.56,0,1
d_129.mp4,0.279,0.0,0.72,7.9,0,1
d_129.mp4,0.2766,0.0,0.84,7.88,0,1
d_129.mp4,0.2673,0.0,0.98,7.29,0,1
d_129.mp4,0.2885,0.0,0.79,7.42,0,1
d_129.mp4,0.2845,0.0,0.7,7.27,0,1
d_129.mp4,0.2926,0.0,1.32,7.59,0,1
d_129.mp4,0.2883,0.02,0.92,7.26,0,1
d_129.mp4,0.2792,0.0,0.89,7.21,0,1
d_129.mp4,0.2886,0.0,0.89,7.35,0,1
d_129.mp4,0.2911,0.0,0.75,7.36,0,1
d_129.mp4,0.304,0.0,1.46,7.16,0,1
d_129.mp4,0.2899,0.0,1.51,7.35,0,1
d_129.mp4,0.2752,0.0,0.93,7.44,0,1
d_129.mp4,0.2793,0.0204,1.12,7.29,0,1
d_129.mp4,0.3036,0.0,0.92,6.92,0,1
d_129.mp4,0.3013,0.0295,0.9,7.6,0,1
d_129.mp4,0.2735,0.0,0.65,6.74,0,1
d_129.mp4,0.297,0.0,0.86,6.94,0,1
d_129.mp4,0.28,0.0,0.82,6.85,0,1
d_129.mp4,0.2772,0.0,1.27,6.4,0,1
d_129.mp4,0.2768,0.0,1.1,6.16,0,1
d_129.mp4,0.2889,0.0,0.51,6.86,0,1
d_129.mp4,0.2596,0.0,0.61,6.23,0,1
d_129.mp4,0.2774,0.0,0.48,6.24,0,1
d_129.mp4,0.2928,0.0,1.04,6.36,0,1
d_129.mp4,0.2842,0.0196,1.35,6.15,0,1
d_129.mp4,0.2671,0.0,0.47,5.59,0,1
d_129.mp4,0.3062,0.0,0.08,6.01,0,1
d_129.mp4,0.2911,0.0196,1.07,6.29,0,1
d_129.mp4,0.2983,0.0,0.99,5.92,0,1
d_129.mp4,0.3109,0.0204,0.66,6.23,0,1
d_129.mp4,0.2867,0.0,1.08,6.06,0,1
d_129.mp4,0.2517,0.0,1.27,5.76,0,1
d_129.mp4,0.2738,0.0,1.0,6.41,0,1
d_129.mp4,0.2608,0.0,0.92,6.17,0,1
d_129.mp4,0.2706,0.0,1.13,6.25,0,1
d_129.mp4,0.2827,0.0,0.59,6.6,0,1
d_129.mp4,0.2755,0.0,1.07,5.86,0,1
d_129.mp4,0.2929,0.0,1.14,5.92,0,1
d_129.mp4,0.1913,0.0288,0.54,5.92,0,1
d_129.mp4,0.2499,0.0,1.1,5.05,0,1
d_129.mp4,0.2974,0.0192,0.6,4.43,1,1
d_129.mp4,0.2948,0.0,1.01,3.29,0,1
d_129.mp4,0.2882,0.0,0.76,2.96,0,1
d_129.mp4,0.2502,0.0192,0.8,2.95,0,1
d_129.mp4,0.1317,0.0,0.88,3.63,0,1
d_129.mp4,0.2288,0.0,1.39,4.04,0,1
d_129.mp4,0.2493,0.0,0.63,4.18,0,1
d_129.mp4,0.2569,0.0,0.98,4.2,0,1
d_129.mp4,0.2744,0.0,1.52,4.56,0,1
d_129.mp4,0.2967,0.0,1.1,4.58,0,1
d_129.mp4,0.2459,0.0,1.31,4.79,0,1
d_129.mp4,0.157,0.0196,1.13,4.99,0,1
d_129.mp4,0.0554,0.0196,1.46,5.67,0,1
d_129.mp4,0.2127,0.0,1.49,6.08,0,1
d_129.mp4,0.2575,0.0,1.49,5.76,0,1
d_129.mp4,0.2712,0.0,1.52,5.68,0,1
d_129.mp4,0.2607,0.0,1.14,6.21,0,1
d_129.mp4,0.2577,0.0,0.75,6.2,0,1
d_129.mp4,0.2854,0.0,1.19,6.24,0,1
d_129.mp4,0.2584,0.0,1.48,5.96,0,1
d_129.mp4,0.256,0.0,1.22,6.07,0,1
d_129.mp4,0.2798,0.0,0.84,5.82,0,1
d_129.mp4,0.2655,0.0283,1.15,6.57,0,1
d_129.mp4,0.2757,0.0,1.09,6.25,0,1
d_129.mp4,0.2685,0.02,1.68,6.29,0,1
d_129.mp4,0.2608,0.0,1.29,7.04,0,1
d_129.mp4,0.2843,0.0,1.77,6.55,0,1
d_129.mp4,0.3077,0.02,0.65,6.71,0,1
d_129.mp4,0.2726,0.0,1.17,6.31,0,1
d_129.mp4,0.2852,0.0,1.04,5.98,0,1
d_129.mp4,0.2902,0.02,0.88,5.92,0,1
d_129.mp4,0.2905,0.0,1.1,6.12,0,1
d_129.mp4,0.284,0.0,0.74,6.35,0,1
d_129.mp4,0.287,0.0,1.45,6.06,0,1
d_129.mp4,0.281,0.0,1.46,6.04,0,1
d_129.mp4,0.2765,0.0196,0.78,6.03,0,1
d_129.mp4,0.2677,0.02,0.44,6.0,0,1
d_129.mp4,0.2812,0.0,1.3,5.72,0,1
d_129.mp4,0.2959,0.0208,0.97,6.25,0,1
d_129.mp4,0.3017,0.0,1.05,6.24,0,1
d_129.mp4,0.2742,0.0,0.72,6.04,0,1
d_129.mp4,0.2857,0.0,0.3,6.36,0,1
d_129.mp4,0.3034,0.0,0.97,5.86,0,1
d_129.mp4,0.2778,0.0,1.3,6.21,0,1
d_129.mp4,0.291,0.02,1.15,6.08,0,1
d_129.mp4,0.2968,0.0,0.54,6.25,0,1
d_129.mp4,0.306,0.0,0.53,6.5,0,1
d_129.mp4,0.2686,0.0,1.75,6.87,0,1
d_129.mp4,0.2796,0.0,1.67,6.44,0,1
d_129.mp4,0.2803,0.0204,1.07,6.18,0,1
d_129.mp4,0.2762,0.0,1.32,6.24,0,1
d_129.mp4,0.0969,0.0,0.46,6.75,0,1
d_129.mp4,0.0492,0.0,0.79,6.99,1,1
d_129.mp4,0.0557,0.0,0.71,6.68,1,1
d_129.mp4,0.0501,0.0,0.39,7.25,1,1
d_129.mp4,0.0623,0.0,0.74,9.16,1,1
d_129.mp4,0.1291,0.0204,0.73,9.51,0,1
d_129.mp4,0.2655,0.0,0.68,10.69,0,1
d_129.mp4,0.2918,0.0,0.94,10.72,0,1
d_129.mp4,0.2985,0.0,1.16,10.38,0,1
d_129.mp4,0.3204,0.0,1.5,10.27,0,1
d_129.mp4,0.3142,0.0,0.59,10.85,0,1
d_129.mp4,0.2796,0.0,0.5,10.3,0,1
d_129.mp4,0.0743,0.0,0.41,10.09,0,1
d_129.mp4,0.0484,0.0,0.67,9.23,0,1
n_1.mp4,0.2822,0.0111,-1.94,-0.27,0,0
n_1.mp4,0.1065,0.0112,-1.9,4.38,0,0
n_1.mp4,0.2708,0.0,-4.17,9.96,0,0
n_1.mp4,0.3051,0.0135,-5.16,10.93,0,0
n_1.mp4,0.3019,0.0268,-4.76,10.53,0,0
n_1.mp4,0.2845,0.0252,-3.78,9.39,0,0
n_1.mp4,0.2913,0.0252,-3.72,7.99,0,0
n_1.mp4,0.2822,0.0756,-2.78,7.16,0,0
n_1.mp4,0.2651,0.0606,-3.31,6.41,0,0
n_1.mp4,0.1958,0.0539,-6.01,9.28,0,0
n_1.mp4,0.322,0.0427,-8.84,12.97,0,0
n_1.mp4,0.6241,0.0212,-14.01,11.06,0,0
n_1.mp4,0.5947,0.0456,-11.63,15.66,0,0
n_1.mp4,0.8308,0.0399,-10.49,17.28,0,0
n_1.mp4,0.5892,0.0703,-11.16,18.51,0,0
n_1.mp4,0.2894,0.0322,-9.46,10.43,0,0
n_1.mp4,0.2573,0.0602,-7.09,5.28,0,0
n_1.mp4,0.2508,0.1028,-5.35,1.52,0,0
n_1.mp4,0.2557,0.143,-5.24,-0.52,0,0
n_1.mp4,0.2664,0.1818,-3.53,-2.65,0,0
n_1.mp4,0.2623,0.1685,-1.87,-5.18,0,0
n_1.mp4,0.2775,0.1393,0.02,-6.53,0,0
n_1.mp4,0.2568,0.1808,0.84,-8.25,0,0
n_1.mp4,0.2607,0.1684,0.28,-9.48,0,0
n_1.mp4,0.2521,0.1688,0.55,-10.88,0,0
n_1.mp4,0.2655,0.1763,0.33,-11.54,0,0
n_1.mp4,0.2562,0.1267,0.33,-12.42,0,0
n_1.mp4,0.256,0.122,0.28,-13.27,0,0
n_1.mp4,0.2939,0.1524,1.15,-14.69,0,0
n_1.mp4,0.2904,0.1686,1.34,-14.88,0,0
n_1.mp4,0.1952,0.0665,0.24,-13.51,0,0
n_1.mp4,0.1604,0.0864,-0.93,-10.95,0,0
n_1.mp4,0.2637,0.1338,-1.33,-6.64,0,0
n_1.mp4,0.2611,0.1337,-1.97,-3.97,0,0
n_1.mp4,0.2367,0.1504,-2.59,-2.14,0,0
n_1.mp4,0.2408,0.1308,-3.12,-1.15,0,0
n_1.mp4,0.2698,0.0998,-3.0,-1.88,0,0
n_1.mp4,0.2721,0.1236,-3.27,-1.86,0,0
n_1.mp4,0.2774,0.1222,-3.72,-1.4,0,0
n_1.mp4,0.3003,0.1011,-4.22,-1.24,0,0
n_1.mp4,0.2791,0.0879,-4.61,-1.36,0,0
n_1.mp4,0.2693,0.0215,-4.67,-0.77,0,0
n_1.mp4,0.2674,0.0556,-4.93,-0.47,0,0
n_1.mp4,0.2506,0.0538,-5.43,0.12,0,0
n_1.mp4,0.2414,0.0103,-5.06,0.25,0,0
n_1.mp4,0.2552,0.0,-4.62,-0.01,0,0
n_1.mp4,0.2484,0.0103,-4.6,0.14,0,0
n_1.mp4,0.2881,0.0,-3.76,-0.06,0,0
n_1.mp4,0.2706,0.0102,-3.1,0.04,0,0
n_1.mp4,0.2755,0.0103,-2.38,0.79,0,0
n_1.mp4,0.2587,0.0109,-1.98,1.84,0,0
n_1.mp4,0.2641,0.0112,-2.11,2.39,0,0
n_1.mp4,0.2629,0.034,-2.57,3.1,0,0
n_1.mp4,0.2553,0.0,-2.65,3.15,0,0
n_1.mp4,0.2496,0.0106,-2.56,3.26,0,0
n_1.mp4,0.1455,0.1745,-3.34,3.43,0,0
n_1.mp4,0.1099,0.1174,-2.65,3.88,0,0
n_1.mp4,0.2224,0.011,-1.54,4.06,0,0
n_1.mp4,0.251,0.0159,-1.21,4.61,0,0
n_1.mp4,0.238,0.0111,-1.07,4.6,0,0
n_1.mp4,0.2534,0.0113,-1.18,4.72,0,0
n_1.mp4,0.233,0.011,-0.07,4.57,0,0
n_1.mp4,0.2182,0.0109,-0.11,2.3,0,0
n_1.mp4,0.2176,0.0107,-1.35,1.47,0,0
n_1.mp4,0.2273,0.0,-1.21,1.45,0,0
n_1.mp4,0.2556,0.0,-1.89,0.78,0,0
n_1.mp4,0.253,0.0,-1.65,-0.11,0,0
n_1.mp4,0.2468,0.0,-1.56,-0.34,0,0
n_1.mp4,0.2399,0.0,-1.84,-0.5,0,0
n_1.mp4,0.2556,0.0,-1.62,-0.44,0,0
n_1.mp4,0.2504,0.0,-1.49,-0.64,0,0
n_1.mp4,0.2344,0.0103,-1.15,-0.35,0,0
n_1.mp4,0.2391,0.015,-1.1,-0.31,0,0
n_1.mp4,0.2375,0.0,-1.55,-1.01,0,0
n_1.mp4,0.2402,0.0103,-1.36,-1.07,0,0
n_1.mp4,0.2371,0.0,-1.07,-0.47,0,0
n_1.mp4,0.2472,0.0103,-1.04,-0.93,0,0
n_1.mp4,0.2455,0.0,-1.18,0.15,0,0
n_1.mp4,0.2574,0.0101,-0.6,-0.3,0,0
n_1.mp4,0.2321,0.0103,-1.1,0.31,0,0
n_1.mp4,0.2376,0.0105,-1.12,0.16,0,0
n_1.mp4,0.2513,0.0,-1.45,1.06,0,0
n_1.mp4,0.2409,0.0,-1.48,1.67,0,0
n_1.mp4,0.2349,0.0,-0.77,2.74,0,0
n_1.mp4,0.2414,0.0,-0.43,3.25,0,0
n_1.mp4,0.2404,0.0,-0.88,4.08,0,0
n_1.mp4,0.2143,0.0,-1.36,4.04,0,0
n_1.mp4,0.2172,0.0,-1.71,4.7,0,0
n_1.mp4,0.2132,0.0109,-1.48,5.15,0,0
n_1.mp4,0.2128,0.011,-1.59,6.97,0,0
n_1.mp4,0.2273,0.0109,-2.46,7.3,0,0
n_1.mp4,0.2558,0.0,-2.3,8.32,0,0
n_1.mp4,0.2163,0.0,-2.68,8.64,0,0
n_1.mp4,0.0933,0.0,-2.7,10.1,0,0
n_1.mp4,0.147,0.0155,-4.46,12.39,0,0
n_1.mp4,0.3673,0.02,-6.85,12.14,0,0
n_1.mp4,0.6424,0.0,-8.61,16.88,0,0
d_132.mp4,0.2857,0.0,1.1,4.19,0,1
d_132.mp4,0.2701,0.0,0.67,3.92,0,1
d_132.mp4,0.2638,0.0,1.02,3.68,0,1
d_132.mp4,0.2759,0.0196,1.2,3.54,0,1
d_132.mp4,0.2744,0.0196,0.72,3.82,0,1
d_132.mp4,0.2525,0.0192,0.68,3.7,0,1
d_132.mp4,0.2794,0.0,0.71,3.87,0,1
d_132.mp4,0.264,0.0,1.0,3.85,0,1
d_132.mp4,0.2867,0.02,1.65,3.85,0,1
d_132.mp4,0.2709,0.0,1.09,3.88,0,1
d_132.mp4,0.2743,0.0,1.57,3.69,0,1
d_132.mp4,0.2796,0.0,0.83,4.25,0,1
d_132.mp4,0.2621,0.0196,0.97,4.3,0,1
d_132.mp4,0.2573,0.02,1.15,3.83,0,1
d_132.mp4,0.2657,0.0,1.16,4.08,0,1
d_132.mp4,0.2562,0.0,1.31,4.06,0,1
d_132.mp4,0.273,0.0,1.39,4.12,0,1
d_132.mp4,0.2651,0.0,1.01,3.8,0,1
d_132.mp4,0.2593,0.0,1.03,3.71,0,1
d_132.mp4,0.261,0.0,0.73,3.83,0,1
d_132.mp4,0.273,0.02,0.96,3.99,0,1
d_132.mp4,0.2612,0.0,0.88,3.95,0,1
d_132.mp4,0.129,0.0,0.75,4.06,0,1
d_132.mp4,0.0418,0.0,0.59,3.96,0,1
d_132.mp4,0.0518,0.0196,0.37,3.95,0,1
d_132.mp4,0.0305,0.0,0.34,3.98,1,1
d_132.mp4,0.043,0.0,-0.11,4.16,1,1
d_132.mp4,0.0546,0.0,0.13,4.22,1,1
d_132.mp4,0.0529,0.0196,0.09,4.13,0,1
d_132.mp4,0.2175,0.0,0.89,4.87,0,1
d_132.mp4,0.2724,0.0,1.05,4.56,0,1
d_132.mp4,0.2943,0.0,0.6,4.05,0,1
d_132.mp4,0.2759,0.0,0.51,4.08,0,1
d_132.mp4,0.283,0.0,0.28,4.47,0,1
d_132.mp4,0.2912,0.0,0.68,4.11,0,1
d_132.mp4,0.2593,0.0196,0.88,4.62,0,1
d_132.mp4,0.2789,0.0,1.0,4.23,0,1
d_132.mp4,0.2753,0.0,1.04,4.73,0,1
d_132.mp4,0.2846,0.0,0.96,5.05,0,1
d_132.mp4,0.2689,0.0,1.09,4.78,0,1
d_132.mp4,0.2623,0.0,0.58,5.13,0,1
d_132.mp4,0.2737,0.0,0.87,4.74,0,1
d_132.mp4,0.2613,0.0,0.94,4.49,0,1
d_132.mp4,0.2856,0.02,1.25,4.6,0,1
d_132.mp4,0.2557,0.0,0.99,4.94,0,1
d_132.mp4,0.2829,0.02,0.87,5.03,0,1
d_132.mp4,0.2621,0.0,0.04,5.42,0,1
d_132.mp4,0.2692,0.0,-0.09,5.04,0,1
d_132.mp4,0.2898,0.0,0.29,5.49,0,1
d_132.mp4,0.2861,0.0204,0.37,6.06,0,1
d_132.mp4,0.2887,0.0,0.73,5.77,0,1
d_132.mp4,0.293,0.0204,0.97,6.12,0,1
d_132.mp4,0.2699,0.0,0.64,6.01,0,1
d_132.mp4,0.2827,0.0,0.58,6.6,0,1
d_132.mp4,0.2781,0.0,0.93,5.75,0,1
d_132.mp4,0.2691,0.0,0.74,5.93,0,1
d_132.mp4,0.2697,0.0,0.36,6.23,0,1
d_132.mp4,0.2773,0.0,0.59,6.23,0,1
d_132.mp4,0.2724,0.0,0.02,6.19,0,1
d_132.mp4,0.25,0.0,0.77,5.95,0,1
d_132.mp4,0.2663,0.0208,0.09,6.13,0,1
d_132.mp4,0.2508,0.0,0.36,6.2,0,1
d_132.mp4,0.2616,0.0208,0.34,6.13,0,1
d_132.mp4,0.2778,0.0,0.3,6.51,0,1
d_132.mp4,0.2684,0.0,0.09,6.19,0,1
d_132.mp4,0.2702,0.0,-0.05,5.96,0,1
d_132.mp4,0.2935,0.0204,-0.14,5.74,0,1
d_132.mp4,0.2743,0.0,-0.31,5.56,0,1
d_132.mp4,0.2781,0.0,0.9,6.28,0,1
d_132.mp4,0.291,0.0,0.93,6.04,0,1
d_132.mp4,0.2762,0.0,0.48,5.68,0,1
d_132.mp4,0.2595,0.0,0.64,5.34,0,1
d_132.mp4,0.2721,0.0,1.26,5.21,0,1
d_132.mp4,0.2579,0.0,0.18,5.79,0,1
d_132.mp4,0.2856,0.0,0.25,5.54,0,1
d_132.mp4,0.2949,0.0307,0.07,5.48,0,1
d_132.mp4,0.2708,0.0295,0.79,5.29,0,1
d_132.mp4,0.2814,0.0204,-0.2,5.69,0,1
d_132.mp4,0.2634,0.0,-0.11,5.64,0,1
d_132.mp4,0.2758,0.0,-0.51,5.57,0,1
d_132.mp4,0.2488,0.0,0.25,5.28,0,1
d_132.mp4,0.2862,0.0,0.73,5.82,0,1
d_132.mp4,0.2642,0.0204,-0.3,5.77,0,1
d_132.mp4,0.2709,0.0,0.59,5.74,0,1
d_132.mp4,0.2809,0.0,0.13,5.3,0,1
d_132.mp4,0.2625,0.0,0.27,5.11,0,1
d_132.mp4,0.2776,0.0,0.52,5.74,0,1
d_132.mp4,0.2825,0.0,0.24,5.4,0,1
d_132.mp4,0.2769,0.0,0.4,5.55,0,1
d_132.mp4,0.2788,0.0,0.29,5.95,0,1
d_132.mp4,0.2994,0.0,0.51,7.38,0,1
d_132.mp4,0.3437,0.0,1.46,9.2,0,1
d_132.mp4,0.3518,0.0238,1.18,11.07,0,1
d_132.mp4,0.3612,0.0244,1.39,12.54,0,1
d_132.mp4,0.3726,0.0,0.52,14.27,0,1
d_132.mp4,0.4114,0.0,1.63,14.35,0,1
d_132.mp4,0.3807,0.0263,1.15,14.59,0,1
d_132.mp4,0.3924,0.0,1.11,14.99,0,1
d_132.mp4,0.3553,0.0,1.22,14.83,0,1
d_132.mp4,0.3827,0.0,0.62,14.77,0,1
d_132.mp4,0.3512,0.0238,0.1,14.15,0,1
d_132.mp4,0.1443,0.0,0.18,12.99,0,1
d_132.mp4,0.2276,0.0,1.25,11.29,0,1
d_132.mp4,0.2905,0.0213,0.36,10.34,0,1
d_132.mp4,0.2777,0.0217,0.92,9.4,0,1
d_132.mp4,0.2906,0.0213,-0.04,9.72,0,1
d_132.mp4,0.2939,0.0,1.89,9.81,0,1
d_132.mp4,0.2941,0.0,1.49,9.58,0,1
d_132.mp4,0.2842,0.0208,1.91,8.85,0,1
d_132.mp4,0.2887,0.0,0.43,9.52,0,1
d_132.mp4,0.2868,0.0204,0.82,8.76,0,1
d_132.mp4,0.2898,0.0204,0.88,9.02,0,1
d_132.mp4,0.2873,0.0,1.15,9.37,0,1
d_132.mp4,0.2705,0.0,1.3,8.27,0,1
d_132.mp4,0.2817,0.0,1.04,8.25,0,1
d_132.mp4,0.2676,0.0,0.59,8.2,0,1
d_132.mp4,0.2864,0.0208,1.34,7.92,0,1
d_132.mp4,0.2896,0.0,0.45,8.13,0,1
d_132.mp4,0.2777,0.0,0.63,8.07,0,1
d_132.mp4,0.266,0.0,0.67,7.32,0,1
d_132.mp4,0.3044,0.0,0.61,7.75,0,1
d_132.mp4,0.2891,0.0208,0.85,7.79,0,1
d_132.mp4,0.2746,0.0,0.52,7.46,0,1
d_132.mp4,0.283,0.0,0.63,7.45,0,1
d_131.mp4,0.2794,0.0,1.14,2.96,0,1
d_131.mp4,0.2886,0.0,1.34,2.68,0,1
d_131.mp4,0.2685,0.0,1.33,2.57,0,1
d_131.mp4,0.2853,0.0,0.42,2.33,0,1
d_131.mp4,0.2567,0.0,0.26,2.46,0,1
d_131.mp4,0.2802,0.0195,-0.1,2.62,0,1
d_131.mp4,0.2748,0.0195,0.17,2.49,0,1
d_131.mp4,0.2704,0.0271,0.41,2.43,0,1
d_131.mp4,0.2704,0.0,0.36,2.76,0,1
d_131.mp4,0.2692,0.0195,0.35,2.54,1,1
d_131.mp4,0.2705,0.0,0.54,2.23,0,1
d_131.mp4,0.2886,0.0,0.79,2.77,0,1
d_131.mp4,0.2785,0.0,0.92,2.45,0,1
d_131.mp4,0.2553,0.0,0.84,2.37,0,1
d_131.mp4,0.2447,0.0195,0.67,2.51,0,1
d_131.mp4,0.2776,0.0,0.24,2.21,0,1
d_131.mp4,0.2819,0.0,0.09,2.81,0,1
d_131.mp4,0.2753,0.0192,0.04,2.78,0,1
d_131.mp4,0.1378,0.02,0.42,2.72,0,1
d_131.mp4,0.1201,0.0,-0.54,3.13,0,1
d_131.mp4,0.078,0.0,-0.1,3.03,0,1
d_131.mp4,0.0535,0.0,0.19,2.79,0,1
d_131.mp4,0.0594,0.0272,-0.13,2.65,1,1
d_131.mp4,0.0554,0.0,0.23,2.79,0,1
d_131.mp4,0.0497,0.0,0.13,2.64,1,1
d_131.mp4,0.1133,0.0195,0.22,2.51,0,1
d_131.mp4,0.2425,0.0,0.27,2.8,0,1
d_131.mp4,0.2606,0.0192,0.29,2.56,0,1
d_131.mp4,0.2576,0.0,0.57,2.68,0,1
d_131.mp4,0.2516,0.0,0.42,2.5,0,1
d_131.mp4,0.2683,0.0195,0.58,2.51,0,1
d_131.mp4,0.2605,0.0,0.19,2.54,0,1
d_131.mp4,0.2605,0.0,0.91,2.13,0,1
d_131.mp4,0.2879,0.0,0.99,2.76,0,1
d_131.mp4,0.2724,0.0195,0.67,2.28,0,1
d_131.mp4,0.2652,0.0,0.65,2.41,0,1
d_131.mp4,0.2587,0.0192,1.01,2.3,0,1
d_131.mp4,0.2671,0.0192,0.56,2.46,0,1
d_131.mp4,0.2646,0.0192,1.09,2.5,0,1
d_131.mp4,0.2497,0.0,0.78,2.51,0,1
d_131.mp4,0.2706,0.0,0.78,2.41,0,1
d_131.mp4,0.2589,0.0,0.6,2.67,0,1
d_131.mp4,0.2685,0.0,0.95,2.73,0,1
d_131.mp4,0.265,0.0,0.83,2.52,0,1
d_131.mp4,0.2588,0.0,0.92,2.4,0,1
d_131.mp4,0.2734,0.0192,0.77,2.48,0,1
d_131.mp4,0.2553,0.0192,0.97,2.83,0,1
d_131.mp4,0.2725,0.0,0.84,2.95,0,1
d_131.mp4,0.2614,0.0,1.2,2.64,0,1
d_131.mp4,0.2591,0.0196,0.88,2.76,0,1
d_131.mp4,0.272,0.0,0.91,2.77,0,1
d_131.mp4,0.2687,0.0,0.56,2.66,0,1
d_131.mp4,0.2607,0.0,0.61,2.35,0,1
d_131.mp4,0.2609,0.0,1.19,2.39,0,1
d_131.mp4,0.2568,0.0,0.65,2.71,0,1
d_131.mp4,0.2668,0.0,0.66,2.54,0,1
d_131.mp4,0.271,0.0,0.7,2.93,0,1
d_131.mp4,0.2516,0.0,0.78,2.59,0,1
d_131.mp4,0.2746,0.02,1.17,2.84,0,1
d_131.mp4,0.2653,0.0,0.29,2.91,0,1
d_131.mp4,0.2763,0.0192,0.56,2.57,0,1
d_131.mp4,0.2595,0.0192,1.04,2.82,0,1
d_131.mp4,0.2591,0.0,1.19,2.84,0,1
d_131.mp4,0.2772,0.0192,1.25,2.71,0,1
d_131.mp4,0.2587,0.0192,0.85,2.49,0,1
d_131.mp4,0.2575,0.0,1.14,2.64,0,1
d_131.mp4,0.2561,0.0,0.9,2.57,0,1
d_131.mp4,0.2544,0.0192,0.81,2.51,0,1
d_131.mp4,0.2694,0.0,1.35,2.82,0,1
d_131.mp4,0.2663,0.0,1.43,2.87,0,1
d_131.mp4,0.2588,0.0,1.31,2.69,0,1
d_131.mp4,0.276,0.02,0.79,2.44,0,1
d_131.mp4,0.2606,0.0188,0.79,2.41,0,1
d_131.mp4,0.2677,0.0,1.01,2.22,0,1
d_131.mp4,0.2704,0.0,0.82,2.39,0,1
d_131.mp4,0.2666,0.0,1.27,2.73,0,1
d_131.mp4,0.2544,0.0,0.99,2.31,0,1
d_131.mp4,0.271,0.0,1.02,2.62,0,1
d_131.mp4,0.2648,0.0,0.85,2.47,0,1
d_131.mp4,0.2555,0.0,0.77,2.67,0,1
d_131.mp4,0.2471,0.0,0.64,2.66,0,1
d_131.mp4,0.2705,0.0192,0.87,2.89,0,1
d_131.mp4,0.2707,0.0,0.72,2.58,0,1
d_131.mp4,0.2643,0.0,0.74,2.64,0,1
d_131.mp4,0.265,0.0,0.9,2.73,0,1
d_131.mp4,0.2607,0.0,0.43,2.88,0,1
d_131.mp4,0.2655,0.0,0.49,2.81,0,1
d_131.mp4,0.2611,0.0,0.93,2.87,0,1
d_131.mp4,0.2522,0.0,0.67,2.8,0,1
d_131.mp4,0.2577,0.0,0.67,2.59,0,1
d_131.mp4,0.2612,0.0,0.93,2.47,0,1
d_131.mp4,0.2777,0.0203,1.04,2.15,0,1
d_131.mp4,0.2634,0.0,0.94,2.65,0,1
d_131.mp4,0.2654,0.0196,1.47,2.52,0,1
d_131.mp4,0.1789,0.02,1.13,2.37,0,1
d_131.mp4,0.1423,0.0,0.73,2.6,0,1
d_131.mp4,0.2958,0.0,0.64,2.04,0,1
d_131.mp4,0.285,0.0,1.24,1.69,0,1
d_131.mp4,0.2936,0.0192,1.09,1.42,0,1
d_131.mp4,0.2988,0.0,0.78,1.48,0,1
d_131.mp4,0.2882,0.0,0.96,1.4,0,1
d_131.mp4,0.2824,0.0,0.93,1.72,0,1
d_131.mp4,0.2128,0.0192,1.2,1.85,0,1
d_131.mp4,0.0649,0.0,0.94,1.92,0,1
d_131.mp4,0.2449,0.0,1.43,1.92,0,1
d_131.mp4,0.2645,0.0,0.9,2.14,0,1
d_131.mp4,0.271,0.0,0.97,2.05,0,1
d_131.mp4,0.2429,0.0,1.11,2.18,0,1
d_131.mp4,0.2651,0.0,0.92,2.28,0,1
d_131.mp4,0.2588,0.0,0.72,2.21,0,1
d_131.mp4,0.2739,0.0192,1.23,2.4,0,1
d_131.mp4,0.2551,0.0,0.96,2.29,0,1
d_131.mp4,0.2653,0.0,0.97,2.25,0,1
d_131.mp4,0.2577,0.0,0.78,2.29,0,1
d_131.mp4,0.2627,0.0,1.27,2.73,0,1
d_131.mp4,0.2476,0.0,1.25,3.15,0,1
d_131.mp4,0.2685,0.0,1.01,2.77,0,1
d_131.mp4,0.2577,0.0,1.01,2.53,0,1
d_131.mp4,0.2587,0.0,0.81,2.68,0,1
d_131.mp4,0.2738,0.0,1.05,2.66,0,1
d_131.mp4,0.2733,0.0,1.16,2.91,0,1
d_131.mp4,0.264,0.0189,1.29,3.3,0,1
d_131.mp4,0.2675,0.0,1.06,3.26,0,1
d_131.mp4,0.2674,0.0,1.42,3.28,0,1
d_131.mp4,0.2881,0.0,1.19,3.5,0,1
d_133.mp4,0.2879,0.0,1.08,4.45,0,1
d_133.mp4,0.2967,0.0,1.35,4.12,0,1
d_133.mp4,0.3089,0.0,1.06,3.98,0,1
d_133.mp4,0.2917,0.0,1.65,3.57,1,1
d_133.mp4,0.2863,0.0,1.21,3.68,0,1
d_133.mp4,0.2988,0.0,1.42,3.78,0,1
d_133.mp4,0.2427,0.0,1.3,3.63,0,1
d_133.mp4,0.1547,0.0,1.09,4.02,0,1
d_133.mp4,0.2163,0.0,1.65,4.45,0,1
d_133.mp4,0.2512,0.0,1.92,4.33,0,1
d_133.mp4,0.2467,0.0,2.37,4.23,0,1
d_133.mp4,0.2632,0.0196,2.11,4.15,0,1
d_133.mp4,0.2635,0.0,1.99,4.57,0,1
d_133.mp4,0.2486,0.0189,1.84,4.66,0,1
d_133.mp4,0.2585,0.0,2.53,4.61,0,1
d_133.mp4,0.2557,0.0,2.22,4.08,0,1
d_133.mp4,0.2584,0.0,2.14,4.4,0,1
d_133.mp4,0.2562,0.0,1.92,4.01,0,1
d_133.mp4,0.2692,0.0,1.35,3.85,0,1
d_133.mp4,0.2436,0.0,1.11,4.27,0,1
d_133.mp4,0.2769,0.0,2.21,4.35,0,1
d_133.mp4,0.2827,0.0,1.96,4.32,0,1
d_133.mp4,0.279,0.0192,1.74,4.42,0,1
d_133.mp4,0.2862,0.0,1.07,4.26,0,1
d_133.mp4,0.2846,0.0,1.6,4.41,0,1
d_133.mp4,0.2744,0.0,1.84,4.31,0,1
d_133.mp4,0.2517,0.0,2.13,4.03,0,1
d_133.mp4,0.2595,0.0,1.71,3.82,0,1
d_133.mp4,0.2795,0.0188,1.73,3.87,0,1
d_133.mp4,0.2852,0.0196,1.94,4.38,0,1
d_133.mp4,0.2857,0.0192,1.7,4.32,0,1
d_133.mp4,0.263,0.0,1.51,3.9,0,1
d_133.mp4,0.2808,0.0,1.2,4.1,0,1
d_133.mp4,0.2742,0.0,1.51,4.39,0,1
d_133.mp4,0.2825,0.0188,1.05,4.18,0,1
d_133.mp4,0.2631,0.0,1.53,4.42,0,1
d_133.mp4,0.2743,0.0,1.45,4.1,0,1
d_133.mp4,0.2666,0.0,1.7,4.05,0,1
d_133.mp4,0.2548,0.0,1.79,3.9,0,1
d_133.mp4,0.2575,0.0,1.35,3.66,0,1
d_133.mp4,0.2705,0.0,1.55,3.61,0,1
d_133.mp4,0.2621,0.0272,1.96,3.88,0,1
d_133.mp4,0.2749,0.0,2.03,3.96,0,1
d_133.mp4,0.2833,0.0189,1.8,4.11,0,1
d_133.mp4,0.2677,0.0,1.54,4.28,0,1
d_133.mp4,0.2669,0.0189,1.63,4.45,0,1
d_133.mp4,0.29,0.0,1.77,4.29,0,1
d_133.mp4,0.267,0.0192,0.97,4.11,0,1
d_133.mp4,0.2604,0.0,1.26,4.06,0,1
d_133.mp4,0.2656,0.0,1.73,4.24,0,1
d_133.mp4,0.2577,0.0,1.91,4.07,0,1
d_133.mp4,0.2771,0.0,2.69,3.92,0,1
d_133.mp4,0.2745,0.0,1.95,3.58,0,1
d_133.mp4,0.2895,0.0,1.58,4.07,0,1
d_133.mp4,0.2781,0.0192,1.87,4.41,0,1
d_133.mp4,0.2837,0.0,1.85,4.06,0,1
d_133.mp4,0.2754,0.0196,1.87,4.46,0,1
d_133.mp4,0.2794,0.0,2.13,4.38,0,1
d_133.mp4,0.2829,0.0,2.36,4.29,0,1
d_133.mp4,0.2439,0.0,2.15,4.2,0,1
d_133.mp4,0.262,0.0196,1.82,4.12,0,1
d_133.mp4,0.2538,0.0,2.06,4.09,0,1
d_133.mp4,0.2538,0.0,2.53,3.91,0,1
d_133.mp4,0.2733,0.0188,2.57,3.7,0,1
d_133.mp4,0.2615,0.0,2.42,4.05,0,1
d_133.mp4,0.2694,0.0,2.4,3.79,0,1
d_133.mp4,0.2759,0.0,1.68,4.19,0,1
d_133.mp4,0.2591,0.0,2.26,4.3,0,1
d_133.mp4,0.2521,0.02,2.41,4.05,0,1
d_133.mp4,0.2599,0.0192,2.88,4.0,0,1
d_133.mp4,0.2769,0.0,2.95,3.87,0,1
d_133.mp4,0.2545,0.0,2.77,3.72,0,1
d_133.mp4,0.2495,0.0,2.89,3.75,0,1
d_133.mp4,0.2625,0.0,3.0,3.83,0,1
d_133.mp4,0.2514,0.0,2.41,3.69,0,1
d_133.mp4,0.2694,0.0,2.79,4.08,0,1
d_133.mp4,0.2694,0.0,2.74,4.05,0,1
d_133.mp4,0.2572,0.0,2.14,4.01,0,1
d_133.mp4,0.2478,0.0196,2.23,4.06,0,1
d_133.mp4,0.2663,0.0192,2.53,4.18,0,1
d_133.mp4,0.2536,0.0189,2.08,3.97,0,1
d_133.mp4,0.2589,0.0,2.25,3.96,0,1
d_133.mp4,0.2779,0.0,2.46,3.85,0,1
d_133.mp4,0.2694,0.0192,2.67,3.73,0,1
d_133.mp4,0.2604,0.0,2.48,3.93,0,1
d_133.mp4,0.211,0.0,2.39,4.24,0,1
d_133.mp4,0.1359,0.0,2.49,4.32,0,1
d_133.mp4,0.1683,0.0,2.44,4.18,0,1
d_133.mp4,0.2427,0.0,3.25,4.14,0,1
d_133.mp4,0.2387,0.0,2.82,4.22,0,1
d_133.mp4,0.2701,0.0,2.18,4.43,0,1
d_133.mp4,0.2454,0.0192,3.24,4.41,0,1
d_133.mp4,0.2408,0.0277,3.42,4.08,0,1
d_133.mp4,0.238,0.0,2.89,4.25,0,1
d_133.mp4,0.2356,0.0,3.05,3.97,0,1
d_133.mp4,0.2545,0.0196,3.12,3.85,0,1
d_133.mp4,0.2503,0.0,3.42,4.18,0,1
d_133.mp4,0.2333,0.0,2.97,3.75,0,1
d_133.mp4,0.2332,0.0,2.54,3.74,0,1
d_133.mp4,0.2797,0.0,2.63,4.28,0,1
d_133.mp4,0.2541,0.0,3.21,3.84,0,1
d_133.mp4,0.254,0.0,2.46,3.94,0,1
d_133.mp4,0.2704,0.0,2.37,4.11,0,1
d_133.mp4,0.2432,0.0,2.03,4.34,0,1
d_133.mp4,0.2801,0.0,2.44,4.29,0,1
d_133.mp4,0.2738,0.0,2.74,4.16,0,1
d_133.mp4,0.2568,0.0,2.78,4.06,0,1
d_133.mp4,0.2658,0.0,3.22,4.39,0,1
d_133.mp4,0.2512,0.0196,2.77,4.16,0,1
d_133.mp4,0.2784,0.0192,2.97,4.25,0,1
d_133.mp4,0.2468,0.0,2.49,4.15,0,1
d_133.mp4,0.266,0.0,2.76,4.34,0,1
d_133.mp4,0.2521,0.0,2.63,4.04,0,1
d_133.mp4,0.2529,0.0,2.41,4.16,0,1
d_133.mp4,0.2704,0.0,2.56,4.09,0,1
d_133.mp4,0.2699,0.0,2.59,4.15,0,1
d_133.mp4,0.2597,0.0,2.23,4.15,0,1
d_133.mp4,0.2619,0.0,2.3,4.01,0,1
d_133.mp4,0.2577,0.0,2.06,4.53,0,1
d_133.mp4,0.2534,0.0196,2.19,4.28,0,1
d_133.mp4,0.2656,0.0,2.52,4.35,0,1
d_133.mp4,0.2442,0.0,1.6,4.3,0,1
d_133.mp4,0.2706,0.0,2.34,4.16,0,1
d_133.mp4,0.2438,0.0,1.66,4.09,0,1
d_133.mp4,0.2794,0.0272,2.14,4.57,0,1
d_14.mp4,0.2534,0.2893,-3.5,-0.02,0,1
d_14.mp4,0.2462,0.0103,-2.35,-0.55,0,1
d_14.mp4,0.2298,0.1232,-1.97,0.07,0,1
d_14.mp4,0.2374,0.1704,-1.88,-0.05,0,1
d_14.mp4,0.2402,0.1243,-2.9,0.54,0,1
d_14.mp4,0.2513,0.167,-2.07,0.51,0,1
d_14.mp4,0.2307,0.1985,-1.76,0.55,0,1
d_14.mp4,0.1259,0.0239,-3.06,0.12,0,1
d_14.mp4,0.2237,0.0641,-2.74,-0.45,0,1
d_14.mp4,0.2262,0.0,-1.82,-0.9,0,1
d_14.mp4,0.2217,0.25,-1.86,-1.24,0,1
d_14.mp4,0.2181,0.0724,-0.84,-1.57,0,1
d_14.mp4,0.2264,0.1348,-1.53,-1.4,0,1
d_14.mp4,0.2194,0.0,-1.09,-1.8,0,1
d_14.mp4,0.2292,0.1037,-1.27,-1.87,0,1
d_14.mp4,0.2264,0.1405,-1.47,-0.92,0,1
d_14.mp4,0.1333,0.0,0.46,-0.76,0,1
d_14.mp4,0.1399,0.1066,-0.12,0.35,0,1
d_14.mp4,0.2009,0.3054,-0.03,0.27,0,1
d_14.mp4,0.2037,0.3125,0.46,0.47,0,1
d_14.mp4,0.2135,0.2365,-0.06,0.65,0,1
d_14.mp4,0.2144,0.2482,-1.39,-0.03,0,1
d_14.mp4,0.2039,0.3672,-1.41,-0.27,0,1
d_14.mp4,0.2018,0.391,-1.41,-1.01,0,1
d_14.mp4,0.2076,0.4221,-1.28,-0.98,0,1
d_14.mp4,0.2142,0.1186,-2.11,-1.36,0,1
d_14.mp4,0.0842,0.238,-2.14,-1.31,0,1
d_14.mp4,0.1004,0.166,-1.53,-1.5,0,1
d_14.mp4,0.2053,0.1286,-1.01,-1.35,0,1
d_14.mp4,0.2259,0.2696,-3.5,-0.65,0,1
d_14.mp4,0.2097,0.173,-3.3,-0.03,0,1
d_14.mp4,0.2259,0.0105,-0.96,-0.49,0,1
d_14.mp4,0.2192,0.2446,-0.91,-0.64,0,1
d_14.mp4,0.2228,0.0,-1.49,-0.3,0,1
d_14.mp4,0.2253,0.1651,-2.08,0.08,0,1
d_14.mp4,0.2112,0.1637,-0.67,-0.45,0,1
d_14.mp4,0.2183,0.0676,0.9,-0.31,0,1
d_14.mp4,0.2178,0.3975,-1.56,-0.53,0,1
d_14.mp4,0.2326,0.229,-1.66,0.01,0,1
d_14.mp4,0.2057,0.2596,-1.02,0.23,0,1
d_14.mp4,0.2231,0.3351,-1.17,-0.15,0,1
d_14.mp4,0.2146,0.315,-1.1,-0.02,0,1
d_14.mp4,0.2181,0.3243,-1.91,0.1,0,1
d_14.mp4,0.2224,0.2539,-1.43,0.53,0,1
d_14.mp4,0.2238,0.2815,-1.46,0.36,0,1
d_14.mp4,0.2364,0.2285,-2.21,0.24,0,1
d_14.mp4,0.2292,0.223,-1.95,0.71,0,1
d_14.mp4,0.237,0.2427,-1.3,-0.49,0,1
d_14.mp4,0.2274,0.4881,-0.76,-0.07,0,1
d_14.mp4,0.2192,0.2746,-1.43,0.22,0,1
d_14.mp4,0.2474,0.3369,-0.83,1.06,0,1
d_14.mp4,0.2338,0.4531,-0.57,1.07,0,1
d_14.mp4,0.2253,0.34,-1.33,0.56,0,1
d_14.mp4,0.2385,0.2254,-2.06,-0.24,0,1
d_14.mp4,0.22,0.1503,-2.19,0.63,0,1
d_14.mp4,0.0684,0.1741,-1.89,0.48,0,1
d_14.mp4,0.1997,0.3341,-1.27,0.85,0,1
d_14.mp4,0.2118,0.1957,-1.62,1.57,0,1
d_14.mp4,0.214,0.2663,-1.45,1.78,0,1
d_14.mp4,0.2239,0.0484,-1.01,2.3,0,1
d_14.mp4,0.231,0.0979,-1.39,2.05,0,1
d_14.mp4,0.2404,0.1223,-1.53,1.43,0,1
d_14.mp4,0.2011,0.4221,-2.08,-0.07,0,1
d_14.mp4,0.0437,0.2219,-1.12,-0.39,1,1
d_14.mp4,0.0429,0.3416,-0.99,-0.84,1,1
d_14.mp4,0.0465,0.2815,-1.22,-1.2,0,1
d_14.mp4,0.1857,0.1913,-2.49,-0.49,0,1
d_14.mp4,0.2156,0.2764,-1.67,-0.97,0,1
d_14.mp4,0.205,0.0424,-2.06,-1.09,0,1
d_14.mp4,0.2099,0.01,-2.84,-0.82,0,1
d_14.mp4,0.2296,0.3207,-1.71,-1.4,0,1
d_14.mp4,0.2259,0.2278,-3.05,-0.79,0,1
d_14.mp4,0.2391,0.2971,-2.74,-0.64,0,1
d_14.mp4,0.2541,0.1829,-3.09,0.06,0,1
d_14.mp4,0.2494,0.227,-4.23,-0.35,0,1
d_14.mp4,0.2417,0.2685,-4.13,0.31,0,1
d_14.mp4,0.2658,0.2277,-2.97,0.37,0,1
d_14.mp4,0.2531,0.1858,-2.83,1.07,0,1
d_14.mp4,0.2659,0.1973,-3.63,0.9,0,1
d_14.mp4,0.2458,0.3443,-2.44,1.53,0,1
d_14.mp4,0.2394,0.3051,-1.55,2.47,0,1
d_14.mp4,0.225,0.2814,-1.12,2.56,0,1
d_14.mp4,0.2321,0.3042,-1.56,2.52,0,1
d_14.mp4,0.2294,0.2774,-1.73,2.66,0,1
d_14.mp4,0.0586,0.1693,-1.39,2.24,0,1
d_14.mp4,0.0357,0.1587,-1.52,2.28,0,1
d_14.mp4,0.0389,0.3116,-0.39,2.39,0,1
d_14.mp4,0.0495,0.4329,-0.36,1.59,0,1
d_14.mp4,0.0541,0.232,-0.53,1.74,0,1
d_14.mp4,0.0373,0.3286,-0.48,1.52,0,1
d_14.mp4,0.199,0.1713,-0.21,1.99,0,1
d_14.mp4,0.1967,0.1705,-0.34,2.17,0,1
d_14.mp4,0.2285,0.1737,-0.04,2.24,0,1
d_14.mp4,0.2111,0.2305,-1.08,1.52,0,1
d_14.mp4,0.2293,0.2374,-1.66,1.31,0,1
d_14.mp4,0.2239,0.1904,-2.25,1.98,0,1
d_14.mp4,0.2413,0.115,-1.28,1.87,0,1
d_14.mp4,0.2185,0.226,-1.74,1.9,0,1
d_14.mp4,0.2157,0.0112,-0.8,2.21,0,1
d_135.mp4,0.2516,0.0,2.19,6.05,0,1
d_135.mp4,0.284,0.0,0.99,5.5,0,1
d_135.mp4,0.2655,0.0,1.72,5.24,0,1
d_135.mp4,0.2617,0.0,1.66,5.18,0,1
d_135.mp4,0.2532,0.0,1.32,5.18,0,1
d_135.mp4,0.2704,0.0,1.34,5.25,0,1
d_135.mp4,0.2596,0.0,1.35,5.23,0,1
d_135.mp4,0.2685,0.0,1.41,5.16,0,1
d_135.mp4,0.2714,0.0,1.32,5.42,0,1
d_135.mp4,0.2587,0.0196,1.14,5.07,0,1
d_135.mp4,0.2657,0.0,1.6,5.12,0,1
d_135.mp4,0.2705,0.0,1.32,5.05,0,1
d_135.mp4,0.2699,0.0,1.99,4.92,0,1
d_135.mp4,0.2677,0.0,1.5,5.18,0,1
d_135.mp4,0.2671,0.0,1.81,5.11,0,1
d_135.mp4,0.2779,0.0,1.33,5.06,0,1
d_135.mp4,0.2708,0.0,1.86,5.06,0,1
d_135.mp4,0.2414,0.0,1.51,5.19,0,1
d_135.mp4,0.263,0.0,1.43,5.27,0,1
d_135.mp4,0.255,0.0,1.4,5.14,0,1
d_135.mp4,0.2523,0.0,1.78,4.92,0,1
d_135.mp4,0.2587,0.0267,1.48,4.7,0,1
d_135.mp4,0.2565,0.0,1.27,4.81,0,1
d_135.mp4,0.2569,0.0,2.07,4.93,0,1
d_135.mp4,0.2565,0.0,1.3,5.04,0,1
d_135.mp4,0.2434,0.0,1.28,5.08,0,1
d_135.mp4,0.2658,0.0,1.34,5.02,0,1
d_135.mp4,0.2635,0.0,1.61,5.22,0,1
d_135.mp4,0.2511,0.0,1.0,5.24,0,1
d_135.mp4,0.2604,0.0,1.36,4.89,0,1
d_135.mp4,0.2402,0.0,1.08,4.6,0,1
d_135.mp4,0.2679,0.0,1.71,4.37,0,1
d_135.mp4,0.2738,0.0,1.75,4.28,0,1
d_135.mp4,0.255,0.0192,1.56,4.69,0,1
d_135.mp4,0.2554,0.0192,1.63,4.98,0,1
d_135.mp4,0.2622,0.0,1.44,4.7,0,1
d_135.mp4,0.2487,0.0,1.2,4.96,0,1
d_135.mp4,0.2547,0.0,0.93,4.9,0,1
d_135.mp4,0.2584,0.0,1.37,4.51,0,1
d_135.mp4,0.247,0.0,1.65,4.84,0,1
d_135.mp4,0.2685,0.0,1.2,4.5,0,1
d_135.mp4,0.2471,0.0,1.43,4.29,0,1
d_135.mp4,0.2486,0.0,1.15,4.56,0,1
d_135.mp4,0.2661,0.0,1.51,4.32,0,1
d_135.mp4,0.2536,0.0,1.45,4.22,0,1
d_135.mp4,0.255,0.0,1.54,4.53,0,1
d_135.mp4,0.2715,0.0,1.5,4.35,0,1
d_135.mp4,0.201,0.02,1.64,4.62,0,1
d_135.mp4,0.0829,0.0,1.4,4.28,0,1
d_135.mp4,0.2033,0.0,1.4,4.51,0,1
d_135.mp4,0.2433,0.0,1.63,4.73,0,1
d_135.mp4,0.2685,0.0,1.65,5.26,0,1
d_135.mp4,0.248,0.0192,1.56,4.79,0,1
d_135.mp4,0.2613,0.0,1.75,5.09,0,1
d_135.mp4,0.2473,0.0,1.55,4.86,0,1
d_135.mp4,0.2705,0.0,1.59,4.67,0,1
d_135.mp4,0.2494,0.0,1.69,4.89,0,1
d_135.mp4,0.2634,0.0,2.12,4.83,0,1
d_135.mp4,0.2651,0.0196,2.36,5.12,0,1
d_135.mp4,0.2697,0.0,2.09,4.51,0,1
d_135.mp4,0.282,0.0,1.83,4.81,0,1
d_135.mp4,0.259,0.0,1.91,4.59,0,1
d_135.mp4,0.2628,0.0,1.71,4.76,0,1
d_135.mp4,0.2749,0.02,1.89,4.72,0,1
d_135.mp4,0.2564,0.02,1.63,4.56,0,1
d_135.mp4,0.2532,0.0,1.84,4.11,0,1
d_135.mp4,0.264,0.0,1.59,4.36,0,1
d_135.mp4,0.2675,0.0196,1.94,4.15,0,1
d_135.mp4,0.2482,0.0,1.85,4.03,0,1
d_135.mp4,0.2777,0.0,1.4,4.02,0,1
d_135.mp4,0.2795,0.0,1.73,4.12,0,1
d_135.mp4,0.2565,0.0196,1.91,4.5,0,1
d_135.mp4,0.2529,0.0,1.48,4.4,0,1
d_135.mp4,0.2673,0.02,1.58,4.36,0,1
d_135.mp4,0.2681,0.0,1.72,4.64,0,1
d_135.mp4,0.2656,0.0,1.85,4.5,0,1
d_135.mp4,0.2636,0.0196,1.54,4.59,0,1
d_135.mp4,0.2726,0.0204,1.54,4.83,0,1
d_135.mp4,0.2673,0.0196,1.78,5.12,0,1
d_135.mp4,0.2569,0.02,1.45,5.06,0,1
d_135.mp4,0.2628,0.0,1.67,5.16,0,1
d_135.mp4,0.2585,0.02,2.13,5.48,0,1
d_135.mp4,0.2651,0.0192,2.27,5.14,0,1
d_135.mp4,0.2636,0.0,1.9,5.6,0,1
d_135.mp4,0.2547,0.0,1.55,5.09,0,1
d_135.mp4,0.2496,0.0199,2.02,4.92,0,1
d_135.mp4,0.274,0.0196,1.99,5.14,0,1
d_135.mp4,0.2673,0.0,1.75,5.3,0,1
d_135.mp4,0.2678,0.0,1.77,5.63,0,1
d_135.mp4,0.2485,0.0,1.64,5.1,0,1
d_135.mp4,0.2706,0.0,1.63,5.28,0,1
d_135.mp4,0.2707,0.02,1.87,5.3,0,1
d_135.mp4,0.2626,0.0,1.86,5.07,0,1
d_135.mp4,0.2366,0.0,2.09,5.2,0,1
d_135.mp4,0.1406,0.0,1.47,4.65,0,1
d_135.mp4,0.1683,0.02,1.2,3.91,0,1
d_135.mp4,0.2763,0.0277,0.97,2.74,0,1
d_135.mp4,0.3153,0.0,1.49,1.19,0,1
d_135.mp4,0.3016,0.0184,1.77,0.53,0,1
d_135.mp4,0.3059,0.0,1.63,0.07,0,1
d_135.mp4,0.2834,0.0188,1.77,0.26,0,1
d_135.mp4,0.3019,0.0,1.56,0.24,0,1
d_135.mp4,0.1439,0.0188,1.34,0.97,0,1
d_135.mp4,0.1278,0.0192,1.74,1.81,0,1
d_135.mp4,0.2331,0.0,1.32,2.95,0,1
d_135.mp4,0.2575,0.0,1.12,3.86,0,1
d_135.mp4,0.2516,0.0,1.57,4.06,0,1
d_135.mp4,0.244,0.0203,1.61,4.57,0,1
d_135.mp4,0.2518,0.0,1.96,4.47,0,1
d_135.mp4,0.2518,0.0,1.73,5.1,0,1
d_135.mp4,0.2461,0.0,1.87,4.94,0,1
d_135.mp4,0.2719,0.0,1.65,5.0,0,1
d_135.mp4,0.2349,0.0196,1.94,5.01,0,1
d_135.mp4,0.2508,0.0277,1.79,4.95,0,1
d_135.mp4,0.2707,0.0,1.67,5.28,0,1
d_135.mp4,0.2635,0.0,1.58,5.16,0,1
d_135.mp4,0.2538,0.02,1.61,5.47,0,1
d_135.mp4,0.2786,0.0196,1.92,5.06,0,1
d_135.mp4,0.2701,0.0,1.63,5.61,0,1
d_135.mp4,0.2789,0.0,1.45,5.37,0,1
d_135.mp4,0.28,0.0,1.47,5.82,0,1
d_135.mp4,0.2794,0.0,1.87,5.68,0,1
d_135.mp4,0.2717,0.0283,1.74,5.77,0,1
d_135.mp4,0.2592,0.0192,1.81,5.46,0,1
d_134.mp4,0.2734,0.0,2.64,4.34,0,1
d_134.mp4,0.2707,0.0,1.68,4.18,0,1
d_134.mp4,0.2674,0.0196,1.86,4.44,0,1
d_134.mp4,0.2594,0.0196,2.13,4.7,0,1
d_134.mp4,0.2817,0.0,1.8,4.4,0,1
d_134.mp4,0.2636,0.0,1.55,4.3,0,1
d_134.mp4,0.2551,0.0,1.68,4.51,0,1
d_134.mp4,0.2616,0.0,1.1,4.11,0,1
d_134.mp4,0.2433,0.0192,1.08,4.34,0,1
d_134.mp4,0.2419,0.0188,0.71,4.01,0,1
d_134.mp4,0.2507,0.0,0.57,3.85,0,1
d_134.mp4,0.2816,0.0,0.74,3.85,0,1
d_134.mp4,0.2459,0.0185,0.46,4.09,0,1
d_134.mp4,0.2506,0.0,0.69,4.29,0,1
d_134.mp4,0.2595,0.0,0.71,3.75,0,1
d_134.mp4,0.2653,0.0196,1.34,3.8,0,1
d_134.mp4,0.246,0.0,1.23,4.36,0,1
d_134.mp4,0.2483,0.0192,1.5,4.13,0,1
d_134.mp4,0.2667,0.0189,1.2,4.05,0,1
d_134.mp4,0.2755,0.0192,1.19,4.43,0,1
d_134.mp4,0.2515,0.0,1.28,4.76,0,1
d_134.mp4,0.2761,0.0,1.31,3.91,0,1
d_134.mp4,0.2621,0.0,0.58,4.63,0,1
d_134.mp4,0.265,0.0,0.85,4.31,0,1
d_134.mp4,0.2538,0.0,1.39,4.14,0,1
d_134.mp4,0.2899,0.0,0.88,4.0,0,1
d_134.mp4,0.2785,0.0,1.2,4.11,0,1
d_134.mp4,0.2808,0.0196,1.44,4.3,0,1
d_134.mp4,0.2697,0.0192,1.49,4.41,0,1
d_134.mp4,0.2723,0.0,1.51,4.55,0,1
d_134.mp4,0.2794,0.0,1.49,4.64,0,1
d_134.mp4,0.2884,0.0,1.47,4.54,0,1
d_134.mp4,0.2593,0.0,0.9,5.01,0,1
d_134.mp4,0.2657,0.0,1.28,4.56,0,1
d_134.mp4,0.2637,0.0,1.06,4.74,0,1
d_134.mp4,0.2848,0.0,1.27,4.33,0,1
d_134.mp4,0.2847,0.0,1.39,4.29,0,1
d_134.mp4,0.2673,0.0192,1.34,4.71,0,1
d_134.mp4,0.2735,0.0,1.02,4.47,0,1
d_134.mp4,0.2581,0.0,1.01,4.3,0,1
d_134.mp4,0.2714,0.0,1.36,4.02,0,1
d_134.mp4,0.2573,0.0,1.2,4.65,0,1
d_134.mp4,0.2459,0.0,1.87,4.78,0,1
d_134.mp4,0.109,0.0196,1.49,5.33,0,1
d_134.mp4,0.074,0.0,1.08,5.05,0,1
d_134.mp4,0.2108,0.0,0.8,5.26,0,1
d_134.mp4,0.2538,0.0,1.68,4.91,0,1
d_134.mp4,0.261,0.0192,1.52,4.74,0,1
d_134.mp4,0.2759,0.02,1.59,4.68,0,1
d_134.mp4,0.2615,0.0,1.96,4.85,0,1
d_134.mp4,0.2571,0.0,1.32,5.43,0,1
d_134.mp4,0.26,0.0,0.98,4.83,0,1
d_134.mp4,0.2741,0.0192,1.71,4.57,0,1
d_134.mp4,0.2592,0.0,1.52,4.74,0,1
d_134.mp4,0.2576,0.0,1.3,5.1,0,1
d_134.mp4,0.2767,0.0192,1.47,4.56,0,1
d_134.mp4,0.2666,0.0,1.4,4.76,0,1
d_134.mp4,0.265,0.0185,0.63,4.64,0,1
d_134.mp4,0.261,0.0267,1.15,4.25,0,1
d_134.mp4,0.2637,0.0189,1.06,4.5,0,1
d_134.mp4,0.279,0.0,1.67,4.59,0,1
d_134.mp4,0.2597,0.0,1.46,4.37,0,1
d_134.mp4,0.2448,0.0,1.18,4.65,0,1
d_134.mp4,0.2531,0.0,1.15,4.23,0,1
d_134.mp4,0.2539,0.0,1.47,4.26,0,1
d_134.mp4,0.2729,0.0,1.48,3.95,0,1
d_134.mp4,0.2575,0.0,1.3,3.84,0,1
d_134.mp4,0.2781,0.0,1.15,4.38,0,1
d_134.mp4,0.2634,0.0,1.39,4.21,0,1
d_134.mp4,0.2491,0.0,1.16,4.42,0,1
d_134.mp4,0.2606,0.0185,1.34,3.84,0,1
d_134.mp4,0.266,0.0,1.4,3.83,0,1
d_134.mp4,0.2619,0.0,1.14,4.06,0,1
d_134.mp4,0.2657,0.0196,1.33,4.48,0,1
d_134.mp4,0.2533,0.02,1.39,4.84,0,1
d_134.mp4,0.2678,0.0,1.39,4.75,0,1
d_134.mp4,0.2762,0.0,1.54,4.63,0,1
d_134.mp4,0.2439,0.0,1.29,4.76,0,1
d_134.mp4,0.2767,0.0,1.45,4.41,0,1
d_134.mp4,0.2762,0.0,1.41,4.82,0,1
d_134.mp4,0.29,0.0,1.62,4.51,0,1
d_134.mp4,0.2765,0.0,1.42,4.58,0,1
d_134.mp4,0.255,0.0,0.78,4.82,0,1
d_134.mp4,0.2605,0.0,1.4,4.2,0,1
d_134.mp4,0.2588,0.0,1.59,4.36,0,1
d_134.mp4,0.258,0.0,0.9,4.02,0,1
d_134.mp4,0.2785,0.0,1.21,3.92,0,1
d_134.mp4,0.243,0.0192,1.75,4.15,0,1
d_134.mp4,0.2751,0.0,1.62,4.78,0,1
d_134.mp4,0.2583,0.0,1.13,4.84,0,1
d_134.mp4,0.2742,0.0,1.51,4.72,0,1
d_134.mp4,0.2809,0.0,1.48,4.77,0,1
d_134.mp4,0.2804,0.0,0.77,4.64,0,1
d_134.mp4,0.2658,0.0,1.1,4.43,0,1
d_134.mp4,0.274,0.0,0.75,4.23,0,1
d_134.mp4,0.2835,0.0,1.15,4.13,0,1
d_134.mp4,0.2535,0.0189,1.14,4.31,0,1
d_134.mp4,0.2789,0.0192,1.57,4.39,0,1
d_134.mp4,0.2714,0.0,1.19,4.13,0,1
d_134.mp4,0.2671,0.0,1.63,3.97,0,1
d_134.mp4,0.2638,0.0,1.21,4.5,0,1
d_134.mp4,0.2681,0.0,1.46,4.39,0,1
d_134.mp4,0.2655,0.0,1.35,4.12,0,1
d_134.mp4,0.2709,0.0,1.3,4.38,0,1
d_134.mp4,0.2777,0.0,1.41,4.36,0,1
d_134.mp4,0.2777,0.0,1.45,4.4,0,1
d_134.mp4,0.282,0.0,1.88,4.22,0,1
d_134.mp4,0.2676,0.0,1.19,4.62,0,1
d_134.mp4,0.2554,0.0192,1.26,4.36,0,1
d_134.mp4,0.2533,0.0189,1.37,4.2,0,1
d_134.mp4,0.2582,0.0,1.37,4.01,0,1
d_134.mp4,0.1263,0.0,1.21,4.29,0,1
d_134.mp4,0.0676,0.0,2.11,5.37,0,1
d_134.mp4,0.2315,0.0,2.09,7.46,0,1
d_134.mp4,0.3136,0.0208,2.64,9.36,0,1
d_134.mp4,0.3185,0.0213,1.35,10.61,0,1
d_134.mp4,0.2902,0.0,1.13,10.62,0,1
d_134.mp4,0.2609,0.0,1.87,10.37,0,1
d_134.mp4,0.1781,0.0,1.53,10.0,0,1
d_134.mp4,0.0484,0.0,1.15,9.13,0,1
d_134.mp4,0.0559,0.0204,1.92,8.27,0,1
d_134.mp4,0.0665,0.0,1.37,6.91,0,1
d_134.mp4,0.2505,0.0,1.53,6.08,0,1
d_134.mp4,0.2526,0.0,1.47,6.29,0,1
d_134.mp4,0.2646,0.02,1.64,6.21,0,1
n_10.mp4,0.2515,0.0,-4.05,5.87,0,0
n_10.mp4,0.2239,0.0,-2.45,4.78,0,0
n_10.mp4,0.1877,0.0,-2.31,4.45,0,0
n_10.mp4,0.21,0.0108,-3.1,4.97,0,0
n_10.mp4,0.1938,0.0108,-2.92,4.85,0,0
n_10.mp4,0.2164,0.0107,-3.82,5.32,0,0
n_10.mp4,0.2129,0.0,-4.47,5.85,0,0
n_10.mp4,0.2265,0.0108,-3.97,4.43,0,0
n_10.mp4,0.2155,0.0,-3.42,4.55,0,0
n_10.mp4,0.215,0.0,-3.78,4.65,0,0
n_10.mp4,0.2142,0.0,-2.94,3.82,0,0
n_10.mp4,0.2092,0.0106,-2.54,3.53,0,0
n_10.mp4,0.2144,0.0105,-2.86,3.36,0,0
n_10.mp4,0.2029,0.0103,-4.04,4.37,0,0
n_10.mp4,0.2054,0.0,-3.67,4.37,0,0
n_10.mp4,0.0753,0.0104,-2.98,4.38,0,0
n_10.mp4,0.0623,0.0111,-3.66,6.46,0,0
n_10.mp4,0.0776,0.0114,-3.85,8.77,0,0
n_10.mp4,0.1068,0.0,-4.71,9.14,0,0
n_10.mp4,0.127,0.0116,-6.57,9.85,0,0
n_10.mp4,0.1312,0.0,-9.1,9.91,0,0
n_10.mp4,0.1308,0.0,-8.68,10.34,0,0
n_10.mp4,0.1039,0.0121,-7.84,9.36,0,0
n_10.mp4,0.1399,0.0123,-7.51,8.81,0,0
n_10.mp4,0.1148,0.0118,-6.3,9.07,0,0
n_10.mp4,0.1406,0.0167,-6.86,8.97,0,0
n_10.mp4,0.1445,0.0115,-7.72,9.02,0,0
n_10.mp4,0.1242,0.0,-7.32,8.25,0,0
n_10.mp4,0.0883,0.0,-6.52,7.23,0,0
n_10.mp4,0.1953,0.0,-5.12,5.56,0,0
n_10.mp4,0.223,0.0,-4.6,5.1,0,0
n_10.mp4,0.2084,0.0,-3.83,4.71,0,0
n_10.mp4,0.2019,0.0108,-3.99,4.74,0,0
n_10.mp4,0.2105,0.0,-3.78,4.62,0,0
n_10.mp4,0.2208,0.0,-3.25,4.29,0,0
n_10.mp4,0.2264,0.0,-3.93,4.52,0,0
n_10.mp4,0.2031,0.0108,-4.32,4.67,0,0
n_10.mp4,0.208,0.0108,-4.45,4.81,0,0
n_10.mp4,0.2074,0.0,-3.54,4.5,0,0
n_10.mp4,0.2002,0.0,-3.22,4.44,0,0
n_10.mp4,0.2009,0.0108,-3.2,4.39,0,0
n_10.mp4,0.2022,0.0106,-2.74,4.08,0,0
n_10.mp4,0.1503,0.0,-1.94,4.54,0,0
n_10.mp4,0.0475,0.0,-0.67,7.65,0,0
n_10.mp4,0.1376,0.0131,-1.59,11.55,0,0
n_10.mp4,0.139,0.0143,-3.36,14.22,0,0
n_10.mp4,0.2117,0.0,-4.6,14.6,0,0
n_10.mp4,0.2009,0.0166,-6.43,13.72,0,0
n_10.mp4,0.2169,0.0227,-6.1,13.83,0,0
n_10.mp4,0.1745,0.0,-5.98,14.59,0,0
n_10.mp4,0.2108,0.0,-5.69,13.97,0,0
n_10.mp4,0.2239,0.0169,-5.17,13.51,0,0
n_10.mp4,0.1956,0.0,-6.86,14.15,0,0
n_10.mp4,0.2216,0.0164,-7.29,14.05,0,0
n_10.mp4,0.1858,0.0,-6.24,13.8,0,0
n_10.mp4,0.0966,0.0,-4.76,12.33,0,0
n_10.mp4,0.251,0.0,-2.98,10.37,0,0
n_10.mp4,0.2806,0.0,-2.6,8.87,0,0
n_10.mp4,0.2243,0.0,-2.24,8.12,0,0
n_10.mp4,0.2293,0.0,-1.93,7.94,0,0
n_10.mp4,0.2071,0.0116,-2.23,7.64,0,0
n_10.mp4,0.2061,0.0,-1.02,6.68,0,0
n_10.mp4,0.2015,0.0113,-0.79,5.85,0,0
n_10.mp4,0.199,0.0112,-0.88,5.76,1,0
n_10.mp4,0.2047,0.011,-1.53,5.23,0,0
n_10.mp4,0.2028,0.0212,-0.75,4.4,1,0
n_10.mp4,0.1693,0.0,-1.01,4.55,0,0
n_10.mp4,0.1638,0.0105,-1.51,3.61,0,0
n_10.mp4,0.1766,0.0,-0.82,4.38,0,0
n_10.mp4,0.1988,0.0111,-1.27,4.64,0,0
n_10.mp4,0.1987,0.0111,-0.42,3.84,0,0
n_10.mp4,0.1992,0.0,1.04,4.26,0,0
n_10.mp4,0.1969,0.0,0.22,3.81,0,0
n_10.mp4,0.1766,0.0,-2.25,3.71,0,0
n_10.mp4,0.1803,0.0,-1.24,3.76,0,0
n_10.mp4,0.1853,0.0107,-1.21,3.44,0,0
n_10.mp4,0.1788,0.0107,-1.36,3.95,0,0
n_10.mp4,0.1711,0.0108,-1.01,4.31,0,0
n_10.mp4,0.1992,0.0,-1.05,4.6,0,0
n_10.mp4,0.197,0.0,-0.96,5.31,0,0
n_10.mp4,0.1892,0.0111,-1.48,5.52,0,0
n_10.mp4,0.2026,0.0,-1.06,4.66,0,0
n_10.mp4,0.1974,0.0,-0.79,4.53,0,0
n_10.mp4,0.188,0.0,-0.44,4.1,0,0
n_10.mp4,0.2076,0.0,-0.03,4.16,0,0
n_10.mp4,0.1915,0.0,-0.64,4.2,0,0
n_10.mp4,0.0568,0.0,0.39,4.26,0,0
n_10.mp4,0.1919,0.0108,0.15,4.54,0,0
n_10.mp4,0.2113,0.0,0.27,4.86,0,0
n_10.mp4,0.2021,0.0,0.82,4.11,0,0
n_10.mp4,0.2115,0.0,0.62,4.36,0,0
n_10.mp4,0.2154,0.0108,0.3,4.67,0,0
n_10.mp4,0.2161,0.0,0.22,4.55,0,0
n_10.mp4,0.2018,0.0,-0.97,4.99,0,0
n_10.mp4,0.2169,0.0,-0.36,4.87,0,0
n_10.mp4,0.2245,0.0108,0.2,4.93,0,0
n_10.mp4,0.1998,0.0156,0.64,4.95,0,0
n_10.mp4,0.2034,0.011,0.23,4.37,0,0
n_10.mp4,0.0603,0.0,0.38,4.6,0,0
n_100.mp4,0.3788,0.0105,5.9,3.35,0,0
n_100.mp4,0.4047,0.0104,6.23,3.03,0,0
n_100.mp4,0.3974,0.01,6.26,3.26,0,0
n_100.mp4,0.3779,0.0,5.75,2.93,0,0
n_100.mp4,0.3777,0.0,5.89,3.14,0,0
n_100.mp4,0.4095,0.0105,5.92,3.72,0,0
n_100.mp4,0.383,0.0107,5.98,3.32,0,0
n_100.mp4,0.4126,0.0107,6.3,3.72,0,0
n_100.mp4,0.4008,0.015,6.31,3.89,0,0
n_100.mp4,0.3888,0.0,6.31,3.78,0,0
n_100.mp4,0.3919,0.0147,6.35,3.98,0,0
n_100.mp4,0.3928,0.0107,6.21,3.68,0,0
n_100.mp4,0.4314,0.0,5.77,3.82,0,0
n_100.mp4,0.4122,0.0,6.01,4.13,0,0
n_100.mp4,0.3929,0.0107,6.41,3.61,0,0
n_100.mp4,0.4128,0.0,6.41,3.92,0,0
n_100.mp4,0.4079,0.0106,6.39,3.77,0,0
n_100.mp4,0.4102,0.0108,6.84,3.92,0,0
n_100.mp4,0.4103,0.0,6.62,3.85,0,0
n_100.mp4,0.3741,0.011,7.13,4.05,0,0
n_100.mp4,0.3519,0.0118,8.45,6.92,0,0
n_100.mp4,0.381,0.0,7.37,10.8,0,0
n_100.mp4,0.377,0.0136,6.6,14.29,0,0
n_100.mp4,0.3609,0.02,6.85,15.35,0,0
n_100.mp4,0.3783,0.0207,6.95,16.07,0,0
n_100.mp4,0.3204,0.0148,7.8,15.1,0,0
n_100.mp4,0.257,0.0219,11.02,17.93,0,0
n_100.mp4,0.315,0.0144,9.03,18.4,0,0
n_100.mp4,0.2399,0.0154,9.09,17.35,0,0
n_100.mp4,0.3084,0.0153,8.59,13.91,0,0
n_100.mp4,0.3163,0.0194,9.5,13.14,0,0
n_100.mp4,0.3328,0.0142,9.53,12.75,0,0
n_100.mp4,0.3693,0.0,9.21,12.55,0,0
n_100.mp4,0.3343,0.0,9.8,11.53,0,0
n_100.mp4,0.3938,0.0,8.69,9.8,0,0
n_100.mp4,0.4003,0.0169,8.2,9.17,0,0
n_100.mp4,0.3714,0.0118,7.82,7.96,0,0
n_100.mp4,0.3868,0.0117,7.9,7.24,0,0
n_100.mp4,0.406,0.0,7.92,6.3,0,0
n_100.mp4,0.3894,0.0,7.03,6.54,0,0
n_100.mp4,0.3981,0.0162,6.97,5.85,0,0
n_100.mp4,0.4058,0.0,6.47,5.52,0,0
n_100.mp4,0.4033,0.0,7.01,6.06,0,0
n_100.mp4,0.4115,0.0162,6.63,5.28,0,0
n_100.mp4,0.4155,0.0119,6.64,5.54,0,0
n_100.mp4,0.4041,0.0,7.15,5.8,0,0
n_100.mp4,0.4215,0.0118,6.18,6.01,0,0
n_100.mp4,0.4027,0.0113,5.98,5.67,0,0
n_100.mp4,0.4004,0.0,6.26,5.48,0,0
n_100.mp4,0.3907,0.0112,5.26,5.15,0,0
n_100.mp4,0.3895,0.0,6.07,4.41,0,0
n_100.mp4,0.2951,0.0112,7.03,4.92,0,0
n_100.mp4,0.3672,0.0,7.0,5.34,0,0
n_100.mp4,0.2415,0.0116,6.6,5.12,0,0
n_100.mp4,0.3636,0.0,6.27,6.02,0,0
n_100.mp4,0.3856,0.0118,6.31,5.95,0,0
n_100.mp4,0.4025,0.0119,6.34,5.9,0,0
n_100.mp4,0.4051,0.0117,6.22,5.93,0,0
n_100.mp4,0.3917,0.0117,6.05,5.96,0,0
n_100.mp4,0.3895,0.0114,7.21,6.24,0,0
n_100.mp4,0.3848,0.0,7.2,5.28,0,0
n_100.mp4,0.3897,0.0,7.15,5.33,0,0
n_100.mp4,0.4033,0.0,7.92,5.39,0,0
n_100.mp4,0.3903,0.0,7.45,5.46,0,0
n_100.mp4,0.3942,0.0116,7.74,5.12,0,0
n_100.mp4,0.4004,0.0,7.24,5.67,0,0
n_100.mp4,0.3915,0.0159,7.44,5.47,0,0
n_100.mp4,0.4217,0.0,7.93,5.0,0,0
n_100.mp4,0.4145,0.0117,7.67,5.55,0,0
n_100.mp4,0.3899,0.0,8.72,5.93,0,0
n_100.mp4,0.4095,0.0115,8.92,5.64,0,0
n_100.mp4,0.4076,0.0161,8.63,5.53,0,0
n_100.mp4,0.4065,0.0,8.03,5.95,0,0
n_100.mp4,0.417,0.0116,8.04,5.73,0,0
n_100.mp4,0.4059,0.0,8.44,5.61,0,0
n_100.mp4,0.4123,0.0,8.97,6.0,0,0
n_100.mp4,0.4025,0.0,10.13,4.91,0,0
n_100.mp4,0.4045,0.0,9.84,5.05,0,0
n_100.mp4,0.4038,0.0,9.09,5.35,0,0
n_100.mp4,0.4125,0.0,8.24,5.15,0,0
n_100.mp4,0.4117,0.0,8.76,5.17,0,0
n_100.mp4,0.4163,0.0112,8.47,4.76,0,0
n_100.mp4,0.3124,0.0,8.93,4.74,0,0
n_100.mp4,0.3662,0.0,8.48,5.19,0,0
n_100.mp4,0.2095,0.0157,7.95,4.56,0,0
n_100.mp4,0.3674,0.0,7.42,5.09,0,0
n_100.mp4,0.3927,0.0,7.28,4.55,0,0
n_100.mp4,0.3914,0.011,7.57,5.01,0,0
n_100.mp4,0.3974,0.0,8.02,5.69,0,0
n_100.mp4,0.3922,0.0,7.67,5.03,0,0
n_100.mp4,0.4051,0.0,7.74,5.25,0,0
n_100.mp4,0.3982,0.011,7.47,4.93,0,0
n_100.mp4,0.3959,0.0,7.31,4.9,0,0
n_100.mp4,0.413,0.011,7.08,5.68,0,0
n_100.mp4,0.4179,0.0,7.08,4.99,0,0
n_100.mp4,0.4021,0.0162,7.2,4.81,0,0
n_100.mp4,0.423,0.0111,7.14,5.13,0,0
n_100.mp4,0.4084,0.0,6.68,4.95,0,0
n_100.mp4,0.4032,0.0,7.5,4.99,0,0
d_136.mp4,0.2652,0.0192,2.12,5.59,0,1
d_136.mp4,0.262,0.0208,1.45,5.72,0,1
d_136.mp4,0.2528,0.0204,1.85,5.67,0,1
d_136.mp4,0.2685,0.0196,1.86,5.44,0,1
d_136.mp4,0.2496,0.02,1.73,5.44,0,1
d_136.mp4,0.2543,0.0,1.71,6.18,0,1
d_136.mp4,0.2564,0.02,1.47,6.0,0,1
d_136.mp4,0.274,0.02,1.46,6.04,0,1
d_136.mp4,0.2971,0.0,1.38,6.04,0,1
d_136.mp4,0.2832,0.0,1.6,6.34,0,1
d_136.mp4,0.2699,0.02,2.01,5.99,0,1
d_136.mp4,0.277,0.0,1.6,6.3,0,1
d_136.mp4,0.2775,0.0,1.22,6.27,0,1
d_136.mp4,0.2809,0.0,1.93,6.19,0,1
d_136.mp4,0.2682,0.0,1.27,6.15,0,1
d_136.mp4,0.2743,0.0,1.41,6.12,0,1
d_136.mp4,0.2722,0.0,1.68,5.89,0,1
d_136.mp4,0.29,0.0204,1.33,6.09,0,1
d_136.mp4,0.2884,0.0,0.98,6.03,0,1
d_136.mp4,0.2757,0.0,1.49,5.87,0,1
d_136.mp4,0.2724,0.0,1.49,5.97,0,1
d_136.mp4,0.2719,0.0,1.48,5.86,0,1
d_136.mp4,0.2637,0.0,1.48,5.68,0,1
d_136.mp4,0.2903,0.0,1.05,5.82,0,1
d_136.mp4,0.281,0.0,1.22,5.87,0,1
d_136.mp4,0.2874,0.0,1.47,5.98,0,1
d_136.mp4,0.2759,0.0,1.55,5.44,0,1
d_136.mp4,0.2723,0.0,1.4,5.53,0,1
d_136.mp4,0.2826,0.0,1.4,5.65,0,1
d_136.mp4,0.2706,0.0,1.14,5.62,0,1
d_136.mp4,0.2656,0.0,1.54,5.73,0,1
d_136.mp4,0.2893,0.0,0.93,5.57,0,1
d_136.mp4,0.2827,0.0,1.35,5.59,0,1
d_136.mp4,0.2721,0.0196,1.5,5.34,0,1
d_136.mp4,0.2693,0.0,1.42,5.54,0,1
d_136.mp4,0.2691,0.0196,1.69,5.44,0,1
d_136.mp4,0.2727,0.0,1.43,5.66,0,1
d_136.mp4,0.2846,0.0192,1.42,5.25,0,1
d_136.mp4,0.2862,0.0,1.49,4.96,0,1
d_136.mp4,0.2833,0.0283,1.32,5.45,0,1
d_136.mp4,0.2637,0.0,1.47,5.54,0,1
d_136.mp4,0.279,0.0,1.49,5.57,0,1
d_136.mp4,0.2742,0.0196,1.12,5.33,0,1
d_136.mp4,0.2706,0.0,1.02,5.38,0,1
d_136.mp4,0.2701,0.0,1.28,5.69,0,1
d_136.mp4,0.2418,0.0,1.29,5.59,0,1
d_136.mp4,0.1163,0.0,1.11,5.48,0,1
d_136.mp4,0.1088,0.0,1.49,5.21,0,1
d_136.mp4,0.2375,0.0192,1.51,5.1,0,1
d_136.mp4,0.2642,0.0,1.63,5.15,0,1
d_136.mp4,0.2552,0.0,1.65,4.91,0,1
d_136.mp4,0.2625,0.0,1.66,5.45,0,1
d_136.mp4,0.2674,0.0,1.31,5.27,0,1
d_136.mp4,0.2529,0.0,1.73,5.1,0,1
d_136.mp4,0.2585,0.0,1.7,5.33,0,1
d_136.mp4,0.2528,0.0,1.44,5.52,0,1
d_136.mp4,0.2572,0.0,1.12,5.05,0,1
d_136.mp4,0.2792,0.0,1.53,4.98,0,1
d_136.mp4,0.2584,0.0,1.65,4.74,0,1
d_136.mp4,0.2795,0.0,1.64,4.92,0,1
d_136.mp4,0.2866,0.0192,1.7,4.61,0,1
d_136.mp4,0.2773,0.0,1.46,4.3,0,1
d_136.mp4,0.2794,0.0,1.71,4.58,0,1
d_136.mp4,0.2517,0.0,2.03,4.64,0,1
d_136.mp4,0.2383,0.0196,1.99,4.19,0,1
d_136.mp4,0.2636,0.0,1.72,4.15,0,1
d_136.mp4,0.257,0.0,1.98,4.07,0,1
d_136.mp4,0.2736,0.0,1.72,4.15,0,1
d_136.mp4,0.264,0.0,1.73,3.76,0,1
d_136.mp4,0.2599,0.0,1.53,3.36,0,1
d_136.mp4,0.2829,0.0,1.2,3.98,0,1
d_136.mp4,0.2798,0.0,1.08,4.01,0,1
d_136.mp4,0.268,0.0,1.29,3.5,0,1
d_136.mp4,0.2558,0.0,1.62,4.12,0,1
d_136.mp4,0.2736,0.0,0.84,3.6,0,1
d_136.mp4,0.2584,0.0178,0.51,3.3,0,1
d_136.mp4,0.2568,0.0,0.92,3.47,0,1
d_136.mp4,0.2588,0.0,1.26,3.35,0,1
d_136.mp4,0.2632,0.0,1.4,3.13,0,1
d_136.mp4,0.2523,0.0,1.34,3.43,0,1
d_136.mp4,0.2605,0.0,1.5,3.28,0,1
d_136.mp4,0.286,0.0,1.53,3.1,0,1
d_136.mp4,0.2541,0.0,1.12,3.35,0,1
d_136.mp4,0.2558,0.0,1.21,3.17,0,1
d_136.mp4,0.2738,0.0,1.14,3.34,0,1
d_136.mp4,0.2779,0.0184,0.88,3.77,0,1
d_136.mp4,0.2655,0.0184,0.77,3.24,0,1
d_136.mp4,0.2661,0.0,1.14,3.79,0,1
d_136.mp4,0.2608,0.0,1.24,3.49,0,1
d_136.mp4,0.2542,0.0,0.75,3.02,0,1
d_136.mp4,0.2816,0.0185,1.22,3.3,0,1
d_136.mp4,0.2695,0.0,1.18,3.33,0,1
d_136.mp4,0.2747,0.0,1.07,3.34,0,1
d_136.mp4,0.2502,0.0,1.11,3.5,0,1
d_136.mp4,0.28,0.0,1.1,3.37,0,1
d_136.mp4,0.2692,0.0195,1.27,3.39,0,1
d_136.mp4,0.2681,0.0,1.41,3.52,0,1
d_136.mp4,0.251,0.0188,1.26,3.12,0,1
d_136.mp4,0.2764,0.0,1.21,3.04,0,1
d_136.mp4,0.2659,0.0,1.1,3.04,0,1
d_136.mp4,0.2721,0.0,1.67,2.91,0,1
d_136.mp4,0.2593,0.0,1.51,2.78,0,1
d_136.mp4,0.2591,0.0188,1.19,2.55,0,1
d_136.mp4,0.2732,0.0,0.97,2.93,0,1
d_136.mp4,0.2692,0.0191,1.38,2.55,0,1
d_136.mp4,0.2735,0.0187,0.62,2.46,0,1
d_136.mp4,0.2898,0.0,0.94,2.45,0,1
d_136.mp4,0.2739,0.0,1.68,2.56,0,1
d_136.mp4,0.2522,0.0,1.21,2.24,0,1
d_136.mp4,0.2783,0.0,1.4,2.25,0,1
d_136.mp4,0.2571,0.0,0.85,2.16,0,1
d_136.mp4,0.2799,0.0,1.52,2.81,0,1
d_136.mp4,0.2816,0.0,1.15,2.65,0,1
d_136.mp4,0.2808,0.0,0.48,2.75,0,1
d_136.mp4,0.2822,0.0185,0.33,2.65,0,1
d_136.mp4,0.2591,0.0,0.6,2.63,0,1
d_136.mp4,0.265,0.0,0.95,2.54,0,1
d_136.mp4,0.2687,0.0,0.69,2.56,0,1
d_136.mp4,0.287,0.0,0.84,2.93,0,1
d_136.mp4,0.2722,0.0,0.62,3.13,0,1
d_136.mp4,0.268,0.0262,0.84,3.12,0,1
d_136.mp4,0.275,0.0188,0.96,3.17,0,1
d_136.mp4,0.2822,0.0,1.14,3.33,0,1
d_136.mp4,0.2773,0.0,0.97,3.04,0,1
d_136.mp4,0.2652,0.0,0.66,2.71,0,1
d_137.mp4,0.2883,0.0,0.18,2.88,0,1
d_137.mp4,0.2878,0.0,0.65,3.01,0,1
d_137.mp4,0.2676,0.0,0.88,2.93,0,1
d_137.mp4,0.2784,0.0,0.76,3.21,0,1
d_137.mp4,0.2809,0.0,0.05,2.67,0,1
d_137.mp4,0.2723,0.0,0.13,3.03,0,1
d_137.mp4,0.2796,0.0,0.28,2.85,0,1
d_137.mp4,0.2674,0.0,0.26,2.64,0,1
d_137.mp4,0.2857,0.0188,0.05,2.67,0,1
d_137.mp4,0.2879,0.0,0.58,2.39,0,1
d_137.mp4,0.2706,0.0,0.51,2.81,0,1
d_137.mp4,0.2799,0.0,0.54,3.08,0,1
d_137.mp4,0.2671,0.0,0.73,2.92,0,1
d_137.mp4,0.2739,0.0,0.96,3.33,0,1
d_137.mp4,0.2821,0.0,1.09,2.96,0,1
d_137.mp4,0.2517,0.0,0.89,3.14,0,1
d_137.mp4,0.2484,0.0,1.12,3.4,0,1
d_137.mp4,0.2705,0.0,0.82,3.56,0,1
d_137.mp4,0.246,0.0,1.36,3.68,0,1
d_137.mp4,0.0483,0.0,1.74,4.38,0,1
d_137.mp4,0.174,0.0,1.46,5.65,0,1
d_137.mp4,0.2555,0.0,2.67,7.86,0,1
d_137.mp4,0.3035,0.0,2.7,9.38,0,1
d_137.mp4,0.2927,0.0,1.54,10.91,0,1
d_137.mp4,0.2633,0.0,1.33,11.31,0,1
d_137.mp4,0.1663,0.0213,1.46,10.72,0,1
d_137.mp4,0.0511,0.0,0.14,8.63,0,1
d_137.mp4,0.1599,0.0,-0.35,6.96,0,1
d_137.mp4,0.2405,0.0,0.81,5.6,0,1
d_137.mp4,0.2751,0.0192,1.07,5.05,0,1
d_137.mp4,0.2905,0.0,0.84,4.64,0,1
d_137.mp4,0.274,0.0185,0.59,4.08,0,1
d_137.mp4,0.2662,0.0,0.47,3.51,0,1
d_137.mp4,0.2781,0.0188,0.62,3.4,0,1
d_137.mp4,0.2444,0.0,1.01,3.15,0,1
d_137.mp4,0.2706,0.0178,0.41,2.63,0,1
d_137.mp4,0.2511,0.0,0.64,2.78,0,1
d_137.mp4,0.2743,0.0,1.04,2.91,0,1
d_137.mp4,0.2789,0.0184,0.85,2.86,0,1
d_137.mp4,0.2796,0.0,1.15,3.28,0,1
d_137.mp4,0.276,0.0178,0.69,2.96,0,1
d_137.mp4,0.2579,0.0,0.57,2.9,0,1
d_137.mp4,0.2627,0.0,0.72,2.75,0,1
d_137.mp4,0.2733,0.0,0.37,2.85,0,1
d_137.mp4,0.2691,0.0,0.58,3.08,0,1
d_137.mp4,0.2646,0.0,0.4,2.98,0,1
d_137.mp4,0.2685,0.0,0.69,2.71,0,1
d_137.mp4,0.2655,0.0,0.61,3.16,0,1
d_137.mp4,0.2725,0.0272,0.49,3.33,0,1
d_137.mp4,0.2628,0.0182,1.19,2.73,0,1
d_137.mp4,0.2436,0.0,1.16,2.72,0,1
d_137.mp4,0.2516,0.0,0.99,3.1,0,1
d_137.mp4,0.2517,0.0,0.9,2.94,0,1
d_137.mp4,0.2503,0.0,0.96,3.03,0,1
d_137.mp4,0.2513,0.0185,1.02,2.8,0,1
d_137.mp4,0.2757,0.0188,1.05,3.07,0,1
d_137.mp4,0.2647,0.0,0.72,3.04,0,1
d_137.mp4,0.2704,0.0,1.0,2.74,0,1
d_137.mp4,0.2749,0.0,1.03,2.89,0,1
d_137.mp4,0.2655,0.0185,0.64,2.82,0,1
d_137.mp4,0.2558,0.0,0.69,2.81,0,1
d_137.mp4,0.2789,0.0,0.31,2.51,0,1
d_137.mp4,0.2702,0.0,0.65,2.51,0,1
d_137.mp4,0.2704,0.0,0.48,2.51,0,1
d_137.mp4,0.276,0.0,0.73,2.36,0,1
d_137.mp4,0.2709,0.0185,0.7,1.95,0,1
d_137.mp4,0.2688,0.0188,1.19,2.25,0,1
d_137.mp4,0.2535,0.0,0.42,2.19,0,1
d_137.mp4,0.2665,0.0,1.0,2.78,0,1
d_137.mp4,0.255,0.0,0.48,2.68,0,1
d_137.mp4,0.2723,0.0,0.48,2.78,0,1
d_137.mp4,0.271,0.0,0.74,3.28,0,1
d_137.mp4,0.2695,0.0,0.63,2.57,0,1
d_137.mp4,0.2785,0.0,0.99,2.77,0,1
d_137.mp4,0.2774,0.0192,0.99,2.44,0,1
d_137.mp4,0.2663,0.0,0.95,2.2,0,1
d_137.mp4,0.2733,0.0185,0.89,2.43,0,1
d_137.mp4,0.2756,0.0,0.68,2.5,0,1
d_137.mp4,0.282,0.0,0.87,2.81,0,1
d_137.mp4,0.2915,0.0,1.02,2.78,0,1
d_137.mp4,0.2819,0.0,1.38,3.16,0,1
d_137.mp4,0.2733,0.0,1.12,3.17,0,1
d_137.mp4,0.2817,0.0,1.38,3.0,0,1
d_137.mp4,0.2599,0.0188,1.82,3.0,0,1
d_137.mp4,0.2578,0.0,2.08,3.32,0,1
d_137.mp4,0.2426,0.0,1.73,3.24,0,1
d_137.mp4,0.2753,0.0,1.99,3.35,0,1
d_137.mp4,0.2775,0.0,2.21,3.11,0,1
d_137.mp4,0.2518,0.0185,2.18,3.09,0,1
d_137.mp4,0.2696,0.0,1.98,3.33,0,1
d_137.mp4,0.2653,0.0,1.34,3.41,0,1
d_137.mp4,0.2825,0.0,1.61,3.61,0,1
d_137.mp4,0.2726,0.0,1.71,3.57,0,1
d_137.mp4,0.2742,0.0,1.49,3.79,0,1
d_137.mp4,0.2626,0.0192,1.71,4.05,0,1
d_137.mp4,0.2597,0.0196,1.84,4.01,0,1
d_137.mp4,0.2433,0.0182,1.1,3.7,0,1
d_137.mp4,0.2827,0.0,1.77,3.52,0,1
d_137.mp4,0.2507,0.0,1.57,3.34,0,1
d_137.mp4,0.2514,0.0196,2.12,3.88,0,1
d_137.mp4,0.2654,0.0192,1.68,3.87,0,1
d_137.mp4,0.2781,0.0,1.91,3.64,0,1
d_137.mp4,0.2642,0.0,2.04,3.68,0,1
d_137.mp4,0.2535,0.0192,2.32,3.56,0,1
d_137.mp4,0.2508,0.0272,2.34,3.48,0,1
d_137.mp4,0.2654,0.0,2.29,3.42,0,1
d_137.mp4,0.2642,0.0,1.9,3.35,0,1
d_137.mp4,0.2736,0.0,1.92,3.55,0,1
d_137.mp4,0.2584,0.0,2.27,3.84,0,1
d_137.mp4,0.2556,0.0189,2.22,3.81,0,1
d_137.mp4,0.2468,0.0188,1.75,3.37,0,1
d_137.mp4,0.2584,0.0192,1.62,3.39,0,1
d_137.mp4,0.2655,0.0185,1.78,3.4,0,1
d_137.mp4,0.2681,0.0,1.74,3.43,0,1
d_137.mp4,0.2692,0.0,1.93,3.39,0,1
d_137.mp4,0.2451,0.0,1.98,3.83,0,1
d_137.mp4,0.2747,0.0,1.83,3.56,0,1
d_137.mp4,0.2325,0.0,1.47,3.99,0,1
d_137.mp4,0.2764,0.0,1.44,3.91,0,1
d_137.mp4,0.259,0.0,1.04,3.87,0,1
d_137.mp4,0.2678,0.0,1.13,3.99,0,1
d_137.mp4,0.2555,0.0,1.31,3.97,0,1
d_137.mp4,0.2543,0.0,1.18,3.87,0,1
d_137.mp4,0.2732,0.0,1.22,3.99,0,1
d_137.mp4,0.2586,0.0188,1.28,3.86,0,1
d_139.mp4,0.3152,0.0204,3.05,7.2,0,1
d_139.mp4,0.2894,0.0,0.72,7.29,0,1
d_139.mp4,0.2887,0.0,0.56,6.98,0,1
d_139.mp4,0.2893,0.0,0.04,7.19,0,1
d_139.mp4,0.2901,0.0,1.11,7.12,0,1
d_139.mp4,0.2944,0.0196,0.78,6.73,0,1
d_139.mp4,0.2642,0.0,1.29,7.42,0,1
d_139.mp4,0.0773,0.0,0.89,6.92,0,1
d_139.mp4,0.1572,0.0,0.92,7.89,0,1
d_139.mp4,0.2291,0.0204,1.4,9.04,0,1
d_139.mp4,0.3002,0.0321,1.47,10.97,0,1
d_139.mp4,0.3196,0.0,1.88,11.32,0,1
d_139.mp4,0.334,0.0,1.38,12.12,0,1
d_139.mp4,0.209,0.0,2.1,12.06,0,1
d_139.mp4,0.098,0.0222,1.36,12.75,0,1
d_139.mp4,0.0705,0.0,1.07,11.72,0,1
d_139.mp4,0.0772,0.0,0.93,11.23,0,1
d_139.mp4,0.0644,0.0217,1.07,10.43,0,1
d_139.mp4,0.2179,0.0,1.34,8.66,0,1
d_139.mp4,0.28,0.0,0.45,8.39,0,1
d_139.mp4,0.2845,0.0,0.59,7.76,0,1
d_139.mp4,0.2722,0.0,0.92,7.11,0,1
d_139.mp4,0.2895,0.0,0.31,6.29,0,1
d_139.mp4,0.2637,0.0,0.1,5.93,0,1
d_139.mp4,0.2657,0.0,0.5,5.76,0,1
d_139.mp4,0.2762,0.0,0.36,5.6,0,1
d_139.mp4,0.2529,0.0,0.67,5.67,0,1
d_139.mp4,0.2772,0.0,0.44,5.3,0,1
d_139.mp4,0.2447,0.0,-0.15,5.7,0,1
d_139.mp4,0.2863,0.0,0.57,5.46,0,1
d_139.mp4,0.2704,0.0,0.85,5.39,0,1
d_139.mp4,0.2475,0.0196,0.83,5.78,0,1
d_139.mp4,0.2655,0.0,0.52,5.67,0,1
d_139.mp4,0.2799,0.0,0.9,5.88,0,1
d_139.mp4,0.2563,0.0,0.8,5.49,0,1
d_139.mp4,0.2738,0.0,1.15,5.47,0,1
d_139.mp4,0.2879,0.0,1.47,5.69,0,1
d_139.mp4,0.2705,0.0,1.06,5.49,0,1
d_139.mp4,0.2834,0.0,1.38,5.48,0,1
d_139.mp4,0.2665,0.0,1.21,5.3,0,1
d_139.mp4,0.2726,0.0272,0.9,5.07,0,1
d_139.mp4,0.278,0.0,0.59,5.04,0,1
d_139.mp4,0.2814,0.0,1.08,4.98,0,1
d_139.mp4,0.2794,0.0,1.12,4.9,0,1
d_139.mp4,0.2608,0.0196,1.16,4.84,0,1
d_139.mp4,0.2769,0.0,1.42,4.58,0,1
d_139.mp4,0.263,0.0,1.3,4.78,0,1
d_139.mp4,0.261,0.0,1.17,4.6,0,1
d_139.mp4,0.264,0.02,1.63,4.65,0,1
d_139.mp4,0.2487,0.0,0.95,4.64,0,1
d_139.mp4,0.2662,0.0,1.44,4.08,0,1
d_139.mp4,0.2586,0.0,1.67,4.51,0,1
d_139.mp4,0.2738,0.0,1.51,4.15,0,1
d_139.mp4,0.2604,0.0,1.31,4.4,0,1
d_139.mp4,0.2532,0.0,1.09,3.73,0,1
d_139.mp4,0.2599,0.0,0.85,3.93,0,1
d_139.mp4,0.281,0.0188,0.92,3.74,0,1
d_139.mp4,0.2818,0.0185,1.13,3.42,0,1
d_139.mp4,0.2842,0.0188,1.51,3.5,0,1
d_139.mp4,0.2692,0.0,0.81,3.64,0,1
d_139.mp4,0.2788,0.0,0.7,4.27,0,1
d_139.mp4,0.2646,0.0,0.69,3.68,0,1
d_139.mp4,0.2713,0.0188,0.88,3.76,0,1
d_139.mp4,0.2852,0.0,0.96,3.89,0,1
d_139.mp4,0.2332,0.0,1.72,3.79,0,1
d_139.mp4,0.2573,0.0,1.32,3.89,0,1
d_139.mp4,0.2657,0.0,1.4,4.2,0,1
d_139.mp4,0.2759,0.0,1.52,3.98,0,1
d_139.mp4,0.2475,0.0,1.42,4.29,0,1
d_139.mp4,0.2757,0.0,0.82,4.31,0,1
d_139.mp4,0.2713,0.0192,1.4,3.83,0,1
d_139.mp4,0.2676,0.0,0.94,4.32,0,1
d_139.mp4,0.2812,0.0,1.13,4.26,0,1
d_139.mp4,0.2906,0.0,1.11,4.05,0,1
d_139.mp4,0.2722,0.0196,0.65,3.99,0,1
d_139.mp4,0.2743,0.0,1.22,3.97,0,1
d_139.mp4,0.2692,0.0,0.67,4.05,0,1
d_139.mp4,0.2697,0.02,1.25,4.42,0,1
d_139.mp4,0.2812,0.0,1.16,4.19,0,1
d_139.mp4,0.2736,0.0,0.62,4.28,0,1
d_139.mp4,0.2882,0.0,0.56,4.3,0,1
d_139.mp4,0.2805,0.0,0.69,4.31,0,1
d_139.mp4,0.2792,0.0,1.4,4.23,0,1
d_139.mp4,0.2879,0.0,1.58,4.63,0,1
d_139.mp4,0.2796,0.0,1.41,4.39,0,1
d_139.mp4,0.2665,0.0192,1.44,4.67,0,1
d_139.mp4,0.2741,0.0,1.55,4.37,0,1
d_139.mp4,0.2855,0.02,1.5,4.46,0,1
d_139.mp4,0.2473,0.0,1.11,4.39,0,1
d_139.mp4,0.271,0.0,1.16,4.08,0,1
d_139.mp4,0.2744,0.0188,1.01,4.12,0,1
d_139.mp4,0.2994,0.0192,0.73,4.03,0,1
d_139.mp4,0.2854,0.0,0.79,4.41,0,1
d_139.mp4,0.2615,0.0,0.99,4.15,0,1
d_139.mp4,0.2709,0.0,0.52,4.09,0,1
d_139.mp4,0.2813,0.0,0.35,3.97,0,1
d_139.mp4,0.2923,0.0,-0.26,4.18,0,1
d_139.mp4,0.2675,0.0,-0.57,3.76,0,1
d_139.mp4,0.2894,0.0,-1.21,3.94,0,1
d_139.mp4,0.2908,0.0,-1.18,4.04,0,1
d_139.mp4,0.2888,0.0,-1.9,4.37,0,1
d_139.mp4,0.2852,0.0188,-1.82,3.83,0,1
d_139.mp4,0.2882,0.0266,-2.02,3.97,0,1
d_139.mp4,0.2754,0.0,-1.36,4.32,0,1
d_139.mp4,0.2941,0.0192,-1.27,4.12,0,1
d_139.mp4,0.2709,0.0189,-1.5,3.96,0,1
d_139.mp4,0.2866,0.0,-1.51,3.89,0,1
d_139.mp4,0.2946,0.0185,-1.18,3.79,0,1
d_139.mp4,0.2894,0.0,-0.52,4.07,0,1
d_139.mp4,0.2798,0.0,-0.78,3.64,0,1
d_139.mp4,0.2783,0.0192,-0.76,3.77,0,1
d_139.mp4,0.2885,0.0185,-0.29,3.98,0,1
d_139.mp4,0.2872,0.0192,-0.58,3.85,0,1
d_139.mp4,0.2877,0.0,-0.63,3.78,0,1
d_139.mp4,0.2835,0.0,-0.83,3.98,0,1
d_139.mp4,0.2794,0.0,-1.0,4.01,0,1
d_139.mp4,0.2852,0.0,-0.25,3.76,0,1
d_139.mp4,0.3011,0.0189,-0.31,3.72,0,1
d_139.mp4,0.286,0.0,-0.54,4.04,0,1
d_139.mp4,0.2737,0.0,-0.29,4.04,0,1
d_139.mp4,0.2644,0.0,-0.24,3.62,0,1
d_139.mp4,0.2683,0.0,-0.08,3.73,0,1
d_139.mp4,0.2376,0.0,-0.41,3.69,0,1
d_139.mp4,0.0459,0.0,-0.56,3.69,0,1
d_139.mp4,0.0415,0.0,-0.53,3.98,0,1
d_138.mp4,0.2627,0.0,1.32,4.47,0,1
d_138.mp4,0.2703,0.0261,1.5,3.62,0,1
d_138.mp4,0.2751,0.0192,1.57,4.52,0,1
d_138.mp4,0.2653,0.0,1.77,4.28,0,1
d_138.mp4,0.2684,0.0,1.58,4.16,0,1
d_138.mp4,0.2675,0.0,1.85,4.0,0,1
d_138.mp4,0.2386,0.0,1.83,4.47,0,1
d_138.mp4,0.2575,0.0,1.94,4.41,0,1
d_138.mp4,0.2456,0.0,1.83,4.26,0,1
d_138.mp4,0.2656,0.0185,1.88,4.21,0,1
d_138.mp4,0.2473,0.0,1.55,4.39,0,1
d_138.mp4,0.2832,0.0189,1.5,4.25,0,1
d_138.mp4,0.2612,0.0,1.3,4.32,0,1
d_138.mp4,0.1938,0.0,1.23,4.44,0,1
d_138.mp4,0.1337,0.0192,1.36,4.42,0,1
d_138.mp4,0.2216,0.0,1.62,4.84,0,1
d_138.mp4,0.262,0.0,1.96,4.53,0,1
d_138.mp4,0.2469,0.0,1.52,4.85,0,1
d_138.mp4,0.2598,0.0192,1.7,4.26,0,1
d_138.mp4,0.2508,0.0189,1.65,4.6,0,1
d_138.mp4,0.2777,0.0,1.76,4.41,0,1
d_138.mp4,0.2439,0.0,1.72,4.05,0,1
d_138.mp4,0.246,0.0192,1.76,3.85,0,1
d_138.mp4,0.2547,0.0,1.44,3.86,0,1
d_138.mp4,0.2556,0.0,1.81,3.82,0,1
d_138.mp4,0.246,0.0,1.75,3.9,0,1
d_138.mp4,0.1196,0.0,1.5,3.95,0,1
d_138.mp4,0.175,0.0,1.73,3.03,0,1
d_138.mp4,0.2546,0.0,1.28,1.62,0,1
d_138.mp4,0.281,0.0185,1.26,-0.67,0,1
d_138.mp4,0.2896,0.0,1.71,-1.61,0,1
d_138.mp4,0.2975,0.0,1.61,-1.73,1,1
d_138.mp4,0.2689,0.0,1.78,-1.09,0,1
d_138.mp4,0.0625,0.0188,1.75,0.19,0,1
d_138.mp4,0.0409,0.0,2.13,2.14,0,1
d_138.mp4,0.229,0.0,1.54,3.25,0,1
d_138.mp4,0.2651,0.0,1.26,3.83,0,1
d_138.mp4,0.2698,0.0192,1.55,4.52,0,1
d_138.mp4,0.2539,0.0,1.64,5.09,0,1
d_138.mp4,0.2793,0.02,1.91,5.3,0,1
d_138.mp4,0.2795,0.0,1.72,5.99,0,1
d_138.mp4,0.2908,0.0196,2.2,6.57,0,1
d_138.mp4,0.2884,0.0,2.7,7.03,0,1
d_138.mp4,0.2908,0.0,1.49,6.93,0,1
d_138.mp4,0.2867,0.02,1.72,7.03,0,1
d_138.mp4,0.2866,0.0,1.76,7.56,0,1
d_138.mp4,0.2808,0.0,1.76,7.75,0,1
d_138.mp4,0.2991,0.0,1.81,7.54,0,1
d_138.mp4,0.3109,0.0,1.57,7.21,0,1
d_138.mp4,0.2835,0.0,1.78,7.79,0,1
d_138.mp4,0.2897,0.0,1.2,7.68,0,1
d_138.mp4,0.304,0.02,2.23,7.63,0,1
d_138.mp4,0.3161,0.02,1.45,7.41,0,1
d_138.mp4,0.2984,0.0,1.81,7.73,0,1
d_138.mp4,0.2879,0.0,1.66,7.68,0,1
d_138.mp4,0.2785,0.0,2.11,7.76,0,1
d_138.mp4,0.2775,0.0,1.88,7.41,0,1
d_138.mp4,0.2979,0.0,0.98,7.62,0,1
d_138.mp4,0.2987,0.0,1.32,7.31,0,1
d_138.mp4,0.304,0.0,1.06,6.87,0,1
d_138.mp4,0.2869,0.0,2.05,6.91,0,1
d_138.mp4,0.279,0.0,1.43,7.32,0,1
d_138.mp4,0.2911,0.0196,1.28,7.48,0,1
d_138.mp4,0.2712,0.0,1.48,7.46,0,1
d_138.mp4,0.2971,0.02,1.5,7.62,0,1
d_138.mp4,0.2764,0.0204,2.04,7.38,0,1
d_138.mp4,0.2725,0.0,1.86,7.91,0,1
d_138.mp4,0.3016,0.0204,1.27,7.74,0,1
d_138.mp4,0.285,0.0,1.77,7.78,0,1
d_138.mp4,0.2883,0.0,1.4,7.67,0,1
d_138.mp4,0.3068,0.0,1.53,7.79,0,1
d_138.mp4,0.2742,0.0,1.51,7.6,0,1
d_138.mp4,0.281,0.0,1.76,7.94,0,1
d_138.mp4,0.2573,0.02,1.26,7.41,0,1
d_138.mp4,0.2522,0.0,1.52,7.89,0,1
d_138.mp4,0.2545,0.0,1.3,7.69,0,1
d_138.mp4,0.2383,0.0,1.35,7.18,0,1
d_138.mp4,0.2198,0.0,0.85,7.44,0,1
d_138.mp4,0.2246,0.0204,1.15,6.75,0,1
d_138.mp4,0.1153,0.0,0.8,7.43,0,1
d_138.mp4,0.2105,0.0,1.1,7.65,0,1
d_138.mp4,0.27,0.0,1.14,7.85,0,1
d_138.mp4,0.2792,0.0,1.08,8.46,0,1
d_138.mp4,0.2927,0.02,1.52,8.08,0,1
d_138.mp4,0.2801,0.0,0.17,7.86,0,1
d_138.mp4,0.2915,0.0204,1.03,7.69,0,1
d_138.mp4,0.3102,0.0204,-0.34,8.13,0,1
d_138.mp4,0.3066,0.0,0.08,8.17,0,1
d_138.mp4,0.2903,0.0,0.46,7.66,0,1
d_138.mp4,0.3318,0.0,0.53,8.27,0,1
d_138.mp4,0.3017,0.0,0.52,7.95,0,1
d_138.mp4,0.312,0.0,0.3,7.66,0,1
d_138.mp4,0.2865,0.0,0.46,7.87,0,1
d_138.mp4,0.3122,0.0,0.31,7.89,0,1
d_138.mp4,0.2976,0.0,0.31,7.51,0,1
d_138.mp4,0.2989,0.0204,0.3,7.56,0,1
d_138.mp4,0.2845,0.0,0.59,7.31,0,1
d_138.mp4,0.3088,0.0,0.43,7.12,0,1
d_138.mp4,0.3061,0.0,0.79,7.6,0,1
d_138.mp4,0.2935,0.0,0.42,7.22,0,1
d_138.mp4,0.2993,0.0,0.03,7.43,0,1
d_138.mp4,0.2913,0.0208,0.94,7.63,0,1
d_138.mp4,0.2923,0.0,0.37,7.27,0,1
d_138.mp4,0.2931,0.0,0.66,7.6,0,1
d_138.mp4,0.2861,0.0,0.11,7.35,0,1
d_138.mp4,0.2992,0.0,-0.57,7.12,0,1
d_138.mp4,0.2882,0.0,-0.44,6.79,0,1
d_138.mp4,0.2967,0.0,0.63,6.79,0,1
d_138.mp4,0.2896,0.0,-0.07,6.98,0,1
d_138.mp4,0.3025,0.0,0.21,7.36,0,1
d_138.mp4,0.3045,0.0,1.46,7.53,0,1
d_138.mp4,0.2918,0.0,0.38,7.24,0,1
d_138.mp4,0.2806,0.0,0.43,7.42,0,1
d_138.mp4,0.3032,0.0,-0.13,7.27,0,1
d_138.mp4,0.2839,0.02,-0.22,7.26,0,1
d_138.mp4,0.2805,0.0,0.9,6.98,0,1
d_138.mp4,0.293,0.0,0.52,7.05,0,1
d_138.mp4,0.2697,0.0,0.68,7.4,0,1
d_138.mp4,0.2734,0.0,0.34,7.34,0,1
d_138.mp4,0.2768,0.0,0.69,7.02,0,1
d_138.mp4,0.2886,0.0,0.94,7.26,0,1
d_138.mp4,0.2791,0.0,0.84,7.24,0,1
d_138.mp4,0.2816,0.0,0.83,6.89,0,1
d_138.mp4,0.3127,0.0,0.5,7.09,0,1
d_138.mp4,0.2827,0.0,1.66,7.12,0,1
d_141.mp4,0.2128,0.0,2.42,4.93,0,1
d_141.mp4,0.2506,0.0283,0.79,5.56,0,1
d_141.mp4,0.2754,0.0,1.1,5.85,0,1
d_141.mp4,0.2616,0.0,1.69,5.56,0,1
d_141.mp4,0.2787,0.0,1.33,5.25,0,1
d_141.mp4,0.2611,0.0,0.9,5.39,0,1
d_141.mp4,0.262,0.0,0.61,5.44,0,1
d_141.mp4,0.2584,0.0,0.26,5.49,0,1
d_141.mp4,0.2779,0.0,0.32,4.76,0,1
d_141.mp4,0.264,0.0,0.36,4.27,0,1
d_141.mp4,0.2831,0.0,0.18,4.72,0,1
d_141.mp4,0.2909,0.02,0.23,4.57,0,1
d_141.mp4,0.2684,0.0,0.4,4.61,0,1
d_141.mp4,0.276,0.0,0.44,4.49,0,1
d_141.mp4,0.29,0.0,0.07,4.47,0,1
d_141.mp4,0.2692,0.0,-0.12,4.3,0,1
d_141.mp4,0.2826,0.0,-0.01,4.24,0,1
d_141.mp4,0.2809,0.0,-0.09,4.41,0,1
d_141.mp4,0.2775,0.0,-0.05,4.73,0,1
d_141.mp4,0.2544,0.0,0.17,4.41,0,1
d_141.mp4,0.2977,0.0189,0.44,4.66,0,1
d_141.mp4,0.2847,0.0,0.63,4.71,0,1
d_141.mp4,0.2677,0.02,0.57,4.35,0,1
d_141.mp4,0.2808,0.0,0.7,4.97,0,1
d_141.mp4,0.2725,0.0,1.48,4.89,0,1
d_141.mp4,0.2737,0.02,1.0,4.7,0,1
d_141.mp4,0.2996,0.0,0.72,5.08,0,1
d_141.mp4,0.2816,0.0,0.85,4.58,0,1
d_141.mp4,0.274,0.0,0.85,4.89,0,1
d_141.mp4,0.262,0.0,0.69,4.87,0,1
d_141.mp4,0.2678,0.0,0.56,5.01,0,1
d_141.mp4,0.2463,0.0196,0.77,5.1,0,1
d_141.mp4,0.2809,0.0,0.4,5.33,0,1
d_141.mp4,0.2557,0.0,0.61,5.16,0,1
d_141.mp4,0.2808,0.0,0.52,5.8,0,1
d_141.mp4,0.276,0.0,0.7,6.14,0,1
d_141.mp4,0.2808,0.0,0.62,6.22,0,1
d_141.mp4,0.2918,0.0,1.44,6.31,0,1
d_141.mp4,0.2773,0.0,0.98,6.64,0,1
d_141.mp4,0.2739,0.0,0.95,7.03,0,1
d_141.mp4,0.2819,0.0,1.78,6.66,0,1
d_141.mp4,0.2646,0.0,1.16,6.69,0,1
d_141.mp4,0.2016,0.0,0.62,7.32,0,1
d_141.mp4,0.0722,0.0,0.58,6.66,0,1
d_141.mp4,0.1677,0.0,0.83,6.81,0,1
d_141.mp4,0.2642,0.0,0.93,7.04,0,1
d_141.mp4,0.2771,0.0,1.12,6.84,0,1
d_141.mp4,0.256,0.02,0.98,6.46,0,1
d_141.mp4,0.281,0.0,0.5,6.81,0,1
d_141.mp4,0.2753,0.0,0.8,6.89,0,1
d_141.mp4,0.263,0.0,0.87,6.81,0,1
d_141.mp4,0.27,0.0,0.42,6.65,0,1
d_141.mp4,0.2496,0.02,0.19,6.96,0,1
d_141.mp4,0.2668,0.0,0.61,6.65,0,1
d_141.mp4,0.279,0.0,0.11,6.35,0,1
d_141.mp4,0.2677,0.0,0.75,6.38,0,1
d_141.mp4,0.2667,0.0,0.35,6.13,0,1
d_141.mp4,0.2562,0.0,0.11,6.14,0,1
d_141.mp4,0.2684,0.0,0.07,5.97,0,1
d_141.mp4,0.2522,0.0,0.36,6.4,0,1
d_141.mp4,0.2699,0.0,0.01,6.27,0,1
d_141.mp4,0.2702,0.0,-0.19,6.07,0,1
d_141.mp4,0.2521,0.0,0.02,5.99,0,1
d_141.mp4,0.2773,0.0,-0.4,6.11,0,1
d_141.mp4,0.2576,0.02,0.79,6.01,0,1
d_141.mp4,0.263,0.0204,0.6,6.62,0,1
d_141.mp4,0.277,0.0,0.48,6.38,0,1
d_141.mp4,0.2684,0.0,0.97,6.5,0,1
d_141.mp4,0.302,0.0,1.18,6.96,0,1
d_141.mp4,0.2829,0.0208,1.1,6.62,0,1
d_141.mp4,0.2866,0.0,0.93,6.89,0,1
d_141.mp4,0.2658,0.0,1.28,7.06,0,1
d_141.mp4,0.287,0.0208,1.37,6.8,0,1
d_141.mp4,0.2882,0.0208,1.12,6.73,0,1
d_141.mp4,0.277,0.0,1.13,6.95,0,1
d_141.mp4,0.2822,0.0,1.49,7.02,0,1
d_141.mp4,0.2753,0.0,1.38,7.24,0,1
d_141.mp4,0.2753,0.0,1.1,6.84,0,1
d_141.mp4,0.2846,0.0,1.02,7.35,0,1
d_141.mp4,0.2806,0.0,0.72,7.22,0,1
d_141.mp4,0.2939,0.0,0.75,7.01,0,1
d_141.mp4,0.2654,0.0,0.13,7.03,0,1
d_141.mp4,0.2752,0.0,0.68,7.2,0,1
d_141.mp4,0.2789,0.02,0.96,7.17,0,1
d_141.mp4,0.2665,0.02,0.67,6.89,0,1
d_141.mp4,0.277,0.0208,0.92,7.28,0,1
d_141.mp4,0.2916,0.0,0.41,7.04,0,1
d_141.mp4,0.2958,0.0,0.36,6.91,0,1
d_141.mp4,0.2799,0.0,-0.01,6.82,0,1
d_141.mp4,0.2991,0.0,0.21,6.87,0,1
d_141.mp4,0.2868,0.0,-0.25,6.57,0,1
d_141.mp4,0.2682,0.0,0.22,6.7,0,1
d_141.mp4,0.2647,0.0,0.33,6.31,0,1
d_141.mp4,0.2785,0.0,0.36,6.21,0,1
d_141.mp4,0.2862,0.0,0.47,6.61,0,1
d_141.mp4,0.2888,0.02,0.43,6.72,0,1
d_141.mp4,0.2885,0.0,0.42,6.19,0,1
d_141.mp4,0.276,0.0,0.28,6.38,0,1
d_141.mp4,0.2929,0.0,0.44,6.54,0,1
d_141.mp4,0.281,0.0,0.88,6.94,0,1
d_141.mp4,0.2775,0.02,0.48,6.69,0,1
d_141.mp4,0.2778,0.02,0.68,6.57,0,1
d_141.mp4,0.2703,0.0,0.87,7.09,0,1
d_141.mp4,0.2669,0.0,0.68,6.32,0,1
d_141.mp4,0.2707,0.0,1.31,6.49,0,1
d_141.mp4,0.3041,0.02,1.59,6.4,0,1
d_141.mp4,0.2739,0.0,1.07,6.12,0,1
d_141.mp4,0.2866,0.0,1.1,6.04,0,1
d_141.mp4,0.2901,0.0,1.49,6.14,0,1
d_141.mp4,0.2772,0.0,1.25,5.92,0,1
d_141.mp4,0.2906,0.02,1.52,5.58,0,1
d_141.mp4,0.2739,0.0,0.95,6.3,0,1
d_141.mp4,0.2827,0.0,0.78,6.16,0,1
d_141.mp4,0.2811,0.0,0.89,6.03,0,1
d_141.mp4,0.2672,0.02,0.71,5.95,0,1
d_141.mp4,0.2662,0.0,0.37,6.12,0,1
d_141.mp4,0.278,0.0,0.74,6.23,0,1
d_141.mp4,0.2952,0.0,0.34,6.15,0,1
d_141.mp4,0.2871,0.0,0.65,6.07,0,1
d_141.mp4,0.2745,0.0,0.44,5.9,0,1
d_141.mp4,0.2777,0.0,1.07,5.5,0,1
d_141.mp4,0.2963,0.0,0.88,5.9,0,1
d_141.mp4,0.2808,0.0,1.09,5.96,0,1
d_141.mp4,0.2866,0.02,0.66,5.94,0,1
d_141.mp4,0.2859,0.0,1.03,6.04,0,1
d_140.mp4,0.0543,0.0192,0.62,3.62,0,1
d_140.mp4,0.1183,0.0185,0.2,2.69,0,1
d_140.mp4,0.2661,0.0,0.21,1.36,0,1
d_140.mp4,0.3005,0.0192,0.61,-0.53,0,1
d_140.mp4,0.3111,0.0,1.07,-1.45,0,1
d_140.mp4,0.3072,0.0,1.33,-1.44,0,1
d_140.mp4,0.2954,0.0185,1.15,-1.41,0,1
d_140.mp4,0.1994,0.0,1.01,-0.65,0,1
d_140.mp4,0.0456,0.0,0.62,1.12,0,1
d_140.mp4,0.0517,0.0,0.29,1.7,0,1
d_140.mp4,0.0442,0.0,0.15,2.23,0,1
d_140.mp4,0.0491,0.0,0.33,3.19,1,1
d_140.mp4,0.0544,0.0188,0.32,3.26,1,1
d_140.mp4,0.0602,0.0,0.77,3.79,0,1
d_140.mp4,0.2363,0.0192,0.88,4.14,0,1
d_140.mp4,0.2825,0.0196,0.79,4.33,0,1
d_140.mp4,0.2793,0.0,0.35,4.37,0,1
d_140.mp4,0.2713,0.0,0.21,4.59,0,1
d_140.mp4,0.251,0.0,-0.01,4.95,0,1
d_140.mp4,0.1773,0.0,-0.08,4.41,0,1
d_140.mp4,0.0554,0.0,0.3,4.56,0,1
d_140.mp4,0.2493,0.0,0.28,4.57,0,1
d_140.mp4,0.254,0.0,-0.13,4.75,0,1
d_140.mp4,0.278,0.0,-0.05,4.45,0,1
d_140.mp4,0.2692,0.0,0.36,4.27,0,1
d_140.mp4,0.2695,0.0,0.2,4.36,0,1
d_140.mp4,0.2707,0.0189,0.37,4.46,0,1
d_140.mp4,0.2555,0.0196,0.1,4.37,0,1
d_140.mp4,0.2671,0.0,-0.08,4.49,0,1
d_140.mp4,0.2697,0.0,0.25,4.31,0,1
d_140.mp4,0.2946,0.0192,0.69,4.36,0,1
d_140.mp4,0.2562,0.0,0.31,4.36,0,1
d_140.mp4,0.2548,0.0,0.57,4.17,0,1
d_140.mp4,0.2631,0.0,0.88,4.2,0,1
d_140.mp4,0.2486,0.0,0.63,3.79,0,1
d_140.mp4,0.2587,0.0,0.34,3.98,0,1
d_140.mp4,0.2513,0.0,0.77,4.07,0,1
d_140.mp4,0.2592,0.0,0.58,3.5,0,1
d_140.mp4,0.2428,0.0,0.21,3.38,0,1
d_140.mp4,0.2526,0.0,0.11,3.51,0,1
d_140.mp4,0.2612,0.0,0.19,3.77,1,1
d_140.mp4,0.2538,0.0192,-0.02,2.77,0,1
d_140.mp4,0.2585,0.0,-0.25,2.86,1,1
d_140.mp4,0.2597,0.0,-0.17,2.83,0,1
d_140.mp4,0.2848,0.0,-0.28,3.23,0,1
d_140.mp4,0.2698,0.0,-0.28,2.94,0,1
d_140.mp4,0.2552,0.0,-0.2,3.46,0,1
d_140.mp4,0.2651,0.0,-0.0,3.79,0,1
d_140.mp4,0.2011,0.0,-0.55,3.85,0,1
d_140.mp4,0.2062,0.0189,-0.01,4.84,0,1
d_140.mp4,0.259,0.0,-0.2,4.85,0,1
d_140.mp4,0.2727,0.0,0.16,4.68,0,1
d_140.mp4,0.2731,0.0,0.39,4.94,0,1
d_140.mp4,0.2795,0.0,0.36,4.74,0,1
d_140.mp4,0.27,0.0,0.0,4.93,0,1
d_140.mp4,0.2929,0.0192,-0.1,4.82,0,1
d_140.mp4,0.2839,0.0,0.47,5.14,0,1
d_140.mp4,0.2789,0.0196,0.3,4.79,0,1
d_140.mp4,0.2951,0.0,0.48,4.85,0,1
d_140.mp4,0.2597,0.0,-0.33,5.04,0,1
d_140.mp4,0.2708,0.0,0.55,4.79,0,1
d_140.mp4,0.2856,0.0196,0.51,4.89,0,1
d_140.mp4,0.2669,0.0,0.74,4.76,0,1
d_140.mp4,0.2863,0.0,0.69,5.02,0,1
d_140.mp4,0.2777,0.0,1.07,5.05,0,1
d_140.mp4,0.2633,0.0,1.1,4.92,0,1
d_140.mp4,0.2709,0.0,0.06,5.39,0,1
d_140.mp4,0.2674,0.0,0.4,5.5,0,1
d_140.mp4,0.2673,0.0192,0.62,4.91,0,1
d_140.mp4,0.286,0.0,0.52,5.34,0,1
d_140.mp4,0.2679,0.0196,0.49,5.26,0,1
d_140.mp4,0.2776,0.0,0.96,5.12,0,1
d_140.mp4,0.2862,0.0,0.78,5.62,0,1
d_140.mp4,0.2713,0.0,1.08,5.32,0,1
d_140.mp4,0.2638,0.0,0.75,5.42,0,1
d_140.mp4,0.2733,0.0,1.48,5.51,0,1
d_140.mp4,0.2808,0.0,1.12,5.87,0,1
d_140.mp4,0.2755,0.0,1.38,5.63,0,1
d_140.mp4,0.2679,0.0,0.87,5.65,0,1
d_140.mp4,0.2804,0.0,0.91,5.55,0,1
d_140.mp4,0.279,0.0,1.3,5.93,0,1
d_140.mp4,0.3172,0.0,1.46,5.98,0,1
d_140.mp4,0.2718,0.0,0.9,5.4,0,1
d_140.mp4,0.2758,0.02,0.55,5.7,0,1
d_140.mp4,0.2787,0.0,0.73,5.48,0,1
d_140.mp4,0.2806,0.0,0.22,5.28,0,1
d_140.mp4,0.2818,0.0,1.07,5.53,0,1
d_140.mp4,0.2705,0.0,1.07,5.24,0,1
d_140.mp4,0.2668,0.0,0.68,5.62,0,1
d_140.mp4,0.2823,0.0,0.96,5.75,0,1
d_140.mp4,0.2977,0.0,0.92,5.88,0,1
d_140.mp4,0.2944,0.0,0.86,5.71,0,1
d_140.mp4,0.2929,0.0,0.85,5.36,0,1
d_140.mp4,0.2746,0.0,0.69,5.17,0,1
d_140.mp4,0.2683,0.0,1.25,5.58,0,1
d_140.mp4,0.2843,0.0,1.0,5.2,0,1
d_140.mp4,0.2776,0.0,1.24,5.06,0,1
d_140.mp4,0.2829,0.0,1.8,5.57,0,1
d_140.mp4,0.2844,0.0,1.88,5.73,0,1
d_140.mp4,0.2722,0.0,1.52,5.79,0,1
d_140.mp4,0.2773,0.0196,1.67,5.53,0,1
d_140.mp4,0.2808,0.0204,1.63,5.81,0,1
d_140.mp4,0.2821,0.0,0.99,5.73,0,1
d_140.mp4,0.2719,0.0196,0.96,5.62,0,1
d_140.mp4,0.2806,0.0,0.73,5.04,0,1
d_140.mp4,0.2708,0.0,0.93,5.5,0,1
d_140.mp4,0.2912,0.0,0.41,5.41,0,1
d_140.mp4,0.2856,0.0,0.53,5.17,0,1
d_140.mp4,0.2794,0.0,0.15,5.16,0,1
d_140.mp4,0.2718,0.0,1.16,5.39,0,1
d_140.mp4,0.2632,0.0,1.01,4.75,0,1
d_140.mp4,0.2587,0.0,1.07,4.98,0,1
d_140.mp4,0.2687,0.0,1.12,4.87,0,1
d_140.mp4,0.2522,0.0,0.85,4.68,0,1
d_140.mp4,0.2673,0.0,1.18,5.04,0,1
d_140.mp4,0.2668,0.0,1.17,4.9,0,1
d_140.mp4,0.2762,0.0,1.22,4.8,0,1
d_140.mp4,0.2709,0.0,1.08,4.72,0,1
d_140.mp4,0.2688,0.0,1.36,4.83,0,1
d_140.mp4,0.2464,0.0,0.95,4.84,0,1
d_140.mp4,0.2865,0.0,1.28,4.82,0,1
d_140.mp4,0.279,0.0192,1.08,4.52,0,1
d_140.mp4,0.2762,0.0,0.69,4.82,0,1
d_140.mp4,0.2297,0.0,1.0,4.97,0,1
d_140.mp4,0.1132,0.0,1.18,5.18,0,1
d_142.mp4,0.2673,0.02,2.01,7.52,0,1
d_142.mp4,0.2611,0.0,0.39,7.24,0,1
d_142.mp4,0.2657,0.0,0.62,6.47,0,1
d_142.mp4,0.2962,0.0,0.76,6.41,0,1
d_142.mp4,0.2826,0.0,0.77,5.99,0,1
d_142.mp4,0.2914,0.0196,0.94,5.2,0,1
d_142.mp4,0.2719,0.0,0.9,5.34,0,1
d_142.mp4,0.2775,0.0,0.85,5.62,0,1
d_142.mp4,0.2807,0.02,0.82,5.55,0,1
d_142.mp4,0.274,0.0,0.23,5.83,0,1
d_142.mp4,0.2706,0.0192,0.62,5.69,0,1
d_142.mp4,0.2723,0.0,0.7,5.01,0,1
d_142.mp4,0.2945,0.0,0.2,5.48,0,1
d_142.mp4,0.2855,0.0,-0.08,5.63,0,1
d_142.mp4,0.272,0.0,0.59,5.54,0,1
d_142.mp4,0.2724,0.0,0.55,5.58,0,1
d_142.mp4,0.2761,0.0,0.19,5.08,0,1
d_142.mp4,0.2705,0.0,0.61,5.5,0,1
d_142.mp4,0.2825,0.0,0.9,5.44,0,1
d_142.mp4,0.2743,0.0,0.37,5.65,0,1
d_142.mp4,0.2758,0.0,0.57,5.66,0,1
d_142.mp4,0.2845,0.0,-0.06,5.47,0,1
d_142.mp4,0.2965,0.0204,-0.18,5.3,0,1
d_142.mp4,0.2914,0.0,0.37,5.73,0,1
d_142.mp4,0.2721,0.0,0.63,5.64,0,1
d_142.mp4,0.2825,0.0,0.13,5.51,0,1
d_142.mp4,0.2806,0.0,0.08,5.62,0,1
d_142.mp4,0.2895,0.0,0.06,5.37,0,1
d_142.mp4,0.2852,0.0,0.35,5.27,0,1
d_142.mp4,0.3061,0.0,0.24,5.15,0,1
d_142.mp4,0.2894,0.02,0.36,5.32,0,1
d_142.mp4,0.2851,0.0,0.79,5.25,0,1
d_142.mp4,0.2927,0.0,0.01,4.94,0,1
d_142.mp4,0.2876,0.0,0.09,5.24,0,1
d_142.mp4,0.2839,0.0,0.51,4.94,0,1
d_142.mp4,0.2828,0.0,0.31,4.85,0,1
d_142.mp4,0.2962,0.0,0.61,4.88,0,1
d_142.mp4,0.2907,0.0,0.23,5.1,0,1
d_142.mp4,0.2891,0.0,0.69,4.84,0,1
d_142.mp4,0.3075,0.0,0.28,4.86,0,1
d_142.mp4,0.3061,0.0,0.98,4.82,0,1
d_142.mp4,0.2945,0.0,1.1,4.82,0,1
d_142.mp4,0.2788,0.0,1.05,4.75,0,1
d_142.mp4,0.2839,0.0,1.08,4.86,0,1
d_142.mp4,0.294,0.0,0.68,4.91,0,1
d_142.mp4,0.2841,0.0,0.73,4.86,0,1
d_142.mp4,0.2934,0.0,1.04,4.46,0,1
d_142.mp4,0.293,0.0,0.83,4.93,0,1
d_142.mp4,0.2769,0.0,1.31,4.96,0,1
d_142.mp4,0.2807,0.0,0.82,4.66,0,1
d_142.mp4,0.299,0.0,1.04,4.8,0,1
d_142.mp4,0.2808,0.0,1.34,4.87,0,1
d_142.mp4,0.2917,0.0196,1.26,4.86,0,1
d_142.mp4,0.278,0.0,1.48,4.83,0,1
d_142.mp4,0.2881,0.0,1.4,4.38,0,1
d_142.mp4,0.282,0.0,1.1,4.56,0,1
d_142.mp4,0.2853,0.0196,0.92,4.47,0,1
d_142.mp4,0.2893,0.0196,1.05,4.69,0,1
d_142.mp4,0.2898,0.0,1.14,4.3,0,1
d_142.mp4,0.2989,0.0,1.17,4.69,0,1
d_142.mp4,0.2869,0.0,1.24,4.47,0,1
d_142.mp4,0.2909,0.0,1.54,4.43,0,1
d_142.mp4,0.2761,0.0,1.25,4.56,0,1
d_142.mp4,0.2876,0.0,1.47,4.47,0,1
d_142.mp4,0.2736,0.0,1.15,4.3,0,1
d_142.mp4,0.2651,0.0,1.02,4.08,0,1
d_142.mp4,0.2635,0.0,1.29,4.23,0,1
d_142.mp4,0.2492,0.0,1.12,4.04,0,1
d_142.mp4,0.266,0.0,1.05,3.85,0,1
d_142.mp4,0.2769,0.0,1.5,3.88,0,1
d_142.mp4,0.2713,0.0,1.69,4.19,0,1
d_142.mp4,0.2801,0.0,1.52,3.59,0,1
d_142.mp4,0.2636,0.0,2.08,3.78,0,1
d_142.mp4,0.2796,0.0192,1.85,3.58,0,1
d_142.mp4,0.2662,0.0,1.71,3.82,0,1
d_142.mp4,0.284,0.0,1.6,3.66,0,1
d_142.mp4,0.2848,0.0,1.32,3.31,0,1
d_142.mp4,0.274,0.0,0.9,3.56,0,1
d_142.mp4,0.2915,0.0,0.69,3.87,0,1
d_142.mp4,0.2725,0.0,0.87,3.84,0,1
d_142.mp4,0.2686,0.0,1.21,3.98,0,1
d_142.mp4,0.279,0.0,1.02,3.75,0,1
d_142.mp4,0.2591,0.0,1.05,3.84,0,1
d_142.mp4,0.1937,0.0,0.55,4.15,0,1
d_142.mp4,0.057,0.0,0.19,4.14,0,1
d_142.mp4,0.0555,0.0,1.0,4.14,0,1
d_142.mp4,0.0611,0.0192,1.38,3.8,0,1
d_142.mp4,0.2048,0.0,0.92,4.36,0,1
d_142.mp4,0.2577,0.0196,0.94,4.22,0,1
d_142.mp4,0.2477,0.0,0.85,3.92,0,1
d_142.mp4,0.2696,0.0,0.92,3.89,0,1
d_142.mp4,0.2741,0.0196,0.7,4.47,0,1
d_142.mp4,0.2753,0.0,0.72,4.05,0,1
d_142.mp4,0.279,0.0,0.35,4.16,0,1
d_142.mp4,0.2638,0.0,1.11,4.29,0,1
d_142.mp4,0.2801,0.0,1.04,4.39,0,1
d_142.mp4,0.2653,0.0,1.11,4.01,0,1
d_142.mp4,0.2556,0.0,1.09,4.26,0,1
d_142.mp4,0.2768,0.0,1.19,4.22,0,1
d_142.mp4,0.277,0.0,0.84,4.48,0,1
d_142.mp4,0.2683,0.0,1.03,4.21,0,1
d_142.mp4,0.2611,0.0,1.34,4.09,0,1
d_142.mp4,0.2667,0.0,1.38,4.36,0,1
d_142.mp4,0.2692,0.0196,1.04,3.92,0,1
d_142.mp4,0.2738,0.0,0.56,4.02,0,1
d_142.mp4,0.2848,0.0,0.62,4.29,0,1
d_142.mp4,0.2589,0.0,0.5,3.9,1,1
d_142.mp4,0.2653,0.0,0.96,3.84,0,1
d_142.mp4,0.2698,0.0,0.53,4.01,0,1
d_142.mp4,0.2808,0.0,-0.38,3.98,0,1
d_142.mp4,0.2775,0.0,-0.1,3.68,0,1
d_142.mp4,0.2785,0.0,0.38,4.46,0,1
d_142.mp4,0.2907,0.0,-0.1,4.44,0,1
d_142.mp4,0.3005,0.0,0.22,4.47,0,1
d_142.mp4,0.2777,0.0,0.52,4.54,0,1
d_142.mp4,0.2843,0.0,0.19,4.51,0,1
d_142.mp4,0.2507,0.0,0.24,4.17,0,1
d_142.mp4,0.2959,0.0,0.14,4.56,0,1
d_142.mp4,0.264,0.0,0.37,4.4,0,1
d_142.mp4,0.2711,0.0,0.54,4.53,0,1
d_142.mp4,0.2616,0.0,0.59,4.17,0,1
d_142.mp4,0.2907,0.0,0.39,4.51,0,1
d_142.mp4,0.2722,0.0,0.15,4.14,0,1
d_142.mp4,0.2847,0.0,0.1,4.3,0,1
d_142.mp4,0.2754,0.0,0.17,4.19,0,1
d_143.mp4,0.2938,0.02,0.53,3.97,0,1
d_143.mp4,0.2847,0.0,0.52,4.36,0,1
d_143.mp4,0.2942,0.0,0.63,4.17,0,1
d_143.mp4,0.2864,0.0,0.61,4.04,0,1
d_143.mp4,0.2889,0.0192,0.86,4.22,0,1
d_143.mp4,0.2871,0.0,0.31,3.88,0,1
d_143.mp4,0.2928,0.0,0.85,4.65,0,1
d_143.mp4,0.2865,0.0,0.81,4.45,0,1
d_143.mp4,0.2907,0.0,0.84,4.6,0,1
d_143.mp4,0.17,0.0,0.84,4.54,0,1
d_143.mp4,0.0888,0.0,0.69,4.96,0,1
d_143.mp4,0.2486,0.0,0.8,5.4,0,1
d_143.mp4,0.2686,0.0,1.35,5.15,0,1
d_143.mp4,0.279,0.0196,1.07,4.93,0,1
d_143.mp4,0.2627,0.0,0.89,5.33,0,1
d_143.mp4,0.2777,0.0196,0.87,5.31,0,1
d_143.mp4,0.2718,0.0204,0.72,5.32,0,1
d_143.mp4,0.2791,0.0,0.55,5.42,0,1
d_143.mp4,0.2911,0.0,0.42,5.09,0,1
d_143.mp4,0.2656,0.0,0.28,4.87,0,1
d_143.mp4,0.2779,0.0196,0.31,5.03,0,1
d_143.mp4,0.2802,0.0,-0.05,4.76,0,1
d_143.mp4,0.2686,0.0,0.12,4.85,0,1
d_143.mp4,0.2693,0.0,0.17,4.22,0,1
d_143.mp4,0.2707,0.0,-0.11,4.41,0,1
d_143.mp4,0.2605,0.0,-0.09,4.36,0,1
d_143.mp4,0.2717,0.0,-0.38,4.02,0,1
d_143.mp4,0.2789,0.0189,0.45,4.12,0,1
d_143.mp4,0.2804,0.0,0.08,4.08,0,1
d_143.mp4,0.2721,0.0,0.27,4.24,0,1
d_143.mp4,0.2658,0.0,0.79,4.42,0,1
d_143.mp4,0.2895,0.0192,1.1,4.25,0,1
d_143.mp4,0.2721,0.0,0.69,4.31,0,1
d_143.mp4,0.2794,0.0,0.95,4.52,0,1
d_143.mp4,0.2884,0.0204,1.12,4.57,0,1
d_143.mp4,0.2705,0.0,0.34,4.03,0,1
d_143.mp4,0.2877,0.0189,0.81,4.01,0,1
d_143.mp4,0.2709,0.0192,0.82,3.89,0,1
d_143.mp4,0.2878,0.0,0.74,3.85,0,1
d_143.mp4,0.276,0.0192,0.89,4.08,0,1
d_143.mp4,0.2761,0.0,1.44,3.86,0,1
d_143.mp4,0.2669,0.0,1.3,4.14,0,1
d_143.mp4,0.2811,0.0,1.49,4.14,0,1
d_143.mp4,0.2731,0.0,1.47,4.46,0,1
d_143.mp4,0.2891,0.0,1.08,4.27,0,1
d_143.mp4,0.2823,0.0,1.5,4.24,0,1
d_143.mp4,0.2775,0.0,1.45,4.07,0,1
d_143.mp4,0.2503,0.0,0.73,4.38,0,1
d_143.mp4,0.2561,0.0,1.22,4.17,0,1
d_143.mp4,0.2572,0.0196,1.66,3.99,0,1
d_143.mp4,0.2504,0.0,1.6,3.99,0,1
d_143.mp4,0.2671,0.0,1.6,4.14,0,1
d_143.mp4,0.2655,0.0188,0.95,3.74,0,1
d_143.mp4,0.2748,0.0,1.05,3.75,0,1
d_143.mp4,0.2611,0.0,1.42,3.73,0,1
d_143.mp4,0.2687,0.0188,0.81,3.57,0,1
d_143.mp4,0.2745,0.0267,0.62,3.51,0,1
d_143.mp4,0.2594,0.0,1.13,3.73,0,1
d_143.mp4,0.2578,0.0192,1.14,3.84,0,1
d_143.mp4,0.2623,0.0192,0.55,3.41,0,1
d_143.mp4,0.2801,0.0,0.56,3.62,0,1
d_143.mp4,0.2604,0.0,0.82,4.06,0,1
d_143.mp4,0.2725,0.0,1.01,4.05,0,1
d_143.mp4,0.274,0.0,0.79,3.77,0,1
d_143.mp4,0.2558,0.0189,0.82,4.04,0,1
d_143.mp4,0.2653,0.0,1.14,3.87,0,1
d_143.mp4,0.2893,0.0189,1.62,4.06,0,1
d_143.mp4,0.2698,0.0196,1.89,3.8,0,1
d_143.mp4,0.2882,0.0,1.72,3.95,0,1
d_143.mp4,0.259,0.0,2.12,3.72,0,1
d_143.mp4,0.2755,0.0,2.55,3.8,0,1
d_143.mp4,0.2801,0.0189,2.31,4.0,0,1
d_143.mp4,0.2624,0.0192,1.94,3.79,0,1
d_143.mp4,0.2437,0.0192,2.07,3.53,0,1
d_143.mp4,0.1922,0.0,1.97,3.82,0,1
d_143.mp4,0.0422,0.0,2.15,3.92,0,1
d_143.mp4,0.0563,0.0,1.59,3.95,0,1
d_143.mp4,0.1922,0.0,1.64,3.82,0,1
d_143.mp4,0.2131,0.0,1.93,4.04,0,1
d_143.mp4,0.2328,0.0,1.84,3.56,0,1
d_143.mp4,0.243,0.0,1.53,3.43,0,1
d_143.mp4,0.2356,0.0,1.79,3.4,0,1
d_143.mp4,0.2449,0.0,1.64,3.47,0,1
d_143.mp4,0.2482,0.0192,1.43,3.63,0,1
d_143.mp4,0.2401,0.0,1.6,3.43,0,1
d_143.mp4,0.2554,0.0,1.4,3.63,0,1
d_143.mp4,0.2415,0.0,1.53,3.59,0,1
d_143.mp4,0.235,0.0,1.61,3.68,0,1
d_143.mp4,0.2653,0.0,1.3,3.4,0,1
d_143.mp4,0.2509,0.0,1.26,3.35,0,1
d_143.mp4,0.2548,0.0,1.43,3.44,0,1
d_143.mp4,0.2432,0.0,1.17,3.3,0,1
d_143.mp4,0.2562,0.0,1.14,3.47,0,1
d_143.mp4,0.2468,0.0189,1.57,3.26,0,1
d_143.mp4,0.2457,0.0,1.07,3.73,0,1
d_143.mp4,0.2588,0.0189,1.0,3.56,0,1
d_143.mp4,0.2578,0.0,1.68,3.83,0,1
d_143.mp4,0.2791,0.0,1.27,4.04,0,1
d_143.mp4,0.2593,0.0,1.56,4.19,0,1
d_143.mp4,0.2693,0.0,1.15,4.2,0,1
d_143.mp4,0.2673,0.0,1.65,4.22,0,1
d_143.mp4,0.2576,0.0,1.92,4.56,0,1
d_143.mp4,0.2638,0.0,0.87,4.21,0,1
d_143.mp4,0.2592,0.0196,1.48,4.18,0,1
d_143.mp4,0.2517,0.0196,1.61,4.33,0,1
d_143.mp4,0.2811,0.0,1.47,4.27,0,1
d_143.mp4,0.2552,0.0,0.79,4.04,0,1
d_143.mp4,0.255,0.0,0.78,3.93,0,1
d_143.mp4,0.2696,0.0,0.95,4.06,0,1
d_143.mp4,0.2673,0.0,1.07,4.02,0,1
d_143.mp4,0.266,0.0,0.84,4.31,0,1
d_143.mp4,0.2637,0.0,0.56,4.13,0,1
d_143.mp4,0.2741,0.0,1.0,4.11,0,1
d_143.mp4,0.2807,0.0,0.53,3.88,0,1
d_143.mp4,0.2614,0.0,1.03,4.04,0,1
d_143.mp4,0.2673,0.0,0.79,3.56,0,1
d_143.mp4,0.2676,0.0,1.24,3.88,0,1
d_143.mp4,0.2612,0.0,1.04,3.7,0,1
d_143.mp4,0.2688,0.0188,1.02,3.49,0,1
d_143.mp4,0.2505,0.0,0.99,3.35,0,1
d_143.mp4,0.2816,0.0,1.38,3.88,0,1
d_143.mp4,0.2821,0.0,1.45,3.69,0,1
d_143.mp4,0.2683,0.0192,0.49,3.5,0,1
d_143.mp4,0.2682,0.0189,1.04,3.43,0,1
d_143.mp4,0.2667,0.0,0.73,3.24,0,1
n_1000.mp4,0.3343,0.0136,7.11,8.13,0,0
n_1000.mp4,0.3515,0.0139,7.21,8.75,0,0
n_1000.mp4,0.3341,0.013,6.53,8.25,0,0
n_1000.mp4,0.3603,0.0184,6.72,8.91,0,0
n_1000.mp4,0.3337,0.0,6.2,8.56,0,0
n_1000.mp4,0.361,0.0,6.39,9.06,0,0
n_1000.mp4,0.3399,0.0129,6.97,8.39,0,0
n_1000.mp4,0.3448,0.0189,7.2,8.23,0,0
n_1000.mp4,0.3596,0.0,7.24,8.19,0,0
n_1000.mp4,0.3431,0.0,7.19,8.68,0,0
n_1000.mp4,0.348,0.0126,6.88,8.56,0,0
n_1000.mp4,0.3496,0.0,6.67,8.59,0,0
n_1000.mp4,0.3424,0.0133,6.92,8.68,0,0
n_1000.mp4,0.3476,0.0132,7.25,8.8,0,0
n_1000.mp4,0.335,0.0,7.25,8.73,0,0
n_1000.mp4,0.3397,0.0133,6.78,8.78,0,0
n_1000.mp4,0.3378,0.0133,6.94,8.98,0,0
n_1000.mp4,0.3472,0.0,6.63,9.28,0,0
n_1000.mp4,0.3378,0.0193,6.48,9.54,0,0
n_1000.mp4,0.33,0.0135,6.87,9.49,0,0
n_1000.mp4,0.352,0.0195,7.23,9.11,0,0
n_1000.mp4,0.3445,0.0132,7.26,8.83,0,0
n_1000.mp4,0.3401,0.0182,6.76,8.55,0,0
n_1000.mp4,0.3501,0.0,6.85,7.88,0,0
n_1000.mp4,0.3385,0.0124,7.17,7.01,0,0
n_1000.mp4,0.3405,0.0128,6.52,6.38,0,0
n_1000.mp4,0.3307,0.0127,6.68,6.3,0,0
n_1000.mp4,0.3327,0.0127,6.73,6.31,0,0
n_1000.mp4,0.3301,0.013,6.34,6.68,0,0
n_1000.mp4,0.292,0.0132,6.94,7.21,0,0
n_1000.mp4,0.3172,0.0182,6.86,8.67,0,0
n_1000.mp4,0.3184,0.0,7.47,9.09,0,0
n_1000.mp4,0.3322,0.0138,6.99,9.26,0,0
n_1000.mp4,0.3458,0.0139,7.27,9.5,0,0
n_1000.mp4,0.3386,0.0,6.82,9.5,0,0
n_1000.mp4,0.3292,0.0137,6.88,9.04,0,0
n_1000.mp4,0.3306,0.0135,7.09,9.32,0,0
n_1000.mp4,0.3335,0.0132,6.96,7.98,0,0
n_1000.mp4,0.3277,0.0,6.62,7.44,0,0
n_1000.mp4,0.3133,0.0127,6.59,6.98,0,0
n_1000.mp4,0.2966,0.0,6.37,6.89,0,0
n_1000.mp4,0.2914,0.0,6.47,7.44,0,0
n_1000.mp4,0.2581,0.0,6.34,7.67,0,0
n_1000.mp4,0.3156,0.0,6.01,7.92,0,0
n_1000.mp4,0.3267,0.0,6.38,8.5,0,0
n_1000.mp4,0.3331,0.0,6.61,8.73,0,0
n_1000.mp4,0.3402,0.0188,6.72,9.08,0,0
n_1000.mp4,0.3413,0.0,6.49,8.93,0,0
n_1000.mp4,0.3449,0.0,5.81,8.62,0,0
n_1000.mp4,0.338,0.0133,6.42,8.91,0,0
n_1000.mp4,0.349,0.0,6.16,9.12,0,0
n_1000.mp4,0.3444,0.0,6.2,8.61,0,0
n_1000.mp4,0.3536,0.0,5.8,8.69,0,0
n_1000.mp4,0.3657,0.0,5.91,8.97,0,0
n_1000.mp4,0.3362,0.0134,5.61,8.43,0,0
n_1000.mp4,0.3497,0.0,6.31,8.71,0,0
n_1000.mp4,0.3367,0.0132,6.32,8.87,0,0
n_1000.mp4,0.3354,0.0,6.88,8.62,0,0
n_1000.mp4,0.3594,0.0,6.98,8.5,0,0
n_1000.mp4,0.3401,0.0132,6.39,8.64,0,0
n_1000.mp4,0.3272,0.0,6.78,8.93,0,0
n_1000.mp4,0.3463,0.0,6.64,9.66,0,0
n_1000.mp4,0.3428,0.0192,7.24,10.1,0,0
n_1000.mp4,0.3608,0.0141,7.81,11.15,0,0
n_1000.mp4,0.3994,0.0,8.18,13.5,0,0
n_1000.mp4,0.3872,0.0,9.08,14.13,0,0
n_1000.mp4,0.3695,0.0155,7.93,14.43,0,0
n_1000.mp4,0.1461,0.0152,7.24,14.21,0,0
n_1000.mp4,0.2074,0.0,7.76,13.93,0,0
n_1000.mp4,0.33,0.0145,8.07,13.37,0,0
n_1000.mp4,0.347,0.0144,7.3,12.65,0,0
n_1000.mp4,0.3517,0.0142,6.75,11.96,0,0
n_1000.mp4,0.3556,0.0142,6.78,11.6,0,0
n_1000.mp4,0.3915,0.0,7.37,10.58,0,0
n_1000.mp4,0.3816,0.0127,7.92,8.52,0,0
n_1000.mp4,0.3569,0.0127,7.94,6.46,0,0
n_1000.mp4,0.3357,0.012,7.73,4.85,0,0
n_1000.mp4,0.3521,0.0,7.07,4.2,0,0
n_1000.mp4,0.3483,0.0,7.32,3.26,0,0
n_1000.mp4,0.3143,0.0,6.77,2.53,0,0
n_1000.mp4,0.3338,0.0,6.51,1.56,0,0
n_1000.mp4,0.3375,0.0,6.54,1.35,0,0
n_1000.mp4,0.3142,0.0,6.68,1.0,0,0
n_1000.mp4,0.3504,0.0,5.98,0.47,0,0
n_1000.mp4,0.3281,0.0,6.18,0.53,0,0
n_1000.mp4,0.3337,0.0118,6.17,0.27,0,0
n_1000.mp4,0.1651,0.0115,5.95,-2.01,0,0
n_1000.mp4,0.2828,0.0116,5.18,-4.79,1,0
n_1000.mp4,0.3104,0.0,4.4,-7.13,0,0
n_1000.mp4,0.3357,0.0,4.32,-8.51,0,0
n_1000.mp4,0.3606,0.0,3.94,-9.11,0,0
n_1000.mp4,0.3453,0.0,3.81,-9.41,0,0
n_1000.mp4,0.3435,0.0,3.39,-9.13,0,0
n_1000.mp4,0.3564,0.0,3.15,-8.74,0,0
n_1000.mp4,0.2924,0.0,2.5,-7.53,0,0
n_1000.mp4,0.0788,0.0,3.02,-5.95,0,0
n_1000.mp4,0.1563,0.0,3.08,-3.48,0,0
n_1000.mp4,0.2702,0.0,3.21,-1.07,0,0
n_1000.mp4,0.2835,0.017,4.11,0.61,0,0
n_1000.mp4,0.2955,0.012,4.78,2.03,0,0
n_1000.mp4,0.3007,0.012,5.71,3.29,0,0
n_1000.mp4,0.3017,0.0,5.71,3.65,0,0
n_1000.mp4,0.3094,0.0,5.55,4.49,0,0
n_1000.mp4,0.333,0.0,6.13,5.16,0,0
n_1000.mp4,0.3355,0.0126,6.17,5.59,0,0
n_1000.mp4,0.3397,0.0125,6.65,5.8,0,0
n_1000.mp4,0.3373,0.0,6.6,5.65,0,0
n_1000.mp4,0.3411,0.0178,6.79,5.57,0,0
n_1000.mp4,0.3397,0.0,6.58,5.5,0,0
n_1000.mp4,0.3294,0.0,6.65,5.15,0,0
n_1000.mp4,0.3171,0.0126,6.47,5.09,0,0
n_1000.mp4,0.3163,0.0123,6.82,5.27,0,0
n_1000.mp4,0.336,0.0122,6.28,4.75,0,0
n_1000.mp4,0.341,0.0,6.12,4.66,0,0
n_1000.mp4,0.3309,0.0,6.11,5.11,0,0
n_1000.mp4,0.3209,0.0,6.27,4.91,0,0
n_1000.mp4,0.3357,0.0,5.87,4.77,0,0
n_1000.mp4,0.3353,0.0,6.15,5.15,0,0
n_1000.mp4,0.3503,0.0125,6.34,4.76,0,0
n_1000.mp4,0.3352,0.0123,6.29,5.52,0,0
n_1000.mp4,0.3287,0.0127,6.82,6.44,0,0
n_1000.mp4,0.3525,0.0128,7.14,7.49,0,0
n_1000.mp4,0.3642,0.0183,7.33,8.52,0,0
n_1000.mp4,0.3189,0.0129,8.42,9.08,0,0
n_1000.mp4,0.3476,0.0,8.41,9.69,0,0
n_1000.mp4,0.3239,0.0129,7.64,9.52,0,0
n_1000.mp4,0.3464,0.0132,7.75,9.54,0,0
n_1000.mp4,0.3558,0.0134,7.64,9.53,0,0
n_1000.mp4,0.3359,0.0135,8.08,9.37,0,0
n_1000.mp4,0.3491,0.0,7.98,9.23,0,0
n_1000.mp4,0.3448,0.0,7.74,8.83,0,0
n_1000.mp4,0.3432,0.013,7.66,8.48,0,0
n_1000.mp4,0.3371,0.0181,8.01,8.22,0,0
n_1000.mp4,0.3222,0.0131,7.56,8.18,0,0
n_1000.mp4,0.3112,0.0,7.67,7.54,0,0
n_1000.mp4,0.3327,0.013,7.26,6.9,0,0
n_1000.mp4,0.3342,0.0186,7.41,6.97,0,0
n_1000.mp4,0.3282,0.0181,7.15,6.68,0,0
n_1000.mp4,0.3088,0.0,7.05,6.53,0,0
n_1000.mp4,0.3362,0.0,7.18,6.49,0,0
n_1000.mp4,0.3297,0.0173,7.15,6.51,0,0
n_1000.mp4,0.3129,0.0123,6.72,6.55,0,0
n_1000.mp4,0.3265,0.0127,6.65,6.76,0,0
n_1000.mp4,0.2888,0.0127,7.47,6.75,0,0
n_1000.mp4,0.2802,0.0129,7.51,7.0,0,0
n_1000.mp4,0.2662,0.0,7.63,7.3,0,0
n_1000.mp4,0.2821,0.0131,7.53,7.7,0,0
n_1000.mp4,0.2872,0.0126,7.8,7.84,0,0
n_1000.mp4,0.2759,0.0128,8.02,7.8,0,0
n_1003.mp4,0.3059,0.0129,6.81,7.05,0,0
n_1003.mp4,0.3077,0.0136,6.83,5.75,0,0
n_1003.mp4,0.2616,0.0,5.84,5.51,0,0
n_1003.mp4,0.2966,0.0,5.16,5.65,0,0
n_1003.mp4,0.3372,0.0,5.08,6.36,0,0
n_1003.mp4,0.3613,0.0,4.23,6.57,0,0
n_1003.mp4,0.3797,0.0532,3.68,3.75,0,0
n_1003.mp4,0.369,0.0186,5.36,-0.89,0,0
n_1003.mp4,0.3763,0.0,4.97,-3.83,0,0
n_1003.mp4,0.3755,0.0,5.56,-3.69,0,0
n_1003.mp4,0.372,0.0,5.54,-2.86,0,0
n_1003.mp4,0.2657,0.0,6.21,-1.93,0,0
n_1003.mp4,0.2812,0.0,6.18,1.12,0,0
n_1003.mp4,0.2968,0.0122,5.09,3.55,0,0
n_1003.mp4,0.2249,0.0,4.21,4.86,0,0
n_1003.mp4,0.3339,0.0129,3.7,6.17,0,0
n_1003.mp4,0.349,0.0,3.66,6.89,0,0
n_1003.mp4,0.3379,0.0133,3.35,6.32,0,0
n_1003.mp4,0.3423,0.0374,4.47,1.31,0,0
n_1003.mp4,0.3494,0.0,4.64,-1.0,0,0
n_1003.mp4,0.3607,0.0,4.72,-1.52,0,0
n_1003.mp4,0.2601,0.0,5.62,-0.45,0,0
n_1003.mp4,0.1689,0.0,6.63,2.83,0,0
n_1003.mp4,0.2959,0.0125,7.69,5.77,0,0
n_1003.mp4,0.324,0.0,7.17,6.37,0,0
n_1003.mp4,0.308,0.0,6.47,5.77,0,0
n_1003.mp4,0.3255,0.0,6.22,4.76,0,0
n_1003.mp4,0.3154,0.0,8.0,4.08,0,0
n_1003.mp4,0.2449,0.0,8.58,3.83,0,0
n_1003.mp4,0.2536,0.0,7.83,3.29,0,0
n_1003.mp4,0.2419,0.0119,6.68,2.87,0,0
n_1003.mp4,0.2298,0.0127,7.31,4.88,0,0
n_1003.mp4,0.2999,0.0129,6.82,4.94,0,0
n_1003.mp4,0.3008,0.0,7.08,5.03,0,0
n_1003.mp4,0.3008,0.0125,7.35,5.24,0,0
n_1003.mp4,0.315,0.0,7.72,5.44,0,0
n_1003.mp4,0.3332,0.0,8.1,5.61,0,0
n_1003.mp4,0.3236,0.0,8.37,5.98,0,0
n_1003.mp4,0.3373,0.0,8.6,5.82,0,0
n_1003.mp4,0.3212,0.0121,7.91,5.23,0,0
n_1003.mp4,0.3103,0.0123,7.94,5.12,0,0
n_1003.mp4,0.2987,0.0,7.16,5.25,0,0
n_1003.mp4,0.2969,0.0,7.19,5.06,0,0
n_1003.mp4,0.3306,0.0117,7.32,4.63,0,0
n_1003.mp4,0.3291,0.0123,6.54,4.37,0,0
n_1003.mp4,0.339,0.0,6.65,4.35,0,0
n_1003.mp4,0.3257,0.0,6.6,3.96,0,0
n_1003.mp4,0.3189,0.0,7.18,5.43,0,0
n_1003.mp4,0.3114,0.0119,8.33,6.39,0,0
n_1003.mp4,0.3279,0.0,8.22,6.39,0,0
n_1003.mp4,0.344,0.0,7.54,6.39,0,0
n_1003.mp4,0.3206,0.0168,7.83,6.28,0,0
n_1003.mp4,0.3076,0.0166,7.96,6.06,0,0
n_1003.mp4,0.3217,0.0122,8.19,6.49,0,0
n_1003.mp4,0.3245,0.0,7.61,7.14,0,0
n_1003.mp4,0.3272,0.0123,8.67,6.57,0,0
n_1003.mp4,0.3326,0.0122,9.06,6.71,0,0
n_1003.mp4,0.3299,0.0123,8.98,6.71,0,0
n_1003.mp4,0.3314,0.0,9.17,6.25,0,0
n_1003.mp4,0.3308,0.0,8.32,5.17,0,0
n_1003.mp4,0.3336,0.012,7.02,4.13,0,0
n_1003.mp4,0.316,0.0117,8.04,3.66,0,0
n_1003.mp4,0.3289,0.0174,8.47,4.41,0,0
n_1003.mp4,0.3269,0.0125,8.23,4.89,0,0
n_1003.mp4,0.3181,0.0,8.19,5.31,0,0
n_1003.mp4,0.3156,0.0174,8.16,6.36,0,0
n_1003.mp4,0.3301,0.012,8.87,5.75,0,0
n_1003.mp4,0.3342,0.0,8.18,6.0,0,0
n_1003.mp4,0.3178,0.0,7.81,6.58,0,0
n_1003.mp4,0.3168,0.0174,7.33,5.86,0,0
n_1003.mp4,0.2988,0.0126,6.97,5.4,0,0
n_1003.mp4,0.3227,0.0127,5.65,4.29,0,0
n_1003.mp4,0.3008,0.0122,5.29,3.8,0,0
n_1003.mp4,0.3159,0.0,5.08,3.24,0,0
n_1003.mp4,0.3141,0.0121,4.95,3.75,0,0
n_1003.mp4,0.3063,0.0,5.34,4.29,0,0
n_1003.mp4,0.3262,0.0,5.22,5.38,0,0
n_1003.mp4,0.3216,0.0,5.28,6.1,0,0
n_1003.mp4,0.3078,0.013,6.28,7.57,0,0
n_1003.mp4,0.3245,0.0,6.93,8.89,0,0
n_1003.mp4,0.3322,0.0156,6.99,12.84,0,0
n_1003.mp4,0.3918,0.0182,5.4,17.84,0,0
n_1003.mp4,0.3392,0.0,6.03,18.11,0,0
n_1003.mp4,0.3059,0.0,7.81,15.19,0,0
n_1003.mp4,0.2975,0.0137,7.26,10.37,0,0
n_1003.mp4,0.3225,0.0,6.9,8.18,0,0
n_1003.mp4,0.3237,0.0128,6.73,7.85,0,0
n_1003.mp4,0.3447,0.0132,7.05,8.38,0,0
n_1003.mp4,0.3243,0.0133,7.42,8.39,0,0
n_1003.mp4,0.3188,0.0133,7.15,8.75,0,0
n_1003.mp4,0.3508,0.0132,6.84,8.88,0,0
n_1003.mp4,0.3344,0.013,6.53,8.59,0,0
n_1003.mp4,0.3209,0.0133,6.97,9.53,0,0
n_1003.mp4,0.3478,0.0,6.6,9.66,0,0
n_1003.mp4,0.3745,0.0,6.35,9.37,0,0
n_1003.mp4,0.3559,0.0135,5.77,9.21,0,0
n_1003.mp4,0.3312,0.0135,6.04,9.01,0,0
n_1003.mp4,0.3536,0.013,6.03,8.65,0,0
n_1003.mp4,0.3137,0.0129,4.57,6.93,0,0
n_1004.mp4,0.3628,0.0122,6.83,5.94,0,0
n_1004.mp4,0.3245,0.013,7.91,6.47,0,0
n_1004.mp4,0.3132,0.0123,7.64,6.07,0,0
n_1004.mp4,0.313,0.0122,7.87,6.72,0,0
n_1004.mp4,0.3284,0.0,7.85,6.76,0,0
n_1004.mp4,0.3116,0.0,8.09,6.43,0,0
n_1004.mp4,0.3312,0.0122,9.17,6.68,0,0
n_1004.mp4,0.3087,0.012,9.2,6.24,0,0
n_1004.mp4,0.315,0.0,8.85,5.85,0,0
n_1004.mp4,0.3219,0.0,7.32,4.56,0,0
n_1004.mp4,0.3444,0.0,7.88,3.91,0,0
n_1004.mp4,0.3305,0.0121,8.48,4.18,0,0
n_1004.mp4,0.3337,0.0,7.96,4.9,0,0
n_1004.mp4,0.3175,0.012,7.85,5.05,0,0
n_1004.mp4,0.3088,0.0,8.5,6.12,0,0
n_1004.mp4,0.3104,0.0125,8.27,6.46,0,0
n_1004.mp4,0.3381,0.0172,8.23,6.07,0,0
n_1004.mp4,0.2899,0.0,8.1,6.41,0,0
n_1004.mp4,0.3222,0.0123,8.01,6.03,0,0
n_1004.mp4,0.3117,0.0125,7.05,5.5,0,0
n_1004.mp4,0.313,0.0,6.15,4.9,0,0
n_1004.mp4,0.3283,0.0,5.66,3.94,0,0
n_1004.mp4,0.3165,0.0177,5.13,3.23,0,0
n_1004.mp4,0.3132,0.0124,5.67,3.28,0,0
n_1004.mp4,0.3229,0.0124,4.63,3.94,0,0
n_1004.mp4,0.3114,0.0129,5.2,4.71,0,0
n_1004.mp4,0.3261,0.0126,6.07,5.84,0,0
n_1004.mp4,0.3331,0.0,5.81,6.67,0,0
n_1004.mp4,0.3359,0.0193,6.09,8.17,0,0
n_1004.mp4,0.3235,0.0141,7.15,10.4,0,0
n_1004.mp4,0.3943,0.0,5.76,15.6,0,0
n_1004.mp4,0.3843,0.0,5.69,18.03,0,0
n_1004.mp4,0.213,0.0,8.06,16.65,0,0
n_1004.mp4,0.3369,0.0,7.62,12.35,0,0
n_1004.mp4,0.3334,0.0188,6.65,9.19,0,0
n_1004.mp4,0.3287,0.0131,7.27,7.99,0,0
n_1004.mp4,0.3266,0.0129,6.66,7.93,0,0
n_1004.mp4,0.3193,0.0133,7.42,8.13,0,0
n_1004.mp4,0.3329,0.0131,7.22,8.47,0,0
n_1004.mp4,0.3469,0.0133,6.81,8.99,0,0
n_1004.mp4,0.3376,0.0188,6.7,8.66,0,0
n_1004.mp4,0.3485,0.0,7.34,9.39,0,0
n_1004.mp4,0.3123,0.0137,7.06,10.02,0,0
n_1004.mp4,0.3659,0.0137,6.86,9.88,0,0
n_1004.mp4,0.3538,0.0,6.27,9.37,0,0
n_1004.mp4,0.3126,0.0,5.95,9.39,0,0
n_1004.mp4,0.2983,0.0133,6.28,9.26,0,0
n_1004.mp4,0.3109,0.0,5.86,8.4,0,0
n_1004.mp4,0.3276,0.0,4.58,6.78,0,0
n_1004.mp4,0.3346,0.0,5.54,6.17,0,0
n_1004.mp4,0.3328,0.0129,6.39,6.56,0,0
n_1004.mp4,0.3481,0.0,6.53,7.1,0,0
n_1004.mp4,0.3136,0.012,6.13,7.4,0,0
n_1004.mp4,0.326,0.0,6.26,7.37,0,0
n_1004.mp4,0.3675,0.0122,5.91,7.08,0,0
n_1004.mp4,0.3672,0.0123,6.73,7.48,0,0
n_1004.mp4,0.3617,0.0125,6.8,8.45,0,0
n_1004.mp4,0.3356,0.0125,6.12,8.41,0,0
n_1004.mp4,0.3385,0.0,6.15,8.25,0,0
n_1004.mp4,0.3264,0.0128,6.16,7.61,0,0
n_1004.mp4,0.3768,0.0126,7.07,8.16,0,0
n_1004.mp4,0.3469,0.0,7.7,8.4,0,0
n_1004.mp4,0.3708,0.0137,7.46,7.78,0,0
n_1004.mp4,0.3582,0.0,6.67,8.17,0,0
n_1004.mp4,0.338,0.0133,8.19,8.65,0,0
n_1004.mp4,0.3581,0.0129,8.1,7.9,0,0
n_1004.mp4,0.3441,0.0,8.7,9.21,0,0
n_1004.mp4,0.3615,0.013,7.82,9.72,0,0
n_1004.mp4,0.3563,0.0,7.18,9.16,0,0
n_1004.mp4,0.3535,0.0131,7.59,8.65,0,0
n_1004.mp4,0.3441,0.0,7.28,8.48,0,0
n_1004.mp4,0.3505,0.0,7.78,8.85,0,0
n_1004.mp4,0.3617,0.0137,7.93,10.09,0,0
n_1004.mp4,0.3677,0.0168,8.01,14.37,0,0
n_1004.mp4,0.3946,0.0,8.22,15.64,0,0
n_1004.mp4,0.3718,0.0,8.64,15.56,0,0
n_1004.mp4,0.3288,0.0,7.83,12.9,0,0
n_1004.mp4,0.3136,0.0133,7.01,10.07,0,0
n_1004.mp4,0.3571,0.0134,5.65,8.65,0,0
n_1004.mp4,0.3564,0.0,6.03,7.72,0,0
n_1004.mp4,0.3658,0.0,7.01,7.93,0,0
n_1004.mp4,0.3397,0.0,6.87,7.68,0,0
n_1004.mp4,0.3627,0.0131,6.91,8.13,0,0
n_1004.mp4,0.3469,0.0129,6.45,7.72,0,0
n_1004.mp4,0.3443,0.0,6.66,7.66,0,0
n_1004.mp4,0.3368,0.0,6.81,7.98,0,0
n_1004.mp4,0.3489,0.0,7.21,8.78,0,0
n_1004.mp4,0.2836,0.0133,7.61,7.96,0,0
n_1004.mp4,0.2982,0.0,7.43,8.65,0,0
n_1004.mp4,0.1885,0.0,7.65,9.15,0,0
n_1004.mp4,0.3163,0.0,7.47,9.31,0,0
n_1004.mp4,0.3252,0.0,7.33,9.41,0,0
n_1004.mp4,0.3485,0.0,7.92,10.1,0,0
n_1004.mp4,0.3306,0.0139,8.01,10.17,0,0
n_1004.mp4,0.3763,0.0,8.17,10.24,0,0
n_1004.mp4,0.3684,0.0135,8.05,10.68,0,0
n_1004.mp4,0.385,0.0154,8.88,13.91,0,0
n_1004.mp4,0.4351,0.0,7.46,18.07,0,0
n_1004.mp4,0.3911,0.0,8.02,16.81,0,0
n_1006.mp4,0.3876,0.0136,6.57,10.5,0,0
n_1006.mp4,0.3753,0.0139,8.1,11.09,0,0
n_1006.mp4,0.3623,0.0139,9.89,10.86,0,0
n_1006.mp4,0.3939,0.0139,10.63,10.76,0,0
n_1006.mp4,0.3759,0.0,10.55,10.94,0,0
n_1006.mp4,0.3907,0.0147,11.53,11.14,0,0
n_1006.mp4,0.3504,0.0,10.96,11.61,0,0
n_1006.mp4,0.363,0.0,10.38,11.52,0,0
n_1006.mp4,0.3605,0.0,10.22,11.54,0,0
n_1006.mp4,0.3615,0.0143,10.66,11.92,0,0
n_1006.mp4,0.3834,0.0199,11.92,12.01,0,0
n_1006.mp4,0.3582,0.0143,11.35,12.07,0,0
n_1006.mp4,0.3545,0.0143,12.1,12.76,0,0
n_1006.mp4,0.365,0.0,12.58,12.59,0,0
n_1006.mp4,0.3503,0.0208,11.72,12.9,0,0
n_1006.mp4,0.3748,0.0139,12.63,11.45,0,0
n_1006.mp4,0.3545,0.0145,11.62,12.46,0,0
n_1006.mp4,0.3619,0.0145,12.21,12.77,0,0
n_1006.mp4,0.3525,0.0145,11.85,13.24,0,0
n_1006.mp4,0.374,0.0143,10.67,13.49,0,0
n_1006.mp4,0.3671,0.0,10.19,13.59,0,0
n_1006.mp4,0.3982,0.0137,11.43,12.71,0,0
n_1006.mp4,0.2969,0.0137,10.15,12.42,0,0
n_1006.mp4,0.3604,0.0,9.81,12.86,0,0
n_1006.mp4,0.3328,0.0137,8.33,13.15,0,0
n_1006.mp4,0.3454,0.0,8.03,13.44,0,0
n_1006.mp4,0.3742,0.0191,8.24,13.75,0,0
n_1006.mp4,0.3524,0.0141,8.44,13.66,0,0
n_1006.mp4,0.3531,0.0137,9.5,13.29,0,0
n_1006.mp4,0.3508,0.0143,8.16,13.4,0,0
n_1006.mp4,0.3506,0.0,8.97,12.73,0,0
n_1006.mp4,0.3605,0.0139,7.78,12.81,0,0
n_1006.mp4,0.3572,0.0,7.53,12.5,0,0
n_1006.mp4,0.3762,0.0,8.17,12.46,0,0
n_1006.mp4,0.3457,0.0,8.5,12.64,0,0
n_1006.mp4,0.3629,0.0137,8.64,12.13,0,0
n_1006.mp4,0.4049,0.0139,7.8,11.91,0,0
n_1006.mp4,0.4081,0.0,8.01,11.18,0,0
n_1006.mp4,0.412,0.0,9.07,10.49,0,0
n_1006.mp4,0.4,0.0,9.17,10.69,0,0
n_1006.mp4,0.3811,0.0,8.21,11.16,0,0
n_1006.mp4,0.3836,0.0143,8.59,10.81,0,0
n_1006.mp4,0.3697,0.0,8.91,11.3,0,0
n_1006.mp4,0.3853,0.0141,8.57,10.78,0,0
n_1006.mp4,0.3821,0.0,7.59,10.81,0,0
n_1006.mp4,0.3731,0.0,7.65,11.01,0,0
n_1006.mp4,0.3791,0.0,7.71,10.64,0,0
n_1006.mp4,0.3795,0.0,6.84,10.37,0,0
n_1006.mp4,0.3819,0.0192,5.78,9.18,0,0
n_1006.mp4,0.3892,0.0138,6.7,8.34,0,0
n_1006.mp4,0.376,0.0145,7.58,8.54,0,0
n_1006.mp4,0.3958,0.0,7.58,9.51,0,0
n_1006.mp4,0.3457,0.0149,6.7,9.25,0,0
n_1006.mp4,0.2443,0.0,6.04,7.37,0,0
n_1006.mp4,0.3372,0.0143,4.27,-5.3,0,0
n_1006.mp4,0.3699,0.0,3.71,-7.89,0,0
n_1006.mp4,0.2659,0.0,2.11,-6.64,0,0
n_1006.mp4,0.3005,0.0,2.78,0.9,0,0
n_1006.mp4,0.2902,0.0,2.9,2.72,0,0
n_1006.mp4,0.3241,0.0,4.2,3.61,0,0
n_1006.mp4,0.3358,0.0168,5.81,1.51,0,0
n_1006.mp4,0.348,0.0,7.98,0.44,0,0
n_1006.mp4,0.3552,0.0,8.14,0.69,0,0
n_1006.mp4,0.3669,0.0166,7.93,1.45,0,0
n_1006.mp4,0.2366,0.012,8.27,5.17,0,0
n_1006.mp4,0.3222,0.0126,6.36,6.19,0,0
n_1006.mp4,0.3226,0.0124,6.34,6.12,0,0
n_1006.mp4,0.3202,0.0124,6.82,6.06,0,0
n_1006.mp4,0.3301,0.0175,7.49,6.28,0,0
n_1006.mp4,0.3282,0.0123,7.81,6.31,0,0
n_1006.mp4,0.3495,0.0122,7.47,6.21,0,0
n_1006.mp4,0.3401,0.0119,7.62,5.3,0,0
n_1006.mp4,0.3563,0.0127,6.56,4.88,0,0
n_1006.mp4,0.341,0.0124,7.23,5.66,0,0
n_1006.mp4,0.3418,0.0131,7.42,6.95,0,0
n_1006.mp4,0.329,0.0,7.13,7.72,0,0
n_1006.mp4,0.3418,0.0128,7.46,7.87,0,0
n_1006.mp4,0.3485,0.0125,8.86,7.9,0,0
n_1006.mp4,0.3635,0.0128,11.12,8.07,0,0
n_1006.mp4,0.341,0.0188,13.49,8.16,0,0
n_1006.mp4,0.3319,0.0,13.11,8.2,0,0
n_1006.mp4,0.3428,0.0,13.41,8.37,0,0
n_1006.mp4,0.3349,0.0,13.86,8.08,0,0
n_1006.mp4,0.3255,0.0,13.16,7.65,0,0
n_1006.mp4,0.3475,0.0,12.91,7.54,0,0
n_1006.mp4,0.3555,0.0,12.5,7.4,0,0
n_1006.mp4,0.3365,0.0137,11.16,7.32,0,0
n_1006.mp4,0.3254,0.014,9.25,6.68,0,0
n_1006.mp4,0.3316,0.0195,9.69,6.64,0,0
n_1006.mp4,0.2553,0.013,9.34,5.69,0,0
n_1006.mp4,0.3289,0.0136,9.81,5.15,0,0
n_1006.mp4,0.3133,0.0126,10.03,5.46,0,0
n_1006.mp4,0.3318,0.0,9.85,4.69,0,0
n_1006.mp4,0.3259,0.0,10.14,4.13,0,0
n_1006.mp4,0.3247,0.0,10.26,4.27,0,0
n_1006.mp4,0.3298,0.0124,10.44,5.06,0,0
n_1006.mp4,0.3203,0.0,11.12,5.6,0,0
n_1006.mp4,0.3179,0.0,10.54,5.71,0,0
n_1006.mp4,0.3007,0.0,10.8,5.71,0,0
n_1005.mp4,0.3909,0.02,5.78,5.94,0,0
n_1005.mp4,0.3311,0.0131,6.37,7.77,0,0
n_1005.mp4,0.3507,0.0119,5.96,7.3,0,0
n_1005.mp4,0.3483,0.0,5.99,7.0,0,0
n_1005.mp4,0.3682,0.012,6.4,7.19,0,0
n_1005.mp4,0.3472,0.0123,6.82,8.19,0,0
n_1005.mp4,0.3501,0.0127,6.42,8.75,0,0
n_1005.mp4,0.3371,0.0125,6.34,8.19,0,0
n_1005.mp4,0.3403,0.012,6.26,7.77,0,0
n_1005.mp4,0.3284,0.0128,6.7,7.51,0,0
n_1005.mp4,0.3645,0.0131,6.98,8.13,0,0
n_1005.mp4,0.3595,0.0,7.3,8.18,0,0
n_1005.mp4,0.3635,0.0269,6.93,7.79,0,0
n_1005.mp4,0.324,0.0,7.51,8.47,0,0
n_1005.mp4,0.355,0.0,7.82,7.84,0,0
n_1005.mp4,0.3885,0.0,8.36,8.57,0,0
n_1005.mp4,0.3626,0.0,8.22,9.55,0,0
n_1005.mp4,0.3086,0.0,7.48,9.24,0,0
n_1005.mp4,0.3381,0.0131,7.41,8.69,0,0
n_1005.mp4,0.3399,0.0,7.74,8.75,0,0
n_1005.mp4,0.351,0.0131,7.24,8.57,0,0
n_1005.mp4,0.3451,0.0,7.88,9.55,0,0
n_1005.mp4,0.3457,0.0,8.88,12.45,0,0
n_1005.mp4,0.4343,0.0,6.9,15.11,0,0
n_1005.mp4,0.3936,0.0,8.21,15.58,0,0
n_1005.mp4,0.1978,0.0154,7.49,14.46,0,0
n_1005.mp4,0.3392,0.0,6.89,11.62,0,0
n_1005.mp4,0.3392,0.0,5.77,9.18,0,0
n_1005.mp4,0.3527,0.0132,5.6,8.18,0,0
n_1005.mp4,0.3561,0.0,6.22,7.67,0,0
n_1005.mp4,0.3561,0.013,6.49,7.97,0,0
n_1005.mp4,0.3406,0.0,6.42,7.97,0,0
n_1005.mp4,0.3251,0.0129,6.77,8.15,0,0
n_1005.mp4,0.3499,0.0129,6.63,7.7,0,0
n_1005.mp4,0.3363,0.0131,6.85,7.99,0,0
n_1005.mp4,0.3367,0.0,7.09,8.35,0,0
n_1005.mp4,0.2841,0.0133,7.29,8.37,0,0
n_1005.mp4,0.2974,0.0133,7.13,8.23,0,0
n_1005.mp4,0.2903,0.0135,8.52,8.79,0,0
n_1005.mp4,0.2132,0.013,8.35,9.45,0,0
n_1005.mp4,0.3096,0.0,7.61,9.49,0,0
n_1005.mp4,0.3195,0.0135,7.79,9.71,0,0
n_1005.mp4,0.3481,0.0,7.72,10.4,0,0
n_1005.mp4,0.3612,0.0,8.15,10.37,0,0
n_1005.mp4,0.3541,0.0135,7.94,10.27,0,0
n_1005.mp4,0.3819,0.0,8.8,11.58,0,0
n_1005.mp4,0.4348,0.0,8.37,16.78,0,0
n_1005.mp4,0.4013,0.0,7.02,17.98,0,0
n_1005.mp4,0.4125,0.0147,7.04,14.29,0,0
n_1005.mp4,0.3669,0.0145,7.49,12.19,0,0
n_1005.mp4,0.3462,0.0,7.75,11.33,0,0
n_1005.mp4,0.3668,0.0,8.6,10.87,0,0
n_1005.mp4,0.3692,0.0,9.56,10.88,0,0
n_1005.mp4,0.3853,0.0,9.8,10.69,0,0
n_1005.mp4,0.3496,0.0139,10.04,11.11,0,0
n_1005.mp4,0.3734,0.0,11.34,11.62,0,0
n_1005.mp4,0.378,0.0141,11.24,11.62,0,0
n_1005.mp4,0.349,0.0143,11.21,11.8,0,0
n_1005.mp4,0.3357,0.0,10.56,11.66,0,0
n_1005.mp4,0.3424,0.0,10.21,11.86,0,0
n_1005.mp4,0.3838,0.0139,11.12,12.28,0,0
n_1005.mp4,0.3528,0.0,10.81,12.07,0,0
n_1005.mp4,0.3547,0.0,11.66,12.31,0,0
n_1005.mp4,0.3588,0.0,12.65,12.75,0,0
n_1005.mp4,0.3675,0.0143,12.3,12.98,0,0
n_1005.mp4,0.376,0.0139,12.64,11.68,0,0
n_1005.mp4,0.3344,0.0,11.53,12.22,0,0
n_1005.mp4,0.3459,0.0145,12.43,12.97,0,0
n_1005.mp4,0.3664,0.0145,12.81,13.38,0,0
n_1005.mp4,0.3662,0.0145,11.32,13.36,0,0
n_1005.mp4,0.3631,0.0139,10.69,13.23,0,0
n_1005.mp4,0.3715,0.0141,11.56,13.01,0,0
n_1005.mp4,0.306,0.0143,10.32,12.42,0,0
n_1005.mp4,0.3441,0.0137,9.82,12.58,0,0
n_1005.mp4,0.3602,0.014,8.88,13.63,0,0
n_1005.mp4,0.3479,0.0143,8.46,13.84,0,0
n_1005.mp4,0.3353,0.0,7.65,13.78,0,0
n_1005.mp4,0.3557,0.0139,8.73,13.44,0,0
n_1005.mp4,0.3598,0.0,9.13,13.94,0,0
n_1005.mp4,0.3713,0.0139,9.18,13.26,0,0
n_1005.mp4,0.3802,0.0139,9.15,12.37,0,0
n_1005.mp4,0.3742,0.0137,8.03,12.86,0,0
n_1005.mp4,0.3443,0.0139,7.69,12.58,0,0
n_1005.mp4,0.3809,0.0,7.55,12.61,0,0
n_1005.mp4,0.3491,0.0139,8.67,12.61,0,0
n_1005.mp4,0.3619,0.0139,8.58,12.45,0,0
n_1005.mp4,0.3659,0.0139,7.91,11.71,0,0
n_1005.mp4,0.3634,0.0137,8.23,11.78,0,0
n_1005.mp4,0.4284,0.0,8.35,10.29,0,0
n_1005.mp4,0.4147,0.0139,8.32,10.52,0,0
n_1005.mp4,0.3733,0.0,9.23,11.44,0,0
n_1005.mp4,0.3872,0.0139,9.58,10.94,0,0
n_1005.mp4,0.3861,0.0141,10.34,10.86,0,0
n_1005.mp4,0.3739,0.0,8.42,10.8,0,0
n_1005.mp4,0.3544,0.0,7.47,10.68,0,0
n_1005.mp4,0.3617,0.0135,7.58,10.97,0,0
n_1005.mp4,0.3683,0.0,6.9,10.73,0,0
n_1005.mp4,0.4079,0.0,6.8,10.54,0,0
n_1005.mp4,0.3722,0.0138,6.16,9.78,0,0
n_1007.mp4,0.4014,0.0,7.09,8.36,0,0
n_1007.mp4,0.3568,0.0,7.18,9.9,0,0
n_1007.mp4,0.3569,0.0143,6.85,9.22,0,0
n_1007.mp4,0.2107,0.0,6.51,1.29,0,0
n_1007.mp4,0.3493,0.0,3.57,-7.85,0,0
n_1007.mp4,0.3759,0.0141,3.04,-8.32,0,0
n_1007.mp4,0.1488,0.0,2.3,-1.92,0,0
n_1007.mp4,0.3163,0.0,2.99,1.92,0,0
n_1007.mp4,0.3279,0.0,3.53,3.05,0,0
n_1007.mp4,0.3168,0.0,3.7,3.07,0,0
n_1007.mp4,0.356,0.0,6.93,0.57,0,0
n_1007.mp4,0.3491,0.0113,7.84,0.3,0,0
n_1007.mp4,0.3396,0.0,8.01,0.88,0,0
n_1007.mp4,0.2956,0.0119,7.72,3.16,0,0
n_1007.mp4,0.3024,0.0123,7.64,6.1,0,0
n_1007.mp4,0.3178,0.0123,6.61,6.14,0,0
n_1007.mp4,0.3349,0.0121,6.59,6.15,0,0
n_1007.mp4,0.3338,0.0121,7.14,6.0,0,0
n_1007.mp4,0.3319,0.0175,7.39,6.47,0,0
n_1007.mp4,0.3241,0.0123,7.45,6.26,0,0
n_1007.mp4,0.332,0.0122,7.55,5.86,0,0
n_1007.mp4,0.3352,0.0182,7.32,4.92,0,0
n_1007.mp4,0.3336,0.0125,7.29,5.23,0,0
n_1007.mp4,0.3283,0.0,7.25,6.28,0,0
n_1007.mp4,0.3307,0.0133,7.4,7.25,0,0
n_1007.mp4,0.341,0.0174,7.65,7.97,0,0
n_1007.mp4,0.326,0.0125,8.35,7.68,0,0
n_1007.mp4,0.3427,0.0126,9.62,8.03,0,0
n_1007.mp4,0.3633,0.0,11.54,8.01,0,0
n_1007.mp4,0.3179,0.0,12.75,8.44,0,0
n_1007.mp4,0.3406,0.0,13.35,7.96,0,0
n_1007.mp4,0.3471,0.0,13.38,7.65,0,0
n_1007.mp4,0.3437,0.0,13.25,8.43,0,0
n_1007.mp4,0.3319,0.0137,13.55,7.78,0,0
n_1007.mp4,0.3461,0.0,13.03,7.61,0,0
n_1007.mp4,0.3391,0.0,12.39,7.4,0,0
n_1007.mp4,0.3449,0.0187,9.93,6.78,0,0
n_1007.mp4,0.3231,0.0,9.22,6.85,0,0
n_1007.mp4,0.2916,0.014,9.4,6.24,0,0
n_1007.mp4,0.3046,0.0133,8.88,5.29,0,0
n_1007.mp4,0.3255,0.0131,10.11,5.04,0,0
n_1007.mp4,0.3366,0.0126,9.77,5.41,0,0
n_1007.mp4,0.3461,0.0123,9.91,4.28,0,0
n_1007.mp4,0.3049,0.0,9.87,4.22,0,0
n_1007.mp4,0.3312,0.0,10.71,4.67,0,0
n_1007.mp4,0.3413,0.0124,10.62,5.63,0,0
n_1007.mp4,0.3336,0.0125,10.37,5.78,0,0
n_1007.mp4,0.3495,0.0,10.68,5.75,0,0
n_1007.mp4,0.3012,0.0134,10.72,5.59,0,0
n_1007.mp4,0.3326,0.0,10.72,5.49,0,0
n_1007.mp4,0.3261,0.014,10.66,5.25,0,0
n_1007.mp4,0.3159,0.0,10.6,5.38,0,0
n_1007.mp4,0.325,0.0,10.73,5.6,0,0
n_1007.mp4,0.3404,0.0,11.2,5.45,0,0
n_1007.mp4,0.3413,0.0,10.25,5.78,0,0
n_1007.mp4,0.3144,0.0124,10.69,5.66,0,0
n_1007.mp4,0.3428,0.0127,11.02,5.96,0,0
n_1007.mp4,0.3335,0.0,10.92,5.76,0,0
n_1007.mp4,0.335,0.0125,11.11,5.77,0,0
n_1007.mp4,0.3411,0.0132,11.65,6.07,0,0
n_1007.mp4,0.3483,0.0,11.77,6.45,0,0
n_1007.mp4,0.3231,0.0,11.73,5.97,0,0
n_1007.mp4,0.3288,0.0124,11.99,5.95,0,0
n_1007.mp4,0.3207,0.0,11.5,6.83,0,0
n_1007.mp4,0.3319,0.0,11.85,6.36,0,0
n_1007.mp4,0.3229,0.0,11.66,6.67,0,0
n_1007.mp4,0.3297,0.0131,11.98,6.53,0,0
n_1007.mp4,0.3109,0.0125,11.5,6.69,0,0
n_1007.mp4,0.3341,0.0179,11.91,6.8,0,0
n_1007.mp4,0.3018,0.0,12.13,6.04,0,0
n_1007.mp4,0.3305,0.0133,12.04,5.92,0,0
n_1007.mp4,0.331,0.0133,11.29,5.24,0,0
n_1007.mp4,0.3395,0.0,10.81,5.43,0,0
n_1007.mp4,0.3284,0.0,11.72,5.4,0,0
n_1007.mp4,0.3388,0.0126,11.57,5.21,0,0
n_1007.mp4,0.3195,0.0127,11.25,5.12,0,0
n_1007.mp4,0.341,0.0,10.73,3.55,0,0
n_1007.mp4,0.3218,0.0,10.22,3.31,0,0
n_1007.mp4,0.3064,0.0,8.36,3.82,0,0
n_1007.mp4,0.3118,0.0,6.03,3.85,0,0
n_1007.mp4,0.2786,0.0128,5.71,4.29,0,0
n_1007.mp4,0.3271,0.0,5.33,4.73,0,0
n_1007.mp4,0.3257,0.0,5.54,4.75,0,0
n_1007.mp4,0.3348,0.0,6.13,4.67,0,0
n_1007.mp4,0.3103,0.0,6.69,4.82,0,0
n_1007.mp4,0.3182,0.0128,6.97,5.2,0,0
n_1007.mp4,0.3175,0.0126,7.39,6.13,0,0
n_1007.mp4,0.3368,0.0128,7.41,6.11,0,0
n_1007.mp4,0.3217,0.0,6.99,5.07,0,0
n_1007.mp4,0.3106,0.0135,7.43,4.86,0,0
n_1007.mp4,0.3095,0.0,7.41,4.15,0,0
n_1007.mp4,0.3481,0.0,7.28,3.52,0,0
n_1007.mp4,0.3369,0.0,7.04,3.4,0,0
n_1007.mp4,0.3119,0.0127,6.64,3.02,0,0
n_1007.mp4,0.328,0.0126,6.67,2.76,0,0
n_1007.mp4,0.3142,0.0542,5.82,2.35,0,0
n_1007.mp4,0.2969,0.0189,6.56,2.34,0,0
n_1007.mp4,0.3265,0.0,6.75,2.25,0,0
n_1007.mp4,0.2933,0.0,6.94,2.38,0,0
n_1008.mp4,0.3389,0.0284,11.31,3.62,0,0
n_1008.mp4,0.3259,0.014,11.87,5.87,0,0
n_1008.mp4,0.3229,0.0138,11.22,5.76,0,0
n_1008.mp4,0.3209,0.0,11.16,5.53,0,0
n_1008.mp4,0.3389,0.0,10.75,5.93,0,0
n_1008.mp4,0.339,0.0127,11.07,5.94,0,0
n_1008.mp4,0.3473,0.0125,10.99,5.75,0,0
n_1008.mp4,0.3224,0.0124,11.1,5.79,0,0
n_1008.mp4,0.3442,0.0179,10.83,5.77,0,0
n_1008.mp4,0.3273,0.0132,11.63,6.25,0,0
n_1008.mp4,0.3356,0.0,11.66,6.57,0,0
n_1008.mp4,0.3315,0.0,11.26,5.9,0,0
n_1008.mp4,0.312,0.0,11.22,6.37,0,0
n_1008.mp4,0.3377,0.0,12.09,6.69,0,0
n_1008.mp4,0.3355,0.0,11.57,6.52,0,0
n_1008.mp4,0.3211,0.0,11.77,6.83,0,0
n_1008.mp4,0.3462,0.0,12.33,6.67,0,0
n_1008.mp4,0.317,0.0129,11.56,6.86,0,0
n_1008.mp4,0.3358,0.0,12.09,6.44,0,0
n_1008.mp4,0.3093,0.0,12.14,6.2,0,0
n_1008.mp4,0.3251,0.0134,11.49,5.81,0,0
n_1008.mp4,0.3449,0.0132,11.71,5.4,0,0
n_1008.mp4,0.345,0.0,10.87,5.79,0,0
n_1008.mp4,0.3391,0.0129,11.9,5.18,0,0
n_1008.mp4,0.328,0.0,12.03,5.24,0,0
n_1008.mp4,0.3165,0.0129,10.64,4.5,0,0
n_1008.mp4,0.3078,0.0,10.85,3.26,0,0
n_1008.mp4,0.3214,0.0131,9.27,3.49,0,0
n_1008.mp4,0.3174,0.0,8.1,3.94,0,0
n_1008.mp4,0.3297,0.0,5.98,3.83,0,0
n_1008.mp4,0.3133,0.0129,5.29,4.35,0,0
n_1008.mp4,0.3326,0.0,5.22,4.6,0,0
n_1008.mp4,0.3238,0.0133,5.27,4.54,0,0
n_1008.mp4,0.3135,0.0126,6.69,4.42,0,0
n_1008.mp4,0.3026,0.0131,6.88,4.97,0,0
n_1008.mp4,0.2924,0.0,7.2,5.14,0,0
n_1008.mp4,0.3175,0.0,7.21,6.09,0,0
n_1008.mp4,0.2997,0.0183,7.61,5.59,0,0
n_1008.mp4,0.3308,0.0136,6.94,5.05,0,0
n_1008.mp4,0.2981,0.0,7.16,4.54,0,0
n_1008.mp4,0.3179,0.0,7.41,3.94,0,0
n_1008.mp4,0.3093,0.0,6.94,3.57,0,0
n_1008.mp4,0.3197,0.0,7.05,2.69,0,0
n_1008.mp4,0.3028,0.0,6.53,3.07,0,0
n_1008.mp4,0.3074,0.0,6.3,2.86,0,0
n_1008.mp4,0.3092,0.0274,5.82,2.29,0,0
n_1008.mp4,0.3113,0.0134,6.6,2.43,0,0
n_1008.mp4,0.3111,0.0121,6.86,2.34,0,0
n_1008.mp4,0.2934,0.0121,6.93,2.47,0,0
n_1008.mp4,0.3255,0.0,6.28,2.23,0,0
n_1008.mp4,0.3008,0.0,6.77,3.0,0,0
n_1008.mp4,0.3032,0.0,6.33,3.43,0,0
n_1008.mp4,0.3091,0.0,6.29,3.55,0,0
n_1008.mp4,0.3074,0.0,6.28,3.04,0,0
n_1008.mp4,0.2861,0.0,6.09,3.09,0,0
n_1008.mp4,0.2931,0.0,6.71,2.88,0,0
n_1008.mp4,0.2964,0.0125,5.77,2.74,0,0
n_1008.mp4,0.2888,0.0,6.34,2.01,0,0
n_1008.mp4,0.314,0.0,6.72,3.22,0,0
n_1008.mp4,0.3205,0.0,7.05,3.91,0,0
n_1008.mp4,0.3213,0.0,6.71,3.99,0,0
n_1008.mp4,0.3319,0.0133,6.71,4.28,0,0
n_1008.mp4,0.3277,0.0,6.69,4.37,0,0
n_1008.mp4,0.3089,0.0179,7.17,4.47,0,0
n_1008.mp4,0.2982,0.0,6.84,4.24,0,0
n_1008.mp4,0.3175,0.0126,6.74,3.73,0,0
n_1008.mp4,0.3122,0.0122,6.55,1.74,0,0
n_1008.mp4,0.3268,0.0126,6.26,1.46,0,0
n_1008.mp4,0.2769,0.0,6.13,1.54,0,0
n_1008.mp4,0.2908,0.0,6.32,2.32,0,0
n_1008.mp4,0.3003,0.0252,5.55,1.4,0,0
n_1008.mp4,0.3043,0.0525,6.28,1.78,0,0
n_1008.mp4,0.3239,0.0133,6.71,1.96,0,0
n_1008.mp4,0.2916,0.0547,5.87,2.56,0,0
n_1008.mp4,0.3009,0.0138,5.85,3.09,0,0
n_1008.mp4,0.3221,0.0131,6.06,3.76,0,0
n_1008.mp4,0.321,0.0,6.97,4.11,0,0
n_1008.mp4,0.3319,0.0137,6.62,4.2,0,0
n_1008.mp4,0.3173,0.0135,6.64,4.42,0,0
n_1008.mp4,0.321,0.0,6.17,4.58,0,0
n_1008.mp4,0.3186,0.0,5.96,5.17,0,0
n_1008.mp4,0.3173,0.0,5.71,4.68,0,0
n_1008.mp4,0.3192,0.0,5.79,5.17,0,0
n_1008.mp4,0.3389,0.0,5.78,5.9,0,0
n_1008.mp4,0.3198,0.0135,6.14,6.8,0,0
n_1008.mp4,0.3433,0.0128,6.95,6.99,0,0
n_1008.mp4,0.3157,0.0,6.79,7.17,0,0
n_1008.mp4,0.3275,0.0125,7.2,7.4,0,0
n_1008.mp4,0.3315,0.0,7.25,7.91,0,0
n_1008.mp4,0.3155,0.0,6.6,6.85,0,0
n_1008.mp4,0.3287,0.0,5.87,6.28,0,0
n_1008.mp4,0.3159,0.0121,6.89,6.12,0,0
n_1008.mp4,0.3193,0.0131,6.14,6.47,0,0
n_1008.mp4,0.3072,0.0129,6.93,6.72,0,0
n_1008.mp4,0.321,0.0131,7.0,6.72,0,0
n_1008.mp4,0.3172,0.0182,7.02,6.21,0,0
n_1008.mp4,0.3367,0.013,7.09,6.26,0,0
n_1008.mp4,0.3222,0.0129,7.24,6.48,0,0
n_1008.mp4,0.3256,0.0127,7.38,6.8,0,0
n_1009.mp4,0.34,0.0118,7.33,2.17,0,0
n_1009.mp4,0.3268,0.0,6.55,3.3,0,0
n_1009.mp4,0.3143,0.0129,5.97,3.32,0,0
n_1009.mp4,0.2988,0.0,6.3,3.23,0,0
n_1009.mp4,0.3143,0.0124,6.27,2.9,0,0
n_1009.mp4,0.3246,0.0124,6.38,2.84,0,0
n_1009.mp4,0.3011,0.0,5.53,2.42,0,0
n_1009.mp4,0.317,0.0,6.58,2.16,0,0
n_1009.mp4,0.316,0.0126,6.73,3.67,0,0
n_1009.mp4,0.3148,0.0128,6.8,4.16,0,0
n_1009.mp4,0.3239,0.0129,6.66,3.97,0,0
n_1009.mp4,0.315,0.0,6.32,4.2,0,0
n_1009.mp4,0.3203,0.0,6.38,4.21,0,0
n_1009.mp4,0.3171,0.0129,6.89,4.39,0,0
n_1009.mp4,0.3073,0.0,7.01,3.93,0,0
n_1009.mp4,0.3215,0.0125,7.15,2.63,0,0
n_1009.mp4,0.3245,0.0126,6.55,1.51,0,0
n_1009.mp4,0.3316,0.0128,5.99,1.36,0,0
n_1009.mp4,0.2557,0.0,6.5,1.7,0,0
n_1009.mp4,0.3041,0.0,6.42,1.89,0,0
n_1009.mp4,0.3145,0.0398,5.58,1.25,0,0
n_1009.mp4,0.2948,0.0255,6.68,1.83,0,0
n_1009.mp4,0.3298,0.0,6.29,2.07,0,0
n_1009.mp4,0.3038,0.0408,5.75,2.64,0,0
n_1009.mp4,0.2988,0.0192,5.29,3.34,0,0
n_1009.mp4,0.3167,0.0138,6.02,3.67,0,0
n_1009.mp4,0.3195,0.0129,6.77,4.25,0,0
n_1009.mp4,0.3235,0.0,6.68,4.18,0,0
n_1009.mp4,0.3234,0.0,6.53,4.2,0,0
n_1009.mp4,0.3242,0.0,6.46,4.75,0,0
n_1009.mp4,0.3173,0.0,5.66,5.09,0,0
n_1009.mp4,0.322,0.0,5.91,4.67,0,0
n_1009.mp4,0.3352,0.0,5.9,5.44,0,0
n_1009.mp4,0.3479,0.0133,5.94,6.27,0,0
n_1009.mp4,0.3264,0.0,6.72,6.8,0,0
n_1009.mp4,0.3308,0.0126,6.76,6.95,0,0
n_1009.mp4,0.3173,0.0126,6.64,7.27,0,0
n_1009.mp4,0.3427,0.0,6.93,7.31,0,0
n_1009.mp4,0.3158,0.013,6.94,7.73,0,0
n_1009.mp4,0.3126,0.0128,6.22,6.52,0,0
n_1009.mp4,0.3164,0.0131,6.25,6.01,0,0
n_1009.mp4,0.3135,0.0,6.43,6.3,0,0
n_1009.mp4,0.3408,0.0128,6.92,6.78,0,0
n_1009.mp4,0.3235,0.0183,6.81,6.8,0,0
n_1009.mp4,0.3142,0.0131,6.88,6.72,0,0
n_1009.mp4,0.3082,0.0,6.99,6.09,0,0
n_1009.mp4,0.3134,0.0132,7.12,6.54,0,0
n_1009.mp4,0.3376,0.0129,7.38,6.53,0,0
n_1009.mp4,0.3191,0.0,7.2,6.93,0,0
n_1009.mp4,0.3326,0.0134,7.84,7.04,0,0
n_1009.mp4,0.3512,0.0,8.32,6.69,0,0
n_1009.mp4,0.3303,0.0,8.03,6.54,0,0
n_1009.mp4,0.3409,0.013,7.69,6.17,0,0
n_1009.mp4,0.34,0.0129,7.37,6.53,0,0
n_1009.mp4,0.3471,0.0,7.59,6.14,0,0
n_1009.mp4,0.3342,0.0134,7.44,6.12,0,0
n_1009.mp4,0.3441,0.0,8.09,6.66,0,0
n_1009.mp4,0.3425,0.0,8.19,6.89,0,0
n_1009.mp4,0.3403,0.0129,7.5,6.77,0,0
n_1009.mp4,0.3269,0.0185,7.76,6.65,0,0
n_1009.mp4,0.3403,0.0124,7.54,6.36,0,0
n_1009.mp4,0.3215,0.0124,7.84,6.28,0,0
n_1009.mp4,0.3405,0.0,7.73,6.51,0,0
n_1009.mp4,0.335,0.0,8.91,6.52,0,0
n_1009.mp4,0.3496,0.0,9.41,6.52,0,0
n_1009.mp4,0.2595,0.0129,9.22,6.43,0,0
n_1009.mp4,0.04,0.0127,9.59,6.51,0,0
n_1009.mp4,0.3357,0.0128,9.66,8.25,0,0
n_1009.mp4,0.3194,0.0128,9.7,8.18,0,0
n_1009.mp4,0.3289,0.018,8.15,7.39,0,0
n_1009.mp4,0.3377,0.0,8.49,7.13,0,0
n_1009.mp4,0.3156,0.0125,8.34,7.48,0,0
n_1009.mp4,0.3524,0.0129,8.42,7.87,0,0
n_1009.mp4,0.353,0.0,8.22,7.46,0,0
n_1009.mp4,0.3593,0.0,9.35,7.73,0,0
n_1009.mp4,0.3453,0.0133,9.5,8.38,0,0
n_1009.mp4,0.3313,0.0,8.72,8.91,0,0
n_1009.mp4,0.3405,0.0131,7.9,8.51,0,0
n_1009.mp4,0.3603,0.0135,7.77,8.3,0,0
n_1009.mp4,0.3281,0.0,7.5,8.25,0,0
n_1009.mp4,0.3189,0.0,7.31,8.2,0,0
n_1009.mp4,0.3172,0.0131,6.62,8.09,0,0
n_1009.mp4,0.3295,0.0133,6.15,8.15,0,0
n_1009.mp4,0.3463,0.0,6.16,7.4,0,0
n_1009.mp4,0.3294,0.0128,6.21,7.8,0,0
n_1009.mp4,0.3316,0.0131,5.66,7.55,0,0
n_1009.mp4,0.3283,0.0133,5.93,7.61,0,0
n_1009.mp4,0.3286,0.0,6.2,7.85,0,0
n_1009.mp4,0.3542,0.0,6.47,8.08,0,0
n_1009.mp4,0.3593,0.0131,6.91,7.94,0,0
n_1009.mp4,0.3541,0.0133,6.8,7.78,0,0
n_1009.mp4,0.346,0.0,6.98,8.34,0,0
n_1009.mp4,0.3326,0.0133,6.96,7.65,0,0
n_1009.mp4,0.3443,0.013,6.9,7.62,0,0
n_1009.mp4,0.3492,0.0,6.99,7.78,0,0
n_1009.mp4,0.325,0.0,6.4,7.55,0,0
n_1009.mp4,0.3198,0.0133,6.56,7.74,0,0
n_1009.mp4,0.3268,0.0135,6.98,7.89,0,0
n_1009.mp4,0.336,0.0135,7.04,8.04,0,0
n_101.mp4,0.4259,0.0,9.15,6.37,0,0
n_101.mp4,0.2278,0.0105,8.59,5.39,0,0
n_101.mp4,0.2957,0.0,8.32,4.52,0,0
n_101.mp4,0.3867,0.0109,7.53,5.14,0,0
n_101.mp4,0.3893,0.0106,6.66,4.38,0,0
n_101.mp4,0.4154,0.0109,7.38,4.94,0,0
n_101.mp4,0.3829,0.0,6.69,4.49,0,0
n_101.mp4,0.3918,0.0,6.2,4.4,0,0
n_101.mp4,0.4063,0.0108,6.39,4.74,0,0
n_101.mp4,0.1461,0.0103,6.72,2.53,0,0
n_101.mp4,0.3008,0.0097,6.73,-2.58,0,0
n_101.mp4,0.3329,0.0095,6.18,-6.7,0,0
n_101.mp4,0.3737,0.0,6.13,-8.03,0,0
n_101.mp4,0.3654,0.0,6.61,-8.22,0,0
n_101.mp4,0.3676,0.0,6.16,-7.94,0,0
n_101.mp4,0.372,0.0,5.92,-7.95,0,0
n_101.mp4,0.3646,0.0,5.67,-7.41,0,0
n_101.mp4,0.3062,0.0,5.56,-6.63,0,0
n_101.mp4,0.1938,0.0,6.14,-5.22,0,0
n_101.mp4,0.357,0.0,6.37,-3.56,0,0
n_101.mp4,0.3542,0.0,6.34,-2.31,0,0
n_101.mp4,0.3603,0.0098,6.7,-1.01,0,0
n_101.mp4,0.3995,0.0095,6.38,0.28,0,0
n_101.mp4,0.3921,0.0,5.73,0.5,0,0
n_101.mp4,0.3678,0.01,5.22,1.18,0,0
n_101.mp4,0.374,0.0101,5.23,1.04,0,0
n_101.mp4,0.3686,0.0,5.33,1.45,0,0
n_101.mp4,0.3745,0.0101,5.37,1.59,0,0
n_101.mp4,0.3876,0.0,5.28,1.69,0,0
n_101.mp4,0.3911,0.0,5.28,1.74,0,0
n_101.mp4,0.3722,0.0,5.43,1.77,0,0
n_101.mp4,0.3922,0.0104,5.04,1.75,0,0
n_101.mp4,0.3775,0.0,5.41,1.97,0,0
n_101.mp4,0.3854,0.0,5.21,1.71,0,0
n_101.mp4,0.4032,0.0,5.53,2.38,0,0
n_101.mp4,0.3892,0.0102,5.87,2.24,0,0
n_101.mp4,0.0872,0.0143,6.43,1.88,0,0
n_101.mp4,0.324,0.0101,6.2,2.25,0,0
n_101.mp4,0.3707,0.01,6.01,2.47,0,0
n_101.mp4,0.3669,0.0104,6.11,2.45,0,0
n_101.mp4,0.3882,0.0,5.91,2.82,0,0
n_101.mp4,0.3824,0.0,5.89,2.39,0,0
n_101.mp4,0.3912,0.0103,5.8,2.27,0,0
n_101.mp4,0.3817,0.0104,5.6,2.6,0,0
n_101.mp4,0.376,0.0,5.52,2.37,0,0
n_101.mp4,0.3842,0.0,4.81,2.1,0,0
n_101.mp4,0.3866,0.0109,5.06,2.31,0,0
n_101.mp4,0.3879,0.0,4.66,2.38,0,0
n_101.mp4,0.3873,0.0106,5.08,2.0,0,0
n_101.mp4,0.3907,0.0152,4.99,2.34,0,0
n_101.mp4,0.3898,0.0,5.09,2.69,0,0
n_101.mp4,0.3864,0.0,5.74,2.32,0,0
n_101.mp4,0.3972,0.0104,5.63,2.84,0,0
n_101.mp4,0.3845,0.0106,6.0,2.28,0,0
n_101.mp4,0.3894,0.0,5.94,2.43,0,0
n_101.mp4,0.402,0.0,5.95,2.69,0,0
n_101.mp4,0.3907,0.0,5.65,2.58,0,0
n_101.mp4,0.3961,0.0,5.73,2.74,0,0
n_101.mp4,0.405,0.0,6.01,2.8,0,0
n_101.mp4,0.3916,0.0,5.86,2.89,0,0
n_101.mp4,0.4037,0.0,5.49,2.84,0,0
n_101.mp4,0.3975,0.0109,5.46,2.91,0,0
n_101.mp4,0.3915,0.0,5.47,2.52,0,0
n_101.mp4,0.4087,0.0,5.57,2.94,0,0
n_101.mp4,0.3601,0.0,5.81,2.76,0,0
n_101.mp4,0.1909,0.0108,4.7,1.73,0,0
n_101.mp4,0.1694,0.01,2.46,0.07,0,0
n_101.mp4,0.176,0.0101,1.17,-0.73,0,0
n_101.mp4,0.204,0.0,1.81,-1.14,0,0
n_101.mp4,0.2014,0.01,1.56,-0.41,0,0
n_101.mp4,0.2076,0.0,1.37,-0.55,0,0
n_101.mp4,0.2064,0.0,2.14,-0.23,0,0
n_101.mp4,0.2184,0.0,2.35,-0.07,0,0
n_101.mp4,0.2138,0.0,2.65,0.14,0,0
n_101.mp4,0.1133,0.0146,2.94,0.71,0,0
n_101.mp4,0.337,0.0106,2.66,0.24,0,0
n_101.mp4,0.3752,0.0,3.68,1.6,0,0
n_101.mp4,0.3763,0.0,3.89,2.11,0,0
n_101.mp4,0.392,0.0,4.29,2.02,0,0
n_101.mp4,0.3877,0.0106,4.27,2.28,0,0
n_101.mp4,0.4166,0.0,4.38,2.33,0,0
n_101.mp4,0.4031,0.011,4.58,1.64,0,0
n_101.mp4,0.4101,0.0,4.32,2.66,0,0
n_101.mp4,0.4066,0.0155,4.69,1.3,0,0
n_101.mp4,0.4031,0.015,4.23,1.93,0,0
n_101.mp4,0.399,0.0152,4.4,1.54,0,0
n_101.mp4,0.4099,0.0,3.82,1.59,0,0
n_101.mp4,0.4242,0.0107,4.02,1.5,0,0
n_101.mp4,0.4209,0.0,3.95,1.43,0,0
n_101.mp4,0.273,0.0,3.41,0.78,0,0
n_101.mp4,0.2321,0.0,2.09,-0.01,0,0
n_101.mp4,0.2322,0.0,1.2,-0.19,0,0
n_101.mp4,0.2184,0.0,0.59,-0.71,0,0
n_101.mp4,0.2093,0.0105,-0.29,0.04,0,0
n_101.mp4,0.2399,0.0152,-0.6,0.37,0,0
n_101.mp4,0.2283,0.0,-1.16,0.22,0,0
n_101.mp4,0.2353,0.0108,-0.71,0.35,0,0
n_101.mp4,0.2517,0.0108,-0.6,-0.2,0,0
n_101.mp4,0.2213,0.0,0.27,0.48,0,0
n_1010.mp4,0.3742,0.0259,8.04,5.02,0,0
n_1010.mp4,0.3195,0.018,8.21,6.17,0,0
n_1010.mp4,0.3258,0.0,8.2,6.13,0,0
n_1010.mp4,0.3373,0.0132,7.55,6.4,0,0
n_1010.mp4,0.3574,0.018,7.47,5.7,0,0
n_1010.mp4,0.346,0.0,7.49,6.34,0,0
n_1010.mp4,0.3292,0.0,7.57,6.57,0,0
n_1010.mp4,0.3395,0.013,7.42,6.76,0,0
n_1010.mp4,0.3253,0.0128,7.85,7.15,0,0
n_1010.mp4,0.3259,0.0127,7.41,6.54,0,0
n_1010.mp4,0.3417,0.0126,7.68,6.56,0,0
n_1010.mp4,0.3274,0.0124,7.95,6.35,0,0
n_1010.mp4,0.3629,0.0,8.3,7.2,0,0
n_1010.mp4,0.3271,0.0128,9.12,6.01,0,0
n_1010.mp4,0.3379,0.013,8.83,6.62,0,0
n_1010.mp4,0.1971,0.0126,9.56,6.53,0,0
n_1010.mp4,0.2591,0.0129,9.69,7.62,0,0
n_1010.mp4,0.3181,0.0131,9.5,8.18,0,0
n_1010.mp4,0.3132,0.0129,9.2,7.75,0,0
n_1010.mp4,0.3282,0.0,8.32,7.33,0,0
n_1010.mp4,0.337,0.0128,8.29,7.23,0,0
n_1010.mp4,0.3243,0.0,8.17,7.36,0,0
n_1010.mp4,0.3489,0.0124,8.52,7.12,0,0
n_1010.mp4,0.3451,0.0129,8.26,7.43,0,0
n_1010.mp4,0.3136,0.0,9.7,7.87,0,0
n_1010.mp4,0.316,0.0133,9.24,8.86,0,0
n_1010.mp4,0.3101,0.0135,8.19,8.78,0,0
n_1010.mp4,0.3361,0.013,7.54,8.33,0,0
n_1010.mp4,0.3604,0.013,7.72,8.1,0,0
n_1010.mp4,0.3358,0.0,7.37,8.22,0,0
n_1010.mp4,0.3501,0.0,7.41,8.34,0,0
n_1010.mp4,0.3466,0.0,6.3,8.01,0,0
n_1010.mp4,0.3298,0.0129,5.93,7.24,0,0
n_1010.mp4,0.3279,0.0,6.21,7.74,0,0
n_1010.mp4,0.3325,0.0,6.19,7.59,0,0
n_1010.mp4,0.3377,0.0131,6.05,7.75,0,0
n_1010.mp4,0.3253,0.0131,5.81,7.82,0,0
n_1010.mp4,0.353,0.0133,6.38,8.0,0,0
n_1010.mp4,0.3328,0.0,6.51,7.92,0,0
n_1010.mp4,0.3362,0.0133,6.87,7.96,0,0
n_1010.mp4,0.3197,0.0131,7.05,8.26,0,0
n_1010.mp4,0.3497,0.0131,6.64,7.84,0,0
n_1010.mp4,0.3477,0.0128,6.69,7.83,0,0
n_1010.mp4,0.3216,0.0183,6.82,7.85,0,0
n_1010.mp4,0.3375,0.0131,6.88,7.77,0,0
n_1010.mp4,0.3428,0.0126,6.48,7.24,0,0
n_1010.mp4,0.3401,0.0128,6.81,7.76,0,0
n_1010.mp4,0.3402,0.013,6.83,7.85,0,0
n_1010.mp4,0.3333,0.0133,7.03,8.03,0,0
n_1010.mp4,0.3528,0.0131,6.92,8.04,0,0
n_1010.mp4,0.3497,0.0131,7.06,8.04,0,0
n_1010.mp4,0.3302,0.0186,7.43,8.25,0,0
n_1010.mp4,0.3392,0.0,7.39,8.18,0,0
n_1010.mp4,0.3538,0.014,7.21,8.99,0,0
n_1010.mp4,0.3529,0.0133,6.99,8.44,0,0
n_1010.mp4,0.3467,0.0,7.25,8.08,0,0
n_1010.mp4,0.3457,0.0,7.11,7.97,0,0
n_1010.mp4,0.3599,0.0133,7.54,8.22,0,0
n_1010.mp4,0.3381,0.0131,7.01,8.52,0,0
n_1010.mp4,0.3595,0.0,7.24,8.09,0,0
n_1010.mp4,0.311,0.0131,7.96,7.94,0,0
n_1010.mp4,0.3169,0.0141,7.91,9.08,0,0
n_1010.mp4,0.3376,0.0141,7.46,9.48,0,0
n_1010.mp4,0.3434,0.0131,7.6,8.77,0,0
n_1010.mp4,0.3417,0.0186,6.96,8.28,0,0
n_1010.mp4,0.3261,0.0186,6.84,7.63,0,0
n_1010.mp4,0.3333,0.0129,6.98,7.65,0,0
n_1010.mp4,0.3351,0.0182,7.99,7.51,0,0
n_1010.mp4,0.3516,0.0129,8.21,7.0,0,0
n_1010.mp4,0.3369,0.0135,9.23,8.15,0,0
n_1010.mp4,0.3424,0.0131,8.59,7.74,0,0
n_1010.mp4,0.3345,0.0131,8.17,7.19,0,0
n_1010.mp4,0.2974,0.0,8.24,6.49,0,0
n_1010.mp4,0.3248,0.0,7.77,6.45,0,0
n_1010.mp4,0.3266,0.0127,7.88,6.11,0,0
n_1010.mp4,0.3356,0.0,7.77,6.8,0,0
n_1010.mp4,0.3347,0.0129,7.72,6.87,0,0
n_1010.mp4,0.3315,0.0129,7.4,6.49,0,0
n_1010.mp4,0.3352,0.0,7.66,6.88,0,0
n_1010.mp4,0.3254,0.0131,8.01,7.33,0,0
n_1010.mp4,0.3332,0.0131,7.37,7.37,0,0
n_1010.mp4,0.3416,0.019,7.59,7.72,0,0
n_1010.mp4,0.3262,0.0,8.05,8.47,0,0
n_1010.mp4,0.3161,0.0,7.95,8.3,0,0
n_1010.mp4,0.3362,0.0,8.03,8.43,0,0
n_1010.mp4,0.3217,0.0191,8.16,8.61,0,0
n_1010.mp4,0.3348,0.0131,7.87,8.36,0,0
n_1010.mp4,0.3244,0.0,7.63,8.2,0,0
n_1010.mp4,0.3124,0.0,7.64,8.32,0,0
n_1010.mp4,0.3392,0.0137,7.56,8.56,0,0
n_1010.mp4,0.3314,0.0135,7.08,8.46,0,0
n_1010.mp4,0.3234,0.0,7.29,7.87,0,0
n_1010.mp4,0.3176,0.0,7.2,8.39,0,0
n_1010.mp4,0.3574,0.0,7.52,8.52,0,0
n_1010.mp4,0.331,0.0128,7.26,8.13,0,0
n_1010.mp4,0.3485,0.0,7.24,8.24,0,0
n_1010.mp4,0.35,0.013,7.54,8.21,0,0
n_1010.mp4,0.3453,0.0137,7.54,8.76,0,0
n_1010.mp4,0.3348,0.0135,7.66,8.88,0,0
n_1013.mp4,0.3457,0.0184,7.09,2.74,0,0
n_1013.mp4,0.2972,0.0128,6.96,3.16,0,0
n_1013.mp4,0.3197,0.0127,7.49,3.27,0,0
n_1013.mp4,0.3127,0.0,6.78,3.47,0,0
n_1013.mp4,0.3221,0.0,6.74,3.31,0,0
n_1013.mp4,0.3044,0.0,6.15,2.54,0,0
n_1013.mp4,0.3161,0.0,5.17,1.36,0,0
n_1013.mp4,0.3001,0.0,4.49,0.98,0,0
n_1013.mp4,0.3023,0.0,4.48,1.36,0,0
n_1013.mp4,0.3046,0.0,3.95,1.13,0,0
n_1013.mp4,0.2842,0.0,4.43,1.4,0,0
n_1013.mp4,0.3173,0.0127,5.34,2.01,0,0
n_1013.mp4,0.3155,0.0,6.62,2.98,0,0
n_1013.mp4,0.3127,0.0129,6.8,4.34,0,0
n_1013.mp4,0.322,0.0131,6.77,5.06,0,0
n_1013.mp4,0.3103,0.0,7.49,5.43,0,0
n_1013.mp4,0.3159,0.0,7.34,6.55,0,0
n_1013.mp4,0.3195,0.0184,6.95,6.52,0,0
n_1013.mp4,0.3307,0.0,6.65,6.39,0,0
n_1013.mp4,0.3303,0.0,6.26,6.57,0,0
n_1013.mp4,0.3223,0.0126,5.92,6.49,0,0
n_1013.mp4,0.3237,0.0131,5.8,6.75,0,0
n_1013.mp4,0.3257,0.0128,5.69,6.96,0,0
n_1013.mp4,0.3273,0.0185,5.38,6.65,0,0
n_1013.mp4,0.3226,0.0128,5.05,5.69,0,0
n_1013.mp4,0.3169,0.0,5.0,4.25,0,0
n_1013.mp4,0.3213,0.0,6.16,4.33,0,0
n_1013.mp4,0.3109,0.0,5.97,4.34,0,0
n_1013.mp4,0.3198,0.013,5.95,4.51,0,0
n_1013.mp4,0.3231,0.0126,5.71,4.88,0,0
n_1013.mp4,0.3281,0.0126,6.09,6.11,0,0
n_1013.mp4,0.345,0.0127,5.86,6.16,0,0
n_1013.mp4,0.3396,0.0,6.81,6.7,0,0
n_1013.mp4,0.3574,0.0,7.69,6.72,0,0
n_1013.mp4,0.3329,0.013,6.9,6.13,0,0
n_1013.mp4,0.3128,0.0,6.98,6.39,0,0
n_1013.mp4,0.3195,0.0128,7.76,5.96,0,0
n_1013.mp4,0.3386,0.0,8.15,5.64,0,0
n_1013.mp4,0.3294,0.0,7.49,5.62,0,0
n_1013.mp4,0.3319,0.0135,8.63,5.87,0,0
n_1013.mp4,0.3244,0.0,7.44,7.27,0,0
n_1013.mp4,0.325,0.0128,6.98,6.28,0,0
n_1013.mp4,0.3415,0.0133,7.98,6.72,0,0
n_1013.mp4,0.3399,0.013,8.05,7.09,0,0
n_1013.mp4,0.327,0.0137,8.52,7.13,0,0
n_1013.mp4,0.3254,0.0137,8.5,6.75,0,0
n_1013.mp4,0.3186,0.014,8.82,8.23,0,0
n_1013.mp4,0.3318,0.0,7.97,8.57,0,0
n_1013.mp4,0.3249,0.0131,7.39,8.41,0,0
n_1013.mp4,0.3032,0.0127,7.14,7.44,0,0
n_1013.mp4,0.3214,0.0,6.86,7.63,0,0
n_1013.mp4,0.3168,0.0131,6.95,6.83,0,0
n_1013.mp4,0.3202,0.0,7.21,6.21,0,0
n_1013.mp4,0.3093,0.0126,7.69,6.1,0,0
n_1013.mp4,0.3241,0.0,6.4,4.58,0,0
n_1013.mp4,0.3165,0.0,6.3,3.86,0,0
n_1013.mp4,0.3212,0.0129,7.1,3.11,0,0
n_1013.mp4,0.2916,0.0,6.89,2.92,0,0
n_1013.mp4,0.2901,0.0119,5.67,2.77,0,0
n_1013.mp4,0.2992,0.0,5.53,1.68,0,0
n_1013.mp4,0.3227,0.0,5.37,2.0,0,0
n_1013.mp4,0.3227,0.0,6.04,3.44,0,0
n_1013.mp4,0.3407,0.0,5.99,4.36,0,0
n_1013.mp4,0.3358,0.0,6.88,5.02,0,0
n_1013.mp4,0.3579,0.0,7.31,5.45,0,0
n_1013.mp4,0.3456,0.0132,7.57,6.24,0,0
n_1013.mp4,0.3231,0.0,7.39,6.37,0,0
n_1013.mp4,0.3173,0.0,6.84,6.18,0,0
n_1013.mp4,0.3207,0.0129,7.04,6.59,0,0
n_1013.mp4,0.3478,0.013,6.84,6.32,0,0
n_1013.mp4,0.3521,0.0132,7.81,6.33,0,0
n_1013.mp4,0.3342,0.0,7.34,5.56,0,0
n_1013.mp4,0.3483,0.0,8.46,6.98,0,0
n_1013.mp4,0.3219,0.0131,6.45,5.93,0,0
n_1013.mp4,0.3467,0.0,8.47,6.03,0,0
n_1013.mp4,0.3444,0.0133,7.27,6.16,0,0
n_1013.mp4,0.3518,0.0,7.99,6.62,0,0
n_1013.mp4,0.3397,0.0132,7.76,7.08,0,0
n_1013.mp4,0.3505,0.0,8.02,7.47,0,0
n_1013.mp4,0.3504,0.0128,7.86,7.56,0,0
n_1013.mp4,0.3339,0.018,7.18,7.17,0,0
n_1013.mp4,0.3485,0.0129,7.53,6.98,0,0
n_1013.mp4,0.3138,0.013,6.73,7.08,0,0
n_1013.mp4,0.3339,0.0132,6.37,7.24,0,0
n_1013.mp4,0.3384,0.0,7.21,7.27,0,0
n_1013.mp4,0.3333,0.013,7.35,7.03,0,0
n_1013.mp4,0.3288,0.0131,7.35,7.23,0,0
n_1013.mp4,0.356,0.0131,8.01,7.66,0,0
n_1013.mp4,0.2285,0.0124,5.5,2.58,0,0
n_1013.mp4,0.244,0.0,4.96,-1.39,0,0
n_1013.mp4,0.2445,0.0,4.28,-1.91,0,0
n_1013.mp4,0.2365,0.0125,4.76,-1.28,0,0
n_1013.mp4,0.1566,0.0123,5.76,0.09,0,0
n_1013.mp4,0.2833,0.0,7.15,2.88,0,0
n_1013.mp4,0.3311,0.0,5.86,4.38,0,0
n_1013.mp4,0.329,0.0,5.32,4.71,0,0
n_1013.mp4,0.3362,0.0,5.38,4.77,0,0
n_1013.mp4,0.3407,0.0,5.31,4.64,0,0
n_1013.mp4,0.3282,0.018,6.75,5.73,0,0
n_1015.mp4,0.2989,0.0142,11.74,6.55,0,0
n_1015.mp4,0.3437,0.0139,12.74,8.4,0,0
n_1015.mp4,0.3238,0.0135,13.14,8.34,0,0
n_1015.mp4,0.3111,0.0125,12.85,8.1,0,0
n_1015.mp4,0.3252,0.0186,13.19,8.16,0,0
n_1015.mp4,0.3329,0.0191,12.73,8.17,0,0
n_1015.mp4,0.3164,0.013,13.05,8.61,0,0
n_1015.mp4,0.3307,0.0133,13.19,8.65,0,0
n_1015.mp4,0.335,0.013,13.13,8.45,0,0
n_1015.mp4,0.3199,0.0,13.29,7.96,0,0
n_1015.mp4,0.3303,0.0,13.49,8.39,0,0
n_1015.mp4,0.3028,0.0186,13.57,8.55,0,0
n_1015.mp4,0.3186,0.013,13.85,9.1,0,0
n_1015.mp4,0.3256,0.0,13.17,8.53,0,0
n_1015.mp4,0.323,0.0133,13.4,8.73,0,0
n_1015.mp4,0.2735,0.0,13.75,12.0,0,0
n_1015.mp4,0.3911,0.0,10.23,17.6,0,0
n_1015.mp4,0.4278,0.0,9.48,18.0,1,0
n_1015.mp4,0.4144,0.0,8.21,16.84,0,0
n_1015.mp4,0.3223,0.0,6.32,11.56,0,0
n_1015.mp4,0.3346,0.0129,7.53,8.95,0,0
n_1015.mp4,0.3329,0.0,6.75,8.16,0,0
n_1015.mp4,0.3464,0.0129,6.97,6.74,0,0
n_1015.mp4,0.3256,0.0129,8.94,7.1,0,0
n_1015.mp4,0.3483,0.0129,7.52,7.43,0,0
n_1015.mp4,0.3375,0.0127,6.99,6.96,0,0
n_1015.mp4,0.3314,0.013,6.98,6.6,0,0
n_1015.mp4,0.3441,0.0129,6.91,6.5,0,0
n_1015.mp4,0.3446,0.0,7.25,5.99,0,0
n_1015.mp4,0.3384,0.0,6.74,6.22,0,0
n_1015.mp4,0.3254,0.0129,6.76,6.04,0,0
n_1015.mp4,0.3124,0.0,7.37,7.4,0,0
n_1015.mp4,0.3495,0.0129,6.94,7.61,0,0
n_1015.mp4,0.3314,0.0129,6.59,7.75,0,0
n_1015.mp4,0.3492,0.0,7.12,7.71,0,0
n_1015.mp4,0.3291,0.0135,7.47,8.08,0,0
n_1015.mp4,0.3257,0.0,8.13,8.62,0,0
n_1015.mp4,0.3497,0.0131,8.31,8.87,0,0
n_1015.mp4,0.3295,0.0129,8.05,8.03,0,0
n_1015.mp4,0.332,0.0,7.52,7.97,0,0
n_1015.mp4,0.3418,0.0,7.61,8.45,0,0
n_1015.mp4,0.3393,0.0133,7.32,8.68,0,0
n_1015.mp4,0.327,0.0,7.43,9.0,0,0
n_1015.mp4,0.3434,0.0133,6.45,8.07,0,0
n_1015.mp4,0.3581,0.019,6.97,8.31,0,0
n_1015.mp4,0.3369,0.0188,6.89,8.39,0,0
n_1015.mp4,0.3476,0.0186,7.75,8.82,0,0
n_1015.mp4,0.3558,0.0137,6.78,8.17,0,0
n_1015.mp4,0.3414,0.0,6.61,7.36,0,0
n_1015.mp4,0.3372,0.013,6.76,8.22,0,0
n_1015.mp4,0.3245,0.0,7.04,8.52,0,0
n_1015.mp4,0.3334,0.0,7.14,8.41,0,0
n_1015.mp4,0.3216,0.0142,7.05,9.6,0,0
n_1015.mp4,0.3667,0.0149,8.3,11.41,0,0
n_1015.mp4,0.3751,0.0149,6.88,12.37,0,0
n_1015.mp4,0.4045,0.0,7.32,12.92,0,0
n_1015.mp4,0.3409,0.0,5.96,12.43,0,0
n_1015.mp4,0.3232,0.0138,5.52,11.11,0,0
n_1015.mp4,0.325,0.0138,5.88,9.56,0,0
n_1015.mp4,0.3478,0.0136,5.67,8.54,0,0
n_1015.mp4,0.3446,0.0133,5.9,8.71,0,0
n_1015.mp4,0.3503,0.0,5.88,9.24,0,0
n_1015.mp4,0.3688,0.0,6.27,9.59,0,0
n_1015.mp4,0.3531,0.0,6.51,9.33,0,0
n_1015.mp4,0.3491,0.0,6.7,9.36,0,0
n_1015.mp4,0.3806,0.0,6.9,9.36,0,0
n_1015.mp4,0.3431,0.0,6.82,9.51,0,0
n_1015.mp4,0.3506,0.0,6.45,9.52,0,0
n_1015.mp4,0.3641,0.0,6.54,9.24,0,0
n_1015.mp4,0.3903,0.0135,7.27,9.44,0,0
n_1015.mp4,0.3389,0.0145,7.53,9.84,0,0
n_1015.mp4,0.3477,0.0188,7.96,9.43,0,0
n_1015.mp4,0.3211,0.0,8.64,10.33,0,0
n_1015.mp4,0.344,0.0141,7.88,10.67,0,0
n_1015.mp4,0.3391,0.0,8.22,10.15,0,0
n_1015.mp4,0.3259,0.0139,8.16,10.47,0,0
n_1015.mp4,0.3417,0.0137,7.54,10.29,0,0
n_1015.mp4,0.3407,0.0,7.82,9.87,0,0
n_1015.mp4,0.354,0.014,8.15,10.19,0,0
n_1015.mp4,0.3178,0.0,7.47,10.5,0,0
n_1015.mp4,0.3361,0.0,7.97,10.33,0,0
n_1015.mp4,0.3184,0.0,7.66,10.58,0,0
n_1015.mp4,0.3375,0.0,7.8,10.47,0,0
n_1015.mp4,0.3331,0.0139,7.39,10.87,0,0
n_1015.mp4,0.3729,0.0,7.19,12.15,0,0
n_1015.mp4,0.3818,0.0164,6.75,14.85,0,0
n_1015.mp4,0.3838,0.0,6.74,17.03,0,0
n_1015.mp4,0.4048,0.0178,6.49,17.42,0,0
n_1015.mp4,0.3058,0.0,6.33,17.26,0,0
n_1015.mp4,0.363,0.0166,6.81,15.35,0,0
n_1015.mp4,0.3672,0.0,6.6,13.64,0,0
n_1015.mp4,0.3418,0.0145,7.15,12.06,0,0
n_1015.mp4,0.3664,0.0,6.6,10.94,0,0
n_1015.mp4,0.3526,0.0,6.22,10.53,0,0
n_1015.mp4,0.356,0.0,6.92,10.7,0,0
n_1015.mp4,0.3196,0.0141,6.56,10.58,0,0
n_1015.mp4,0.3521,0.0196,6.1,10.32,0,0
n_1015.mp4,0.3495,0.0,6.45,10.35,0,0
n_1015.mp4,0.3461,0.0143,6.62,10.42,0,0
n_1011.mp4,0.3761,0.0133,6.29,7.84,0,0
n_1011.mp4,0.3513,0.0183,7.03,7.9,0,0
n_1011.mp4,0.3408,0.0135,7.38,8.56,0,0
n_1011.mp4,0.3386,0.0,6.8,8.66,0,0
n_1011.mp4,0.3285,0.0133,6.54,8.27,0,0
n_1011.mp4,0.3441,0.0,7.25,7.94,0,0
n_1011.mp4,0.3452,0.0131,7.25,8.05,0,0
n_1011.mp4,0.3386,0.0,7.3,8.3,0,0
n_1011.mp4,0.3432,0.0135,7.42,8.08,0,0
n_1011.mp4,0.3181,0.0,7.2,7.64,0,0
n_1011.mp4,0.33,0.0,7.83,8.24,0,0
n_1011.mp4,0.323,0.0137,7.92,9.21,0,0
n_1011.mp4,0.3316,0.0137,7.45,9.13,0,0
n_1011.mp4,0.3371,0.0133,7.45,8.35,0,0
n_1011.mp4,0.3438,0.0181,6.63,8.05,0,0
n_1011.mp4,0.3307,0.0129,6.82,7.43,0,0
n_1011.mp4,0.3354,0.0185,7.02,7.42,0,0
n_1011.mp4,0.3439,0.0132,7.75,7.12,0,0
n_1011.mp4,0.3383,0.0,8.58,7.59,0,0
n_1011.mp4,0.3515,0.014,9.2,8.21,0,0
n_1011.mp4,0.337,0.0,8.6,7.63,0,0
n_1011.mp4,0.2813,0.0129,8.83,6.97,0,0
n_1011.mp4,0.3142,0.0131,7.88,6.55,0,0
n_1011.mp4,0.3244,0.0,7.47,6.33,0,0
n_1011.mp4,0.3393,0.0,7.95,6.7,0,0
n_1011.mp4,0.3199,0.0127,7.84,6.83,0,0
n_1011.mp4,0.3066,0.0183,7.38,6.35,0,0
n_1011.mp4,0.3298,0.0131,7.25,6.85,0,0
n_1011.mp4,0.3232,0.0129,8.06,7.08,0,0
n_1011.mp4,0.3545,0.0131,7.31,7.34,0,0
n_1011.mp4,0.3423,0.0133,7.41,7.79,0,0
n_1011.mp4,0.3518,0.0,7.47,8.17,0,0
n_1011.mp4,0.3368,0.0,7.94,8.49,0,0
n_1011.mp4,0.3449,0.0,7.94,8.33,0,0
n_1011.mp4,0.313,0.0135,8.13,8.68,0,0
n_1011.mp4,0.3367,0.0,7.79,8.54,0,0
n_1011.mp4,0.3294,0.0135,7.59,8.38,0,0
n_1011.mp4,0.3365,0.0133,7.7,8.27,0,0
n_1011.mp4,0.3373,0.0,7.42,8.51,0,0
n_1011.mp4,0.3022,0.0137,7.22,8.34,0,0
n_1011.mp4,0.3394,0.0,7.56,8.34,0,0
n_1011.mp4,0.3233,0.0133,7.12,8.19,0,0
n_1011.mp4,0.3366,0.0137,7.41,8.64,0,0
n_1011.mp4,0.3253,0.0,7.4,7.89,0,0
n_1011.mp4,0.3356,0.013,7.2,7.79,0,0
n_1011.mp4,0.3296,0.0128,7.76,8.27,0,0
n_1011.mp4,0.3253,0.0135,7.61,8.47,0,0
n_1011.mp4,0.3442,0.0135,8.05,9.14,0,0
n_1011.mp4,0.3315,0.0131,7.28,8.46,0,0
n_1011.mp4,0.3285,0.0139,6.55,8.43,0,0
n_1011.mp4,0.3288,0.013,7.83,8.95,0,0
n_1011.mp4,0.3347,0.0131,7.17,8.56,0,0
n_1011.mp4,0.332,0.0,7.98,7.34,0,0
n_1011.mp4,0.3384,0.0138,7.81,8.99,0,0
n_1011.mp4,0.3583,0.0,8.56,12.2,0,0
n_1011.mp4,0.4017,0.0178,8.37,17.79,0,0
n_1011.mp4,0.3744,0.0,7.57,17.04,0,0
n_1011.mp4,0.322,0.0169,8.72,16.94,0,0
n_1011.mp4,0.3421,0.0,8.31,14.28,0,0
n_1011.mp4,0.33,0.0142,6.79,11.15,0,0
n_1011.mp4,0.3315,0.0138,6.83,9.38,0,0
n_1011.mp4,0.352,0.014,7.01,9.21,0,0
n_1011.mp4,0.3365,0.0,6.66,8.55,0,0
n_1011.mp4,0.3365,0.0138,6.81,8.82,0,0
n_1011.mp4,0.3118,0.0,6.82,8.8,0,0
n_1011.mp4,0.3323,0.0,7.01,9.06,0,0
n_1011.mp4,0.3409,0.0,6.82,8.89,0,0
n_1011.mp4,0.3186,0.0,7.12,8.41,0,0
n_1011.mp4,0.3182,0.0,6.98,8.59,0,0
n_1011.mp4,0.3056,0.0135,7.01,8.1,0,0
n_1011.mp4,0.3298,0.0183,6.93,7.39,0,0
n_1011.mp4,0.3259,0.0,7.49,9.47,0,0
n_1011.mp4,0.3506,0.0,9.16,16.37,0,0
n_1011.mp4,0.3918,0.0,9.31,16.84,0,0
n_1011.mp4,0.306,0.0,10.42,13.48,0,0
n_1011.mp4,0.35,0.0139,7.47,10.74,0,0
n_1011.mp4,0.3386,0.0133,7.17,9.0,0,0
n_1011.mp4,0.313,0.0,7.03,7.62,0,0
n_1011.mp4,0.3282,0.0131,7.71,6.86,0,0
n_1011.mp4,0.3281,0.0,5.73,5.57,0,0
n_1011.mp4,0.3314,0.0,6.06,5.12,0,0
n_1011.mp4,0.3226,0.0,5.61,4.3,0,0
n_1011.mp4,0.3089,0.0,6.0,3.54,0,0
n_1011.mp4,0.3292,0.0,6.52,3.06,0,0
n_1011.mp4,0.3174,0.0,6.48,3.11,0,0
n_1011.mp4,0.3058,0.0126,6.39,3.03,0,0
n_1011.mp4,0.3076,0.0126,6.77,2.83,0,0
n_1011.mp4,0.324,0.0,6.85,3.06,0,0
n_1011.mp4,0.3055,0.0179,6.15,3.13,0,0
n_1011.mp4,0.2971,0.0,5.98,2.87,0,0
n_1011.mp4,0.312,0.0128,6.19,3.18,0,0
n_1011.mp4,0.3343,0.0,6.48,3.36,0,0
n_1011.mp4,0.3162,0.013,6.21,3.58,0,0
n_1011.mp4,0.3157,0.013,6.73,3.31,0,0
n_1011.mp4,0.315,0.0,6.86,3.41,0,0
n_1011.mp4,0.3147,0.0,7.08,2.85,0,0
n_1011.mp4,0.3109,0.0125,6.46,2.5,0,0
n_1011.mp4,0.3045,0.0,7.25,2.64,0,0
n_1011.mp4,0.3272,0.0,6.52,3.11,0,0
n_1014.mp4,0.3649,0.0194,7.19,7.05,0,0
n_1014.mp4,0.3124,0.0136,7.44,6.21,0,0
n_1014.mp4,0.3123,0.0,7.52,6.36,0,0
n_1014.mp4,0.3076,0.0129,6.88,5.46,0,0
n_1014.mp4,0.3352,0.0126,6.75,4.19,0,0
n_1014.mp4,0.3218,0.0125,6.26,3.44,0,0
n_1014.mp4,0.3023,0.0124,7.15,3.06,0,0
n_1014.mp4,0.3225,0.0,6.4,2.98,0,0
n_1014.mp4,0.2894,0.0,5.37,2.05,0,0
n_1014.mp4,0.3104,0.0,5.19,1.84,0,0
n_1014.mp4,0.3128,0.0126,5.3,2.68,0,0
n_1014.mp4,0.3338,0.018,5.97,3.94,0,0
n_1014.mp4,0.3398,0.0125,6.77,4.78,0,0
n_1014.mp4,0.3553,0.0,6.49,5.19,0,0
n_1014.mp4,0.3337,0.0,7.3,5.78,0,0
n_1014.mp4,0.3505,0.0132,7.66,6.39,0,0
n_1014.mp4,0.3358,0.013,7.21,6.54,0,0
n_1014.mp4,0.3199,0.0,7.3,6.36,0,0
n_1014.mp4,0.3343,0.0129,7.56,6.65,0,0
n_1014.mp4,0.3371,0.0133,7.03,6.33,0,0
n_1014.mp4,0.3381,0.0,7.43,5.99,0,0
n_1014.mp4,0.3539,0.0,7.96,6.48,0,0
n_1014.mp4,0.3293,0.013,7.13,6.8,0,0
n_1014.mp4,0.3496,0.0183,7.01,5.99,0,0
n_1014.mp4,0.3451,0.0127,8.09,6.43,0,0
n_1014.mp4,0.3397,0.0,7.31,6.1,0,0
n_1014.mp4,0.3436,0.0182,8.27,6.43,0,0
n_1014.mp4,0.3397,0.0,8.16,7.31,0,0
n_1014.mp4,0.352,0.0131,8.1,7.63,0,0
n_1014.mp4,0.3304,0.0,7.49,7.6,0,0
n_1014.mp4,0.3253,0.0,7.26,6.93,0,0
n_1014.mp4,0.3392,0.0,7.54,7.23,0,0
n_1014.mp4,0.3413,0.0132,6.49,7.05,0,0
n_1014.mp4,0.3483,0.0,6.9,7.33,0,0
n_1014.mp4,0.3544,0.0,6.87,7.11,0,0
n_1014.mp4,0.3247,0.013,7.28,7.03,0,0
n_1014.mp4,0.3292,0.0138,7.74,7.66,0,0
n_1014.mp4,0.2741,0.0,7.55,6.97,0,0
n_1014.mp4,0.2387,0.0,4.75,0.38,0,0
n_1014.mp4,0.2444,0.0,4.57,-2.14,0,0
n_1014.mp4,0.2616,0.0,4.12,-1.61,0,0
n_1014.mp4,0.2215,0.0,5.16,-0.85,0,0
n_1014.mp4,0.2051,0.0,6.44,1.95,0,0
n_1014.mp4,0.3232,0.0125,5.98,3.26,0,0
n_1014.mp4,0.3311,0.0129,5.59,4.61,0,0
n_1014.mp4,0.3457,0.0127,4.87,4.51,0,0
n_1014.mp4,0.336,0.013,5.31,4.42,0,0
n_1014.mp4,0.3397,0.0127,6.4,5.16,0,0
n_1014.mp4,0.3257,0.0,6.88,5.63,0,0
n_1014.mp4,0.3408,0.0126,5.96,4.42,0,0
n_1014.mp4,0.339,0.0,8.29,5.03,0,0
n_1014.mp4,0.3431,0.0126,7.41,4.46,0,0
n_1014.mp4,0.325,0.0129,7.36,4.12,0,0
n_1014.mp4,0.3278,0.013,7.53,4.01,0,0
n_1014.mp4,0.3299,0.013,7.59,4.66,0,0
n_1014.mp4,0.323,0.0,7.74,4.5,0,0
n_1014.mp4,0.3246,0.0135,7.68,5.14,0,0
n_1014.mp4,0.331,0.0,8.62,6.82,0,0
n_1014.mp4,0.3421,0.0,7.05,8.14,0,0
n_1014.mp4,0.3518,0.0,6.5,8.61,0,0
n_1014.mp4,0.3261,0.0131,5.79,8.75,0,0
n_1014.mp4,0.3347,0.0138,5.52,8.48,0,0
n_1014.mp4,0.3388,0.0,5.65,8.95,0,0
n_1014.mp4,0.3407,0.0138,5.45,8.38,0,0
n_1014.mp4,0.364,0.0,6.22,9.17,0,0
n_1014.mp4,0.3361,0.0134,6.27,8.73,0,0
n_1014.mp4,0.3319,0.0,6.12,7.85,0,0
n_1014.mp4,0.308,0.0,8.88,9.74,0,0
n_1014.mp4,0.3355,0.013,8.46,9.42,0,0
n_1014.mp4,0.3238,0.0137,8.71,10.4,0,0
n_1014.mp4,0.3297,0.0139,8.36,11.17,0,0
n_1014.mp4,0.3447,0.0135,9.78,10.22,0,0
n_1014.mp4,0.256,0.0199,9.85,11.58,0,0
n_1014.mp4,0.2461,0.0,7.64,9.61,0,0
n_1014.mp4,0.2691,0.0,6.87,9.4,0,0
n_1014.mp4,0.2808,0.0,6.56,9.64,0,0
n_1014.mp4,0.2692,0.013,7.37,8.91,0,0
n_1014.mp4,0.269,0.0129,9.18,8.41,0,0
n_1014.mp4,0.1317,0.0128,9.82,8.57,0,0
n_1014.mp4,0.3359,0.0,9.87,9.29,0,0
n_1014.mp4,0.3402,0.0139,10.46,9.65,0,0
n_1014.mp4,0.3195,0.0,9.29,9.76,0,0
n_1014.mp4,0.3484,0.0133,8.82,8.4,0,0
n_1014.mp4,0.3326,0.0,8.85,7.88,0,0
n_1014.mp4,0.3452,0.0181,8.8,8.11,0,0
n_1014.mp4,0.3328,0.0,8.63,8.23,0,0
n_1014.mp4,0.3561,0.0131,9.31,8.27,0,0
n_1014.mp4,0.3443,0.0128,8.96,8.71,0,0
n_1014.mp4,0.3297,0.0,9.51,9.2,0,0
n_1014.mp4,0.3282,0.0133,9.24,8.82,0,0
n_1014.mp4,0.3453,0.0,8.76,8.93,0,0
n_1014.mp4,0.329,0.0,8.59,9.07,0,0
n_1014.mp4,0.3213,0.0,8.39,9.96,0,0
n_1014.mp4,0.383,0.0,10.04,14.81,0,0
n_1014.mp4,0.3737,0.0,9.77,14.34,0,0
n_1014.mp4,0.1991,0.0151,8.66,14.06,0,0
n_1014.mp4,0.3158,0.0,8.07,12.15,0,0
n_1014.mp4,0.3337,0.0,7.95,11.29,0,0
n_1014.mp4,0.3309,0.0,7.73,10.44,0,0
n_1012.mp4,0.3874,0.0137,7.1,8.05,0,0
n_1012.mp4,0.354,0.0,7.37,8.19,0,0
n_1012.mp4,0.3381,0.0133,7.85,7.91,0,0
n_1012.mp4,0.3332,0.0,7.93,9.13,0,0
n_1012.mp4,0.3776,0.0,8.39,14.52,0,0
n_1012.mp4,0.3991,0.0,8.19,18.02,0,0
n_1012.mp4,0.3677,0.0,8.29,17.61,0,0
n_1012.mp4,0.231,0.0159,9.39,16.09,0,0
n_1012.mp4,0.3763,0.0,8.28,12.41,0,0
n_1012.mp4,0.3558,0.0,6.56,10.48,0,0
n_1012.mp4,0.3295,0.0,6.89,9.32,0,0
n_1012.mp4,0.3554,0.0137,6.88,9.21,0,0
n_1012.mp4,0.3316,0.0,6.33,8.73,0,0
n_1012.mp4,0.3242,0.0,7.04,9.27,0,0
n_1012.mp4,0.3339,0.0139,6.69,9.05,0,0
n_1012.mp4,0.3524,0.0,7.01,9.08,0,0
n_1012.mp4,0.3591,0.0135,7.18,8.58,0,0
n_1012.mp4,0.3384,0.0133,7.53,8.57,0,0
n_1012.mp4,0.352,0.0,7.33,8.61,0,0
n_1012.mp4,0.3491,0.0186,6.88,7.87,0,0
n_1012.mp4,0.3242,0.0188,6.79,7.56,0,0
n_1012.mp4,0.3515,0.0214,9.77,11.8,0,0
n_1012.mp4,0.4357,0.0172,8.5,16.66,0,0
n_1012.mp4,0.3655,0.0,10.2,16.63,0,0
n_1012.mp4,0.3113,0.0,8.69,11.85,0,0
n_1012.mp4,0.3348,0.0139,7.51,10.21,0,0
n_1012.mp4,0.3237,0.0133,7.19,8.52,0,0
n_1012.mp4,0.3139,0.0131,6.9,7.14,0,0
n_1012.mp4,0.3304,0.0131,6.62,6.28,0,0
n_1012.mp4,0.3283,0.0127,5.58,5.65,0,0
n_1012.mp4,0.3266,0.0132,6.18,4.85,0,0
n_1012.mp4,0.3348,0.0186,5.66,4.14,0,0
n_1012.mp4,0.314,0.0129,6.45,3.28,0,0
n_1012.mp4,0.3201,0.0131,6.45,3.13,0,0
n_1012.mp4,0.3108,0.0,6.06,3.13,0,0
n_1012.mp4,0.3101,0.0,6.55,2.93,0,0
n_1012.mp4,0.3007,0.0125,6.47,3.05,0,0
n_1012.mp4,0.2994,0.0128,6.75,3.13,0,0
n_1012.mp4,0.2995,0.0,5.95,3.18,0,0
n_1012.mp4,0.2987,0.0,6.11,3.08,0,0
n_1012.mp4,0.3335,0.0181,6.58,3.24,0,0
n_1012.mp4,0.3014,0.0122,6.47,3.23,0,0
n_1012.mp4,0.3014,0.0,6.6,3.6,0,0
n_1012.mp4,0.3097,0.0,6.72,3.75,0,0
n_1012.mp4,0.3343,0.0,7.03,3.45,0,0
n_1012.mp4,0.2973,0.0124,6.54,2.7,0,0
n_1012.mp4,0.317,0.0,7.01,2.46,0,0
n_1012.mp4,0.3195,0.0,7.2,2.73,0,0
n_1012.mp4,0.3213,0.0126,6.46,3.12,0,0
n_1012.mp4,0.314,0.0,6.58,2.99,0,0
n_1012.mp4,0.3152,0.0,6.5,3.19,0,0
n_1012.mp4,0.3355,0.0,6.85,3.08,0,0
n_1012.mp4,0.3167,0.0,6.78,3.27,0,0
n_1012.mp4,0.3205,0.013,7.37,3.45,0,0
n_1012.mp4,0.3201,0.0,7.12,3.9,0,0
n_1012.mp4,0.3115,0.0128,6.21,3.01,0,0
n_1012.mp4,0.3143,0.0,5.79,1.57,0,0
n_1012.mp4,0.2959,0.0,5.02,1.29,0,0
n_1012.mp4,0.3134,0.0,4.71,1.35,0,0
n_1012.mp4,0.2896,0.0,4.54,1.29,0,0
n_1012.mp4,0.2934,0.0,4.28,1.12,0,0
n_1012.mp4,0.2936,0.0126,5.27,1.48,0,0
n_1012.mp4,0.3329,0.0129,5.51,2.02,0,0
n_1012.mp4,0.3072,0.0187,7.14,3.67,0,0
n_1012.mp4,0.3259,0.0129,6.45,4.88,0,0
n_1012.mp4,0.312,0.0129,7.17,5.8,0,0
n_1012.mp4,0.321,0.0,7.76,6.0,0,0
n_1012.mp4,0.3136,0.0128,7.23,6.45,0,0
n_1012.mp4,0.3258,0.0131,6.93,6.4,0,0
n_1012.mp4,0.3246,0.0,6.88,6.6,0,0
n_1012.mp4,0.3322,0.0,6.7,6.32,0,0
n_1012.mp4,0.3176,0.0128,6.02,6.46,0,0
n_1012.mp4,0.3257,0.013,6.38,7.09,0,0
n_1012.mp4,0.331,0.0136,5.32,6.74,0,0
n_1012.mp4,0.3196,0.0,5.38,6.2,0,0
n_1012.mp4,0.3288,0.0127,4.63,4.93,0,0
n_1012.mp4,0.2979,0.0,5.99,4.04,0,0
n_1012.mp4,0.3345,0.0,5.84,4.24,0,0
n_1012.mp4,0.3184,0.0126,5.85,4.45,0,0
n_1012.mp4,0.3181,0.013,5.89,4.7,0,0
n_1012.mp4,0.3407,0.0127,5.8,5.41,0,0
n_1012.mp4,0.3312,0.0187,5.83,5.94,0,0
n_1012.mp4,0.3496,0.0,6.44,6.65,0,0
n_1012.mp4,0.3491,0.013,6.63,6.84,0,0
n_1012.mp4,0.3471,0.0132,7.35,6.2,0,0
n_1012.mp4,0.3351,0.013,7.27,6.19,0,0
n_1012.mp4,0.3295,0.0,7.86,6.49,0,0
n_1012.mp4,0.3313,0.0181,7.71,5.63,0,0
n_1012.mp4,0.348,0.0123,8.07,6.03,0,0
n_1012.mp4,0.3265,0.0184,7.9,5.29,0,0
n_1012.mp4,0.3466,0.0,9.11,6.86,0,0
n_1012.mp4,0.32,0.013,7.49,6.84,0,0
n_1012.mp4,0.3429,0.0183,7.5,6.11,0,0
n_1012.mp4,0.3387,0.0132,7.98,6.5,0,0
n_1012.mp4,0.3258,0.013,8.06,7.06,0,0
n_1012.mp4,0.3284,0.0133,8.12,6.88,0,0
n_1012.mp4,0.3076,0.0138,9.3,7.6,0,0
n_1012.mp4,0.3274,0.0,8.03,8.87,0,0
n_1012.mp4,0.313,0.0126,8.06,8.38,0,0
n_1016.mp4,0.3809,0.0131,7.08,8.17,0,0
n_1016.mp4,0.3409,0.0,7.06,8.09,0,0
n_1016.mp4,0.3594,0.0142,8.74,10.25,0,0
n_1016.mp4,0.3897,0.0,7.3,11.91,0,0
n_1016.mp4,0.3849,0.0151,7.52,12.56,0,0
n_1016.mp4,0.3798,0.0151,7.14,12.79,0,0
n_1016.mp4,0.2005,0.0,6.23,11.95,0,0
n_1016.mp4,0.3352,0.014,5.81,10.6,0,0
n_1016.mp4,0.3386,0.0134,5.89,9.1,0,0
n_1016.mp4,0.3483,0.0133,6.17,9.03,0,0
n_1016.mp4,0.339,0.0,6.47,8.99,0,0
n_1016.mp4,0.35,0.0138,6.23,9.2,0,0
n_1016.mp4,0.3248,0.0,6.47,9.69,0,0
n_1016.mp4,0.3559,0.0,6.25,9.46,0,0
n_1016.mp4,0.3417,0.0,6.36,9.35,0,0
n_1016.mp4,0.3464,0.0137,6.7,9.33,0,0
n_1016.mp4,0.3207,0.0143,6.73,9.56,0,0
n_1016.mp4,0.3417,0.0138,6.11,9.07,0,0
n_1016.mp4,0.3709,0.0137,6.98,9.6,0,0
n_1016.mp4,0.3656,0.0137,7.43,9.54,0,0
n_1016.mp4,0.3456,0.0139,7.65,10.13,0,0
n_1016.mp4,0.3478,0.0193,8.26,9.31,0,0
n_1016.mp4,0.3176,0.0,8.69,10.68,0,0
n_1016.mp4,0.3254,0.0,8.13,10.71,0,0
n_1016.mp4,0.325,0.0202,7.95,10.22,0,0
n_1016.mp4,0.3202,0.0143,8.0,10.71,0,0
n_1016.mp4,0.3278,0.0135,7.82,10.1,0,0
n_1016.mp4,0.3473,0.0193,7.48,9.95,0,0
n_1016.mp4,0.3215,0.0,8.0,10.53,0,0
n_1016.mp4,0.3063,0.0196,7.85,10.54,0,0
n_1016.mp4,0.3364,0.0141,8.3,10.39,0,0
n_1016.mp4,0.3115,0.0,7.95,10.63,0,0
n_1016.mp4,0.3304,0.0139,7.88,10.37,0,0
n_1016.mp4,0.3263,0.0,7.69,11.03,0,0
n_1016.mp4,0.3771,0.0151,7.68,13.88,0,0
n_1016.mp4,0.4271,0.0175,7.0,15.8,0,0
n_1016.mp4,0.4106,0.0,6.41,17.48,0,0
n_1016.mp4,0.3976,0.0,6.25,17.54,0,0
n_1016.mp4,0.2913,0.0164,6.78,16.35,0,0
n_1016.mp4,0.3853,0.0156,6.79,14.62,0,0
n_1016.mp4,0.3728,0.0154,6.85,13.45,0,0
n_1016.mp4,0.3445,0.0145,7.03,11.63,0,0
n_1016.mp4,0.3604,0.0143,6.45,10.96,0,0
n_1016.mp4,0.3524,0.0143,6.65,10.48,0,0
n_1016.mp4,0.3336,0.0,6.63,10.58,0,0
n_1016.mp4,0.3443,0.0,6.39,10.68,0,0
n_1016.mp4,0.3493,0.0,6.02,10.08,0,0
n_1016.mp4,0.3298,0.0,6.28,10.59,0,0
n_1016.mp4,0.3375,0.0143,6.59,10.48,0,0
n_1016.mp4,0.3349,0.0143,6.65,10.3,0,0
n_1016.mp4,0.3401,0.0,6.47,9.58,0,0
n_1016.mp4,0.3425,0.0137,6.98,10.32,0,0
n_1016.mp4,0.3414,0.0137,6.76,9.16,0,0
n_1016.mp4,0.351,0.0,6.91,8.84,0,0
n_1016.mp4,0.3359,0.0,6.84,8.8,0,0
n_1016.mp4,0.3249,0.0185,6.55,7.93,0,0
n_1016.mp4,0.3363,0.0127,6.63,7.59,0,0
n_1016.mp4,0.3502,0.0127,6.88,7.76,0,0
n_1016.mp4,0.3546,0.013,7.6,8.01,0,0
n_1016.mp4,0.3414,0.0,7.13,7.97,0,0
n_1016.mp4,0.3249,0.0,7.01,7.75,0,0
n_1016.mp4,0.3489,0.0,7.46,7.91,0,0
n_1016.mp4,0.3272,0.0,6.55,8.0,0,0
n_1016.mp4,0.3147,0.0136,6.61,8.67,0,0
n_1016.mp4,0.3319,0.0132,6.57,8.81,0,0
n_1016.mp4,0.3231,0.0,6.87,9.08,0,0
n_1016.mp4,0.3478,0.0135,6.68,9.39,0,0
n_1016.mp4,0.3375,0.0,7.43,9.27,0,0
n_1016.mp4,0.3223,0.0134,8.08,9.3,0,0
n_1016.mp4,0.3574,0.0,8.56,8.94,0,0
n_1016.mp4,0.3652,0.0142,8.41,9.04,0,0
n_1016.mp4,0.3224,0.0138,8.69,9.12,0,0
n_1016.mp4,0.333,0.0198,8.04,9.52,0,0
n_1016.mp4,0.3258,0.0136,8.05,9.49,0,0
n_1016.mp4,0.3283,0.0,8.24,9.49,0,0
n_1016.mp4,0.3324,0.0136,7.36,9.57,0,0
n_1016.mp4,0.3594,0.0,6.89,8.95,0,0
n_1016.mp4,0.3059,0.0131,6.8,9.45,0,0
n_1016.mp4,0.3285,0.0,7.53,9.86,0,0
n_1016.mp4,0.3489,0.0195,6.9,9.27,0,0
n_1016.mp4,0.3561,0.0,7.2,10.44,0,0
n_1016.mp4,0.3494,0.0,7.51,11.05,0,0
n_1016.mp4,0.3775,0.0148,4.98,9.52,0,0
n_1016.mp4,0.3423,0.0,5.19,9.31,0,0
n_1016.mp4,0.3282,0.0,5.94,9.72,0,0
n_1016.mp4,0.3622,0.0132,6.08,8.98,0,0
n_1016.mp4,0.363,0.0,6.39,8.99,0,0
n_1016.mp4,0.3709,0.0,6.07,9.45,0,0
n_1016.mp4,0.3637,0.0,6.2,9.67,0,0
n_1016.mp4,0.3597,0.0144,6.29,9.98,0,0
n_1016.mp4,0.3175,0.0,6.72,9.96,0,0
n_1016.mp4,0.3519,0.0144,6.53,10.41,0,0
n_1016.mp4,0.3526,0.0,5.94,9.64,0,0
n_1016.mp4,0.345,0.02,6.58,9.5,0,0
n_1016.mp4,0.2867,0.0189,7.15,8.77,0,0
n_1016.mp4,0.2676,0.0,7.2,8.81,0,0
n_1016.mp4,0.2764,0.0,7.23,10.06,0,0
n_1016.mp4,0.3019,0.0,6.8,10.47,0,0
n_1016.mp4,0.3081,0.0,6.17,10.32,0,0
n_1001.mp4,0.0861,0.0174,9.07,6.46,0,0
n_1001.mp4,0.1778,0.0126,9.16,7.22,0,0
n_1001.mp4,0.228,0.0,8.9,6.84,0,0
n_1001.mp4,0.2593,0.0126,8.81,6.38,0,0
n_1001.mp4,0.2917,0.0125,8.48,6.27,0,0
n_1001.mp4,0.3106,0.0122,8.84,5.68,0,0
n_1001.mp4,0.3039,0.0177,8.14,5.38,0,0
n_1001.mp4,0.1081,0.0,7.82,4.06,0,0
n_1001.mp4,0.1164,0.0122,6.9,1.91,0,0
n_1001.mp4,0.284,0.0,5.77,-1.78,1,0
n_1001.mp4,0.3168,0.0,4.69,-5.51,1,0
n_1001.mp4,0.3507,0.0,4.5,-7.04,0,0
n_1001.mp4,0.3733,0.0,4.68,-8.54,0,0
n_1001.mp4,0.3504,0.0,4.2,-9.01,1,0
n_1001.mp4,0.3678,0.0,4.25,-9.17,0,0
n_1001.mp4,0.3759,0.0,4.27,-9.05,0,0
n_1001.mp4,0.3679,0.0,4.44,-9.19,0,0
n_1001.mp4,0.3576,0.0,4.1,-9.02,0,0
n_1001.mp4,0.3357,0.0,3.98,-8.47,0,0
n_1001.mp4,0.0892,0.0,4.59,-7.07,0,0
n_1001.mp4,0.1856,0.0,4.04,-5.3,0,0
n_1001.mp4,0.2557,0.0,3.87,-2.87,0,0
n_1001.mp4,0.284,0.0,4.04,-1.3,0,0
n_1001.mp4,0.2992,0.0,3.99,0.09,0,0
n_1001.mp4,0.3039,0.0119,3.67,0.7,0,0
n_1001.mp4,0.3158,0.0,3.56,1.64,0,0
n_1001.mp4,0.315,0.0,3.47,2.06,0,0
n_1001.mp4,0.2917,0.0,3.5,2.53,0,0
n_1001.mp4,0.2903,0.0,2.94,2.75,0,0
n_1001.mp4,0.3113,0.0,3.33,2.99,0,0
n_1001.mp4,0.3075,0.0123,3.4,3.06,0,0
n_1001.mp4,0.3113,0.0,3.75,3.45,0,0
n_1001.mp4,0.3193,0.0,4.04,3.64,0,0
n_1001.mp4,0.3196,0.0,4.57,4.19,0,0
n_1001.mp4,0.3039,0.0,4.81,5.06,0,0
n_1001.mp4,0.3266,0.0,5.48,6.01,0,0
n_1001.mp4,0.3371,0.0132,6.11,7.52,0,0
n_1001.mp4,0.3581,0.0,6.16,8.99,0,0
n_1001.mp4,0.3439,0.0,7.03,10.24,0,0
n_1001.mp4,0.3439,0.0148,7.54,11.8,0,0
n_1001.mp4,0.2218,0.0155,7.49,13.67,0,0
n_1001.mp4,0.4316,0.0,7.72,17.13,0,0
n_1001.mp4,0.5012,0.0212,5.88,21.36,0,0
n_1001.mp4,0.5156,0.0205,4.19,23.3,0,0
n_1001.mp4,0.7613,0.0,3.75,23.22,0,0
n_1001.mp4,1.4958,0.0,2.32,22.75,0,0
n_1001.mp4,0.7052,0.0,3.3,23.55,1,0
n_1001.mp4,0.5558,0.0,4.06,22.85,1,0
n_1001.mp4,0.5744,0.0,4.57,21.34,0,0
n_1001.mp4,0.2879,0.0276,5.64,20.42,0,0
n_1001.mp4,0.3181,0.0178,7.28,18.14,0,0
n_1001.mp4,0.3711,0.0,7.4,16.12,0,0
n_1001.mp4,0.3677,0.0217,8.34,13.75,0,0
n_1001.mp4,0.3545,0.0,7.4,12.44,0,0
n_1001.mp4,0.3471,0.014,8.04,11.03,0,0
n_1001.mp4,0.3574,0.0133,8.26,9.8,0,0
n_1001.mp4,0.3542,0.0131,7.54,9.19,0,0
n_1001.mp4,0.3418,0.0133,7.37,8.46,0,0
n_1001.mp4,0.326,0.0,7.14,8.14,0,0
n_1001.mp4,0.319,0.0,7.08,7.29,0,0
n_1001.mp4,0.3275,0.0,7.16,7.34,0,0
n_1001.mp4,0.3237,0.0,7.25,7.04,0,0
n_1001.mp4,0.3052,0.0125,7.05,6.96,0,0
n_1001.mp4,0.2978,0.0,7.22,6.61,0,0
n_1001.mp4,0.3051,0.0128,7.33,6.53,0,0
n_1001.mp4,0.3054,0.0128,7.26,6.57,0,0
n_1001.mp4,0.3051,0.0179,7.34,6.25,0,0
n_1001.mp4,0.3155,0.0174,7.92,6.02,0,0
n_1001.mp4,0.3124,0.0126,7.65,6.05,0,0
n_1001.mp4,0.3182,0.0126,7.9,5.98,0,0
n_1001.mp4,0.3187,0.0125,7.72,5.99,0,0
n_1001.mp4,0.3252,0.0,7.72,5.78,0,0
n_1001.mp4,0.3163,0.0,7.4,5.35,0,0
n_1001.mp4,0.3128,0.012,7.61,5.29,0,0
n_1001.mp4,0.319,0.0119,7.7,5.23,0,0
n_1001.mp4,0.295,0.012,7.46,4.97,0,0
n_1001.mp4,0.3066,0.012,7.35,4.6,0,0
n_1001.mp4,0.3037,0.0,7.3,3.84,0,0
n_1001.mp4,0.2985,0.0,7.16,3.78,0,0
n_1001.mp4,0.3046,0.0124,6.16,3.14,0,0
n_1001.mp4,0.3005,0.0,6.9,2.77,0,0
n_1001.mp4,0.3181,0.0122,6.37,2.8,0,0
n_1001.mp4,0.2862,0.0,6.32,2.04,0,0
n_1001.mp4,0.295,0.0,6.21,1.99,0,0
n_1001.mp4,0.2918,0.0,6.66,1.65,0,0
n_1001.mp4,0.317,0.0,6.97,1.24,0,0
n_1001.mp4,0.3139,0.0,6.72,1.51,0,0
n_1001.mp4,0.2984,0.0,6.61,1.26,0,0
n_1001.mp4,0.2918,0.0,6.66,1.19,0,0
n_1001.mp4,0.2929,0.0,6.58,1.02,0,0
n_1001.mp4,0.3252,0.0,6.92,0.81,0,0
n_1001.mp4,0.2732,0.0,6.37,0.64,0,0
n_1001.mp4,0.3039,0.0,6.32,1.04,0,0
n_1001.mp4,0.2856,0.0,6.29,0.94,0,0
n_1001.mp4,0.2875,0.0,6.33,0.77,0,0
n_1001.mp4,0.3061,0.0,6.37,0.93,0,0
n_1001.mp4,0.3018,0.0,5.74,1.11,0,0
n_1001.mp4,0.316,0.0,5.18,0.98,0,0
n_1001.mp4,0.3048,0.0121,5.38,0.94,0,0
n_1001.mp4,0.1789,0.0,5.96,1.14,0,0
n_1001.mp4,0.1277,0.0,6.14,1.27,0,0
n_1001.mp4,0.2557,0.0125,5.34,1.25,0,0
n_1001.mp4,0.2755,0.0,5.01,0.89,0,0
n_1001.mp4,0.3187,0.0,4.73,0.84,0,0
n_1001.mp4,0.3292,0.0,4.79,0.96,0,0
n_1001.mp4,0.294,0.0,5.14,0.87,0,0
n_1001.mp4,0.3034,0.0123,5.05,1.59,0,0
n_1001.mp4,0.3087,0.0,5.92,1.95,0,0
n_1001.mp4,0.3032,0.0,5.82,2.56,0,0
n_1001.mp4,0.331,0.0,6.48,2.96,0,0
n_1001.mp4,0.3009,0.0,7.06,3.1,0,0
n_1001.mp4,0.3131,0.0177,8.18,3.31,0,0
n_1001.mp4,0.3165,0.0,8.74,3.39,0,0
n_1001.mp4,0.3353,0.0128,9.63,3.55,0,0
n_1001.mp4,0.3041,0.0123,10.11,4.08,0,0
n_1001.mp4,0.3183,0.0,10.07,5.01,0,0
n_1001.mp4,0.3275,0.0124,10.3,5.33,0,0
n_1001.mp4,0.3358,0.0128,10.3,5.74,0,0
n_1001.mp4,0.3063,0.0131,10.14,5.56,0,0
n_1001.mp4,0.3165,0.0126,9.5,5.77,0,0
n_1001.mp4,0.3275,0.0128,9.94,5.55,0,0
n_1001.mp4,0.3287,0.0,10.2,5.69,0,0
n_1001.mp4,0.3376,0.0126,10.1,5.72,0,0
n_1001.mp4,0.3401,0.0126,9.27,5.8,0,0
n_1001.mp4,0.3052,0.0,9.93,6.47,0,0
n_1001.mp4,0.3109,0.0126,9.96,6.5,0,0
n_1001.mp4,0.3378,0.0,9.7,6.87,0,0
n_1001.mp4,0.3119,0.0181,9.25,6.67,0,0
n_1001.mp4,0.3318,0.0,8.71,6.81,0,0
n_1001.mp4,0.318,0.0128,8.82,7.07,0,0
n_1001.mp4,0.3337,0.0125,9.19,6.7,0,0
n_1001.mp4,0.2981,0.0127,8.73,6.97,0,0
n_1001.mp4,0.3313,0.0,8.99,7.07,0,0
n_1001.mp4,0.3134,0.013,8.58,7.21,0,0
n_1001.mp4,0.3467,0.0129,8.6,7.7,0,0
n_1001.mp4,0.3258,0.0184,8.17,7.61,0,0
n_1001.mp4,0.333,0.0184,8.14,7.7,0,0
n_1001.mp4,0.3219,0.0187,7.8,7.46,0,0
n_1001.mp4,0.3242,0.0129,8.13,7.54,0,0
n_1001.mp4,0.3157,0.0,7.16,7.32,0,0
n_1001.mp4,0.3273,0.0128,7.1,7.09,0,0
n_1001.mp4,0.327,0.0129,6.84,6.64,0,0
n_1001.mp4,0.3145,0.0126,6.64,6.8,0,0
n_1001.mp4,0.3309,0.0177,7.11,6.64,0,0
n_1001.mp4,0.3592,0.0178,7.5,5.98,0,0
n_1001.mp4,0.3369,0.0176,6.52,6.1,0,0
n_1001.mp4,0.33,0.017,6.77,6.43,0,0
n_1001.mp4,0.3441,0.0123,7.11,6.45,0,0
n_1001.mp4,0.3498,0.0181,7.09,6.98,0,0
n_1002.mp4,0.2901,0.0193,8.68,6.66,0,0
n_1002.mp4,0.322,0.0,7.75,2.32,0,0
n_1002.mp4,0.3251,0.0132,7.78,1.77,0,0
n_1002.mp4,0.3023,0.0,6.56,2.54,0,0
n_1002.mp4,0.3122,0.0,6.41,2.53,0,0
n_1002.mp4,0.3018,0.0,6.14,2.86,0,0
n_1002.mp4,0.3056,0.0,6.22,2.97,0,0
n_1002.mp4,0.2884,0.0,6.14,3.14,0,0
n_1002.mp4,0.3048,0.0187,5.64,3.38,0,0
n_1002.mp4,0.2956,0.0,5.84,3.25,0,0
n_1002.mp4,0.2972,0.0,5.23,3.21,0,0
n_1002.mp4,0.2998,0.0,5.1,2.84,0,0
n_1002.mp4,0.31,0.0,4.52,3.0,0,0
n_1002.mp4,0.2839,0.0,4.41,2.56,0,0
n_1002.mp4,0.3142,0.0,4.13,2.37,0,0
n_1002.mp4,0.3163,0.0,4.47,2.48,0,0
n_1002.mp4,0.3041,0.0,5.52,2.04,0,0
n_1002.mp4,0.301,0.0,6.62,2.33,0,0
n_1002.mp4,0.2938,0.0,7.18,2.67,0,0
n_1002.mp4,0.3062,0.0,6.92,2.88,0,0
n_1002.mp4,0.2983,0.0,6.61,3.05,0,0
n_1002.mp4,0.2954,0.0,6.45,3.21,0,0
n_1002.mp4,0.3039,0.0,6.1,3.49,0,0
n_1002.mp4,0.3021,0.0,5.47,3.68,0,0
n_1002.mp4,0.2885,0.013,4.85,3.24,0,0
n_1002.mp4,0.3041,0.0,4.56,3.14,0,0
n_1002.mp4,0.3096,0.013,4.76,2.86,0,0
n_1002.mp4,0.3099,0.0,4.94,2.71,0,0
n_1002.mp4,0.3185,0.013,5.16,3.27,0,0
n_1002.mp4,0.3064,0.0,4.62,3.56,0,0
n_1002.mp4,0.3085,0.0,4.35,3.92,0,0
n_1002.mp4,0.3054,0.0131,4.51,3.8,0,0
n_1002.mp4,0.3289,0.0,5.02,4.33,0,0
n_1002.mp4,0.3078,0.0,4.78,4.82,0,0
n_1002.mp4,0.3192,0.0134,4.92,4.82,0,0
n_1002.mp4,0.3426,0.0,4.99,4.79,0,0
n_1002.mp4,0.3325,0.0136,5.3,4.98,0,0
n_1002.mp4,0.3333,0.0,5.15,5.62,0,0
n_1002.mp4,0.3455,0.0,5.34,6.46,0,0
n_1002.mp4,0.3709,0.0,4.46,7.67,0,0
n_1002.mp4,0.3839,0.0,4.6,8.32,0,0
n_1002.mp4,0.3811,0.0138,3.89,9.05,0,0
n_1002.mp4,0.3726,0.0,4.2,9.43,0,0
n_1002.mp4,0.3856,0.0143,5.85,9.84,0,0
n_1002.mp4,0.3742,0.0146,6.73,9.85,0,0
n_1002.mp4,0.4299,0.0,7.48,9.39,0,0
n_1002.mp4,0.3791,0.0144,8.3,9.27,0,0
n_1002.mp4,0.3803,0.0,8.91,9.41,0,0
n_1002.mp4,0.4062,0.0,7.93,9.23,0,0
n_1002.mp4,0.2241,0.0147,6.97,8.78,0,0
n_1002.mp4,0.2065,0.0144,5.59,9.03,0,0
n_1002.mp4,0.3098,0.0145,5.2,8.98,0,0
n_1002.mp4,0.3361,0.0,5.08,9.16,0,0
n_1002.mp4,0.3419,0.0144,5.58,9.02,0,0
n_1002.mp4,0.3178,0.0,5.82,8.75,0,0
n_1002.mp4,0.3574,0.0,6.37,8.9,0,0
n_1002.mp4,0.3237,0.0,5.57,8.09,0,0
n_1002.mp4,0.3593,0.0142,5.1,8.38,0,0
n_1002.mp4,0.3508,0.0137,5.28,8.99,0,0
n_1002.mp4,0.3411,0.0,6.04,9.36,0,0
n_1002.mp4,0.347,0.0,4.33,9.17,0,0
n_1002.mp4,0.3619,0.0,4.18,9.58,0,0
n_1002.mp4,0.3314,0.0146,4.0,9.28,0,0
n_1002.mp4,0.3268,0.0,3.26,9.43,0,0
n_1002.mp4,0.3381,0.0,3.75,8.81,0,0
n_1002.mp4,0.3321,0.0136,3.57,8.32,0,0
n_1002.mp4,0.3404,0.0,3.37,7.89,0,0
n_1002.mp4,0.3504,0.0142,4.26,7.42,0,0
n_1002.mp4,0.3353,0.0,4.84,7.04,0,0
n_1002.mp4,0.3553,0.0193,4.13,6.89,0,0
n_1002.mp4,0.3412,0.0,4.27,7.24,0,0
n_1002.mp4,0.3636,0.0,3.65,7.1,0,0
n_1002.mp4,0.3465,0.0138,4.27,7.34,0,0
n_1002.mp4,0.3581,0.0,3.85,8.09,0,0
n_1002.mp4,0.3836,0.0,4.41,8.57,0,0
n_1002.mp4,0.398,0.0,4.25,9.36,0,0
n_1002.mp4,0.3939,0.0,4.43,9.86,0,0
n_1002.mp4,0.4109,0.0148,4.88,9.98,0,0
n_1002.mp4,0.4153,0.0225,5.47,11.92,0,0
n_1002.mp4,0.4792,0.0,7.5,13.99,0,0
n_1002.mp4,0.5197,0.0,8.34,16.32,0,0
n_1002.mp4,0.5023,0.0177,8.83,18.98,0,0
n_1002.mp4,0.4983,0.0177,8.87,19.79,0,0
n_1002.mp4,0.6036,0.0,7.36,20.93,0,0
n_1002.mp4,0.5562,0.0193,6.37,20.89,0,0
n_1002.mp4,0.6264,0.0,5.24,21.64,0,0
n_1002.mp4,0.6696,0.0215,5.57,22.03,1,0
n_1002.mp4,0.6932,0.0218,5.7,22.13,0,0
n_1002.mp4,0.8881,0.0,5.48,22.51,0,0
n_1002.mp4,0.7125,0.0226,4.19,22.97,0,0
n_1002.mp4,0.6626,0.0343,4.08,23.3,0,0
n_1002.mp4,0.6876,0.0,4.07,22.88,0,0
n_1002.mp4,0.6793,0.0,3.19,22.76,0,0
n_1002.mp4,0.4613,0.0,5.6,20.9,0,0
n_1002.mp4,0.4977,0.0,6.67,20.0,0,0
n_1002.mp4,0.5193,0.0,6.89,18.3,0,0
n_1002.mp4,0.5033,0.0172,7.26,15.72,0,0
n_1002.mp4,0.4346,0.0,6.0,14.78,0,0
n_1002.mp4,0.4032,0.0161,6.46,13.23,0,0
n_1002.mp4,0.3886,0.0,5.46,12.22,0,0
n_1002.mp4,0.3599,0.0,5.67,11.93,0,0
n_1002.mp4,0.3875,0.0204,6.09,11.36,0,0
n_1002.mp4,0.3595,0.0,5.34,10.66,0,0
n_1002.mp4,0.3779,0.0,6.15,10.04,0,0
n_1002.mp4,0.3574,0.0142,5.44,9.59,0,0
n_1002.mp4,0.3565,0.0,5.18,9.16,0,0
n_1002.mp4,0.3686,0.0,5.58,8.67,0,0
n_1002.mp4,0.3582,0.0,5.89,8.19,0,0
n_1002.mp4,0.36,0.0,6.4,8.03,0,0
n_1002.mp4,0.3558,0.0137,6.36,7.73,0,0
n_1002.mp4,0.3471,0.0137,6.24,7.61,0,0
n_1002.mp4,0.354,0.0136,5.91,7.56,0,0
n_1002.mp4,0.3636,0.0136,6.02,7.46,0,0
n_1002.mp4,0.363,0.0195,6.3,7.41,0,0
n_1002.mp4,0.3635,0.0,6.4,7.66,0,0
n_1002.mp4,0.3594,0.0195,6.19,7.76,0,0
n_1002.mp4,0.3474,0.0195,6.47,7.71,0,0
n_1002.mp4,0.3664,0.0,6.26,7.59,0,0
n_1002.mp4,0.373,0.0,6.51,7.61,0,0
n_1002.mp4,0.3573,0.0,6.25,7.61,0,0
n_1002.mp4,0.35,0.0,6.21,7.34,0,0
n_1002.mp4,0.345,0.0,6.22,7.2,0,0
n_1002.mp4,0.3471,0.0,6.38,7.56,0,0
n_1002.mp4,0.3346,0.0137,6.2,7.38,0,0
n_1002.mp4,0.3577,0.0136,6.1,7.49,0,0
n_1002.mp4,0.3538,0.0,6.29,7.75,0,0
n_1002.mp4,0.3466,0.0137,6.38,7.49,0,0
n_1002.mp4,0.3526,0.0,6.68,7.41,0,0
n_1002.mp4,0.3515,0.0,6.42,7.31,0,0
n_1002.mp4,0.3613,0.0139,6.28,7.21,0,0
n_1002.mp4,0.3425,0.0133,5.76,7.34,0,0
n_1002.mp4,0.3195,0.0133,7.16,6.94,0,0
n_1002.mp4,0.3392,0.0,6.03,6.87,0,0
n_1002.mp4,0.337,0.0,6.7,6.9,0,0
n_1002.mp4,0.3435,0.0,6.67,6.73,0,0
n_1002.mp4,0.3386,0.0,6.44,6.94,0,0
n_1002.mp4,0.3358,0.0,7.42,6.8,0,0
n_1002.mp4,0.3336,0.0131,6.78,6.84,0,0
n_1002.mp4,0.3418,0.0135,6.49,6.81,0,0
n_1002.mp4,0.3398,0.0,6.26,6.67,0,0
n_1002.mp4,0.3194,0.0,6.37,6.55,0,0
n_1002.mp4,0.3331,0.0135,6.94,6.42,0,0
n_1002.mp4,0.3357,0.0,6.61,5.91,0,0
n_1002.mp4,0.3476,0.0131,7.22,6.37,0,0
n_1002.mp4,0.339,0.0134,7.63,6.38,0,0
n_1002.mp4,0.3386,0.0131,7.91,6.62,0,0
n_1002.mp4,0.3381,0.0135,7.46,7.26,0,0
n_1002.mp4,0.3497,0.0,7.41,6.93,0,0
n_1002.mp4,0.3476,0.0,6.61,6.98,0,0
n_1002.mp4,0.3126,0.0131,7.17,6.86,0,0
n_1017.mp4,0.3625,0.0137,6.75,9.59,0,0
n_1017.mp4,0.3613,0.0,6.45,9.96,0,0
n_1017.mp4,0.3285,0.0,6.19,8.98,0,0
n_1017.mp4,0.3416,0.0,6.4,8.82,0,0
n_1017.mp4,0.3489,0.0131,6.97,8.32,0,0
n_1017.mp4,0.3205,0.0,6.33,7.63,0,0
n_1017.mp4,0.3359,0.0127,6.76,7.45,0,0
n_1017.mp4,0.3484,0.0127,7.24,7.36,0,0
n_1017.mp4,0.3432,0.0189,7.68,8.28,0,0
n_1017.mp4,0.353,0.0,6.8,7.56,0,0
n_1017.mp4,0.3424,0.0,6.88,7.7,0,0
n_1017.mp4,0.3461,0.0132,6.85,7.83,0,0
n_1017.mp4,0.3217,0.0136,6.62,8.47,0,0
n_1017.mp4,0.3419,0.0,6.71,8.89,0,0
n_1017.mp4,0.3321,0.0142,6.61,9.01,0,0
n_1017.mp4,0.3381,0.014,7.19,9.4,0,0
n_1017.mp4,0.3424,0.0,6.73,9.2,0,0
n_1017.mp4,0.3589,0.0,8.27,9.18,0,0
n_1017.mp4,0.3584,0.0,8.32,8.85,0,0
n_1017.mp4,0.353,0.0192,8.4,8.95,0,0
n_1017.mp4,0.3628,0.014,8.7,9.25,0,0
n_1017.mp4,0.3448,0.014,8.57,9.31,0,0
n_1017.mp4,0.3564,0.0,7.97,9.14,0,0
n_1017.mp4,0.3367,0.0136,8.07,9.53,0,0
n_1017.mp4,0.3197,0.0,8.14,9.68,0,0
n_1017.mp4,0.3392,0.0,7.1,9.41,0,0
n_1017.mp4,0.3403,0.0,6.73,9.21,0,0
n_1017.mp4,0.322,0.0,6.8,9.51,0,0
n_1017.mp4,0.3287,0.0,7.16,9.74,0,0
n_1017.mp4,0.3769,0.0142,7.73,9.58,0,0
n_1017.mp4,0.3419,0.0148,7.72,10.52,0,0
n_1017.mp4,0.3642,0.0,6.32,10.6,0,0
n_1017.mp4,0.3583,0.0,5.25,8.87,0,0
n_1017.mp4,0.3417,0.0148,5.46,9.52,0,0
n_1017.mp4,0.3465,0.0,5.99,9.57,0,0
n_1017.mp4,0.3498,0.0,6.19,9.04,0,0
n_1017.mp4,0.3835,0.0134,6.11,9.06,0,0
n_1017.mp4,0.3454,0.0,6.09,9.45,0,0
n_1017.mp4,0.37,0.0,6.16,9.89,0,0
n_1017.mp4,0.361,0.0,6.34,10.02,0,0
n_1017.mp4,0.3085,0.014,7.2,10.16,0,0
n_1017.mp4,0.3217,0.0,6.59,10.06,0,0
n_1017.mp4,0.3516,0.0,6.25,9.57,0,0
n_1017.mp4,0.2719,0.0138,7.26,9.2,0,0
n_1017.mp4,0.2781,0.0,7.17,8.88,0,0
n_1017.mp4,0.2811,0.0,7.25,9.22,0,0
n_1017.mp4,0.1507,0.0,6.79,10.41,0,0
n_1017.mp4,0.3274,0.0,6.78,10.52,0,0
n_1017.mp4,0.3195,0.0145,6.01,10.3,0,0
n_1017.mp4,0.3374,0.0147,6.23,10.47,0,0
n_1017.mp4,0.3866,0.0143,6.35,10.23,0,0
n_1017.mp4,0.3489,0.0145,6.33,10.09,0,0
n_1017.mp4,0.3756,0.0146,6.04,10.45,0,0
n_1017.mp4,0.3851,0.0,6.04,10.21,0,0
n_1017.mp4,0.3642,0.0,6.39,10.27,0,0
n_1017.mp4,0.3559,0.0144,6.43,10.26,0,0
n_1017.mp4,0.358,0.0138,6.1,9.76,0,0
n_1017.mp4,0.3682,0.0142,6.64,9.01,0,0
n_1017.mp4,0.3809,0.0,7.67,9.0,0,0
n_1017.mp4,0.3608,0.0195,7.9,8.86,0,0
n_1017.mp4,0.351,0.0,7.99,9.26,0,0
n_1017.mp4,0.3412,0.0133,7.41,9.13,0,0
n_1017.mp4,0.3359,0.0,6.89,9.21,0,0
n_1017.mp4,0.3484,0.0134,6.6,9.1,0,0
n_1017.mp4,0.3655,0.0,6.43,9.33,0,0
n_1017.mp4,0.3637,0.0,6.39,9.36,0,0
n_1017.mp4,0.3326,0.0138,6.26,9.47,0,0
n_1017.mp4,0.3349,0.0,8.2,11.27,0,0
n_1017.mp4,0.3731,0.0153,7.92,13.18,0,0
n_1017.mp4,0.3887,0.0,8.81,13.74,0,0
n_1017.mp4,0.2802,0.0,7.7,13.35,0,0
n_1017.mp4,0.3099,0.0142,7.19,12.02,0,0
n_1017.mp4,0.3345,0.014,5.82,11.05,0,0
n_1017.mp4,0.3395,0.0,6.25,10.32,0,0
n_1017.mp4,0.3465,0.0,7.07,10.81,0,0
n_1017.mp4,0.3539,0.0142,6.58,10.63,0,0
n_1017.mp4,0.343,0.0136,5.89,9.82,0,0
n_1017.mp4,0.3636,0.0,6.49,9.95,0,0
n_1017.mp4,0.3343,0.0133,6.42,9.33,0,0
n_1017.mp4,0.3549,0.0132,6.19,8.91,0,0
n_1017.mp4,0.3571,0.0,6.5,8.77,0,0
n_1017.mp4,0.371,0.0131,6.41,8.76,0,0
n_1017.mp4,0.3704,0.0138,6.35,9.36,0,0
n_1017.mp4,0.3477,0.0,6.72,10.1,0,0
n_1017.mp4,0.447,0.0172,6.62,15.8,0,0
n_1017.mp4,0.4035,0.0,6.56,18.74,0,0
n_1017.mp4,0.4593,0.0192,5.94,19.08,0,0
n_1017.mp4,0.4484,0.0185,6.62,19.05,0,0
n_1017.mp4,0.4212,0.0182,7.5,18.31,0,0
n_1017.mp4,0.4555,0.0172,7.48,17.25,0,0
n_1017.mp4,0.2629,0.0,7.83,15.82,0,0
n_1017.mp4,0.4067,0.0,5.66,13.71,0,0
n_1017.mp4,0.3646,0.0143,5.91,12.5,0,0
n_1017.mp4,0.3681,0.0143,6.35,11.89,0,0
n_1017.mp4,0.3596,0.0,6.72,11.33,0,0
n_1017.mp4,0.3711,0.0145,7.63,11.73,0,0
n_1017.mp4,0.4001,0.0,5.95,12.13,0,0
n_1017.mp4,0.3994,0.0,5.12,10.9,0,0
n_1017.mp4,0.3785,0.014,6.11,10.12,0,0
n_1018.mp4,0.3248,0.0,7.64,10.37,0,0
n_1018.mp4,0.3718,0.014,6.21,9.8,0,0
n_1018.mp4,0.3694,0.0146,6.4,10.01,0,0
n_1018.mp4,0.3777,0.014,5.86,9.96,0,0
n_1018.mp4,0.3976,0.0,6.27,10.22,0,0
n_1018.mp4,0.3331,0.0144,6.22,10.32,0,0
n_1018.mp4,0.3515,0.0,5.67,10.02,0,0
n_1018.mp4,0.369,0.0138,6.12,9.08,0,0
n_1018.mp4,0.3725,0.0,7.13,8.83,0,0
n_1018.mp4,0.3615,0.0134,7.45,9.31,0,0
n_1018.mp4,0.355,0.0,7.67,9.15,0,0
n_1018.mp4,0.3395,0.0136,7.25,9.18,0,0
n_1018.mp4,0.35,0.0136,6.56,9.02,0,0
n_1018.mp4,0.3474,0.0135,6.61,9.31,0,0
n_1018.mp4,0.3332,0.0,6.5,8.98,0,0
n_1018.mp4,0.354,0.014,6.3,9.52,0,0
n_1018.mp4,0.3658,0.0,6.18,9.53,0,0
n_1018.mp4,0.3572,0.0,6.99,10.5,0,0
n_1018.mp4,0.35,0.0,7.96,11.9,0,0
n_1018.mp4,0.3736,0.0,8.16,13.5,0,0
n_1018.mp4,0.3789,0.0,8.23,13.63,0,0
n_1018.mp4,0.1379,0.0149,7.25,12.69,0,0
n_1018.mp4,0.3615,0.0,6.05,11.48,0,0
n_1018.mp4,0.3501,0.0138,6.1,10.48,0,0
n_1018.mp4,0.3259,0.014,6.81,10.67,0,0
n_1018.mp4,0.3538,0.0142,6.96,10.71,0,0
n_1018.mp4,0.3414,0.0,5.75,10.39,0,0
n_1018.mp4,0.36,0.0,5.93,9.74,0,0
n_1018.mp4,0.3603,0.014,6.81,10.11,0,0
n_1018.mp4,0.3418,0.0132,5.82,9.16,0,0
n_1018.mp4,0.3486,0.0136,6.45,9.3,0,0
n_1018.mp4,0.3792,0.0,6.34,9.18,0,0
n_1018.mp4,0.3671,0.0,6.5,9.07,0,0
n_1018.mp4,0.2833,0.0,6.46,8.95,0,0
n_1018.mp4,0.3889,0.015,7.64,11.79,0,0
n_1018.mp4,0.4292,0.0184,6.31,18.0,1,0
n_1018.mp4,0.4525,0.0,5.8,19.68,0,0
n_1018.mp4,0.4599,0.0,5.98,19.46,0,0
n_1018.mp4,0.4298,0.0,7.79,19.12,0,0
n_1018.mp4,0.4711,0.0185,7.07,18.06,0,0
n_1018.mp4,0.4511,0.0,7.22,16.67,0,0
n_1018.mp4,0.3582,0.0,5.31,14.46,0,0
n_1018.mp4,0.3682,0.0,5.65,13.32,0,0
n_1018.mp4,0.3709,0.0,5.81,12.32,0,0
n_1018.mp4,0.3544,0.0,5.9,11.73,0,0
n_1018.mp4,0.4026,0.0143,6.92,11.43,0,0
n_1018.mp4,0.3768,0.0,6.06,12.05,0,0
n_1018.mp4,0.3688,0.0,5.66,11.23,0,0
n_1018.mp4,0.3942,0.0,5.12,10.84,0,0
n_1018.mp4,0.3547,0.014,6.79,10.41,0,0
n_1018.mp4,0.3754,0.0,6.75,10.92,0,0
n_1018.mp4,0.3759,0.0,6.13,10.89,0,0
n_1018.mp4,0.3516,0.0,6.51,10.37,0,0
n_1018.mp4,0.341,0.0,7.86,11.1,0,0
n_1018.mp4,0.3543,0.0,5.92,10.34,0,0
n_1018.mp4,0.3563,0.0139,5.91,10.28,0,0
n_1018.mp4,0.3562,0.0,6.13,10.33,0,0
n_1018.mp4,0.3365,0.0139,6.07,10.72,0,0
n_1018.mp4,0.3488,0.0135,6.31,10.61,0,0
n_1018.mp4,0.3232,0.0135,6.65,10.73,0,0
n_1018.mp4,0.3436,0.0137,6.63,11.05,0,0
n_1018.mp4,0.3438,0.0,6.61,11.23,0,0
n_1018.mp4,0.3605,0.0,6.61,11.53,0,0
n_1018.mp4,0.3204,0.0,6.53,11.31,0,0
n_1018.mp4,0.3167,0.0143,7.2,12.06,0,0
n_1018.mp4,0.3413,0.0137,6.8,12.07,0,0
n_1018.mp4,0.3212,0.0,6.22,11.85,0,0
n_1018.mp4,0.3222,0.0,6.5,12.29,0,0
n_1018.mp4,0.3493,0.0139,6.71,12.24,0,0
n_1018.mp4,0.3166,0.0135,7.02,12.1,0,0
n_1018.mp4,0.3299,0.0,6.74,11.9,0,0
n_1018.mp4,0.3396,0.0,6.14,11.53,0,0
n_1018.mp4,0.357,0.0139,5.94,10.95,0,0
n_1018.mp4,0.3299,0.0,6.25,11.0,0,0
n_1018.mp4,0.3473,0.0,5.94,9.98,0,0
n_1018.mp4,0.3451,0.0,5.79,9.68,0,0
n_1018.mp4,0.3721,0.0131,6.31,9.69,0,0
n_1018.mp4,0.3546,0.0,6.86,9.83,0,0
n_1018.mp4,0.3474,0.0,7.48,9.83,0,0
n_1018.mp4,0.3839,0.0,7.49,9.61,0,0
n_1018.mp4,0.3216,0.0133,7.5,9.66,0,0
n_1018.mp4,0.3557,0.0,7.37,9.78,0,0
n_1018.mp4,0.3679,0.0131,7.18,9.08,0,0
n_1018.mp4,0.095,0.013,8.43,8.77,0,0
n_1018.mp4,0.1029,0.0,6.67,4.42,0,0
n_1018.mp4,0.2046,0.0,6.9,2.37,0,0
n_1018.mp4,0.038,0.0,6.61,3.35,0,0
n_1018.mp4,0.2276,0.0129,7.08,5.65,0,0
n_1018.mp4,0.3251,0.0128,6.66,6.75,0,0
n_1018.mp4,0.3283,0.0126,6.48,6.92,0,0
n_1018.mp4,0.3335,0.0128,6.34,7.08,0,0
n_1018.mp4,0.3312,0.0,6.0,7.68,0,0
n_1018.mp4,0.3317,0.0126,6.17,7.68,0,0
n_1018.mp4,0.3305,0.0128,5.83,7.56,0,0
n_1018.mp4,0.3399,0.0,5.54,7.66,0,0
n_1018.mp4,0.3628,0.0,5.75,7.55,0,0
n_1018.mp4,0.3642,0.0126,5.91,7.36,0,0
n_1018.mp4,0.3576,0.0129,6.2,7.82,0,0
n_1018.mp4,0.3511,0.0131,6.08,8.02,0,0
n_1018.mp4,0.3541,0.0,5.83,7.83,0,0
n_102.mp4,0.0784,0.0107,0.42,3.19,0,0
n_102.mp4,0.2367,0.0,2.21,1.26,0,0
n_102.mp4,0.4078,0.0112,2.55,2.78,0,0
n_102.mp4,0.3799,0.0,3.31,2.77,0,0
n_102.mp4,0.4084,0.0,4.26,2.47,0,0
n_102.mp4,0.4162,0.0111,4.38,2.38,0,0
n_102.mp4,0.4164,0.0,4.94,2.41,0,0
n_102.mp4,0.4008,0.0,5.48,2.5,0,0
n_102.mp4,0.3874,0.0,5.57,1.32,0,0
n_102.mp4,0.2533,0.0,3.35,-0.04,0,0
n_102.mp4,0.1983,0.0106,0.73,-0.16,0,0
n_102.mp4,0.2129,0.0,-0.18,0.1,0,0
n_102.mp4,0.2111,0.0,-1.16,-0.77,0,0
n_102.mp4,0.2079,0.0,-0.53,-1.51,0,0
n_102.mp4,0.2311,0.0107,-0.92,-1.95,0,0
n_102.mp4,0.2281,0.0,-1.01,-2.1,0,0
n_102.mp4,0.2235,0.0,-0.76,-2.04,0,0
n_102.mp4,0.2253,0.0106,-0.06,-1.47,0,0
n_102.mp4,0.2129,0.0,0.22,-1.43,0,0
n_102.mp4,0.2179,0.0105,0.45,-1.06,0,0
n_102.mp4,0.2266,0.0,0.28,-1.2,0,0
n_102.mp4,0.2319,0.0108,1.03,-1.0,0,0
n_102.mp4,0.2101,0.0109,0.71,-1.4,0,0
n_102.mp4,0.2035,0.0108,1.0,-0.76,0,0
n_102.mp4,0.2198,0.0,0.84,-0.84,0,0
n_102.mp4,0.2201,0.0,0.59,-0.92,0,0
n_102.mp4,0.2263,0.0107,0.77,-1.06,0,0
n_102.mp4,0.0861,0.0,1.9,-0.41,0,0
n_102.mp4,0.3741,0.0112,2.22,0.42,0,0
n_102.mp4,0.3898,0.0,3.05,0.91,0,0
n_102.mp4,0.3893,0.0116,2.9,0.87,0,0
n_102.mp4,0.4043,0.0,3.28,1.82,0,0
n_102.mp4,0.4111,0.0115,3.67,1.53,0,0
n_102.mp4,0.4096,0.0161,3.67,2.02,0,0
n_102.mp4,0.4364,0.0,3.32,1.69,0,0
n_102.mp4,0.4376,0.0112,3.21,1.64,0,0
n_102.mp4,0.4127,0.0,3.19,1.4,0,0
n_102.mp4,0.4026,0.0,3.34,1.69,0,0
n_102.mp4,0.4032,0.0,3.6,2.06,0,0
n_102.mp4,0.4167,0.0,3.73,1.87,0,0
n_102.mp4,0.4125,0.0,3.74,1.59,0,0
n_102.mp4,0.4269,0.0162,3.41,1.49,0,0
n_102.mp4,0.4156,0.0115,3.88,2.21,0,0
n_102.mp4,0.425,0.0,3.69,1.28,0,0
n_102.mp4,0.3989,0.0114,4.08,1.91,0,0
n_102.mp4,0.4355,0.0114,3.82,1.36,0,0
n_102.mp4,0.4196,0.0116,4.21,2.0,0,0
n_102.mp4,0.4199,0.0,4.23,1.83,0,0
n_102.mp4,0.4405,0.0114,4.38,1.96,0,0
n_102.mp4,0.4213,0.0112,4.11,1.76,0,0
n_102.mp4,0.4195,0.0,4.09,2.09,0,0
n_102.mp4,0.4357,0.0,4.11,2.09,0,0
n_102.mp4,0.4231,0.0,4.23,1.67,0,0
n_102.mp4,0.2859,0.0,4.47,1.65,0,0
n_102.mp4,0.3042,0.0112,4.78,1.58,0,0
n_102.mp4,0.3846,0.0,4.67,1.85,0,0
n_102.mp4,0.3983,0.0111,4.82,2.25,0,0
n_102.mp4,0.402,0.0155,4.62,1.93,0,0
n_102.mp4,0.4046,0.0159,4.75,2.43,0,0
n_102.mp4,0.411,0.011,4.73,2.4,0,0
n_102.mp4,0.4076,0.011,4.82,2.2,0,0
n_102.mp4,0.4012,0.0,4.86,2.38,0,0
n_102.mp4,0.4211,0.0,4.6,2.45,0,0
n_102.mp4,0.3977,0.0,5.04,2.32,0,0
n_102.mp4,0.4115,0.0,5.23,2.34,0,0
n_102.mp4,0.4134,0.0155,5.32,2.4,0,0
n_102.mp4,0.4054,0.0,5.5,2.61,0,0
n_102.mp4,0.4017,0.0,5.03,2.57,0,0
n_102.mp4,0.4025,0.0111,4.98,2.44,0,0
n_102.mp4,0.4047,0.0,4.83,2.69,0,0
n_102.mp4,0.404,0.0,4.86,2.63,0,0
n_102.mp4,0.216,0.0,5.44,1.73,0,0
n_102.mp4,0.3642,0.0,5.26,2.22,0,0
n_102.mp4,0.3997,0.0,5.06,2.16,0,0
n_102.mp4,0.3808,0.0,5.45,2.12,0,0
n_102.mp4,0.3993,0.0108,5.42,2.13,0,0
n_102.mp4,0.4048,0.0,5.65,2.43,0,0
n_102.mp4,0.4002,0.0,5.8,2.33,0,0
n_102.mp4,0.4138,0.0111,5.75,2.3,0,0
n_102.mp4,0.3852,0.0111,5.51,2.81,0,0
n_102.mp4,0.4179,0.0,5.95,2.43,0,0
n_102.mp4,0.3971,0.0109,5.83,2.86,0,0
n_102.mp4,0.4053,0.0111,6.02,2.42,0,0
n_102.mp4,0.4044,0.0111,6.1,2.57,0,0
n_102.mp4,0.4079,0.0112,5.9,2.51,0,0
n_102.mp4,0.4029,0.0,5.87,2.49,0,0
n_102.mp4,0.402,0.0,6.0,2.37,0,0
n_102.mp4,0.3996,0.0113,5.63,2.11,0,0
n_102.mp4,0.4152,0.0111,5.1,2.4,0,0
n_102.mp4,0.4049,0.0,5.64,2.19,0,0
n_102.mp4,0.392,0.0,5.41,2.43,0,0
n_102.mp4,0.3272,0.0111,5.28,2.61,0,0
n_102.mp4,0.3312,0.0111,5.29,2.1,0,0
n_102.mp4,0.3656,0.0111,5.08,2.63,0,0
n_102.mp4,0.3888,0.0,4.81,2.19,0,0
n_102.mp4,0.3787,0.0,4.9,2.64,0,0
n_102.mp4,0.3916,0.0,4.85,2.34,0,0
n_102.mp4,0.1707,0.0112,5.37,2.31,0,0
n_102.mp4,0.3729,0.0111,4.74,1.76,0,0
n_102.mp4,0.3674,0.0113,4.97,1.92,0,0
n_1019.mp4,0.3593,0.014,7.44,11.25,0,0
n_1019.mp4,0.3498,0.0,6.26,10.37,0,0
n_1019.mp4,0.3445,0.0,7.29,10.49,0,0
n_1019.mp4,0.326,0.0139,7.08,10.83,0,0
n_1019.mp4,0.3585,0.0,5.94,10.67,0,0
n_1019.mp4,0.3526,0.0135,5.79,10.08,0,0
n_1019.mp4,0.3434,0.0141,6.22,10.72,0,0
n_1019.mp4,0.3398,0.0,5.65,10.66,0,0
n_1019.mp4,0.334,0.0135,6.13,10.7,0,0
n_1019.mp4,0.3051,0.0191,6.7,11.09,0,0
n_1019.mp4,0.3326,0.0,6.69,11.16,0,0
n_1019.mp4,0.3368,0.0,6.91,11.21,0,0
n_1019.mp4,0.3491,0.0,6.96,11.59,0,0
n_1019.mp4,0.3277,0.0,6.96,11.74,0,0
n_1019.mp4,0.3126,0.0139,7.27,12.69,0,0
n_1019.mp4,0.3247,0.0137,6.63,12.1,0,0
n_1019.mp4,0.3388,0.0199,6.44,12.44,0,0
n_1019.mp4,0.3453,0.0141,5.98,12.21,0,0
n_1019.mp4,0.3514,0.0141,6.36,12.36,0,0
n_1019.mp4,0.3188,0.0137,6.8,12.14,0,0
n_1019.mp4,0.3334,0.0141,6.75,12.04,0,0
n_1019.mp4,0.3259,0.0137,6.27,11.3,0,0
n_1019.mp4,0.3417,0.0,5.65,11.17,0,0
n_1019.mp4,0.3606,0.0139,5.73,10.9,0,0
n_1019.mp4,0.354,0.0133,5.96,10.02,0,0
n_1019.mp4,0.3522,0.0,6.2,9.61,0,0
n_1019.mp4,0.3719,0.0,6.27,9.59,0,0
n_1019.mp4,0.3013,0.0,7.54,9.85,0,0
n_1019.mp4,0.3687,0.0132,7.37,9.67,0,0
n_1019.mp4,0.3577,0.0131,7.55,9.69,0,0
n_1019.mp4,0.3094,0.0133,7.65,9.93,0,0
n_1019.mp4,0.3587,0.0184,7.27,9.11,0,0
n_1019.mp4,0.293,0.0135,7.77,9.18,0,0
n_1019.mp4,0.0269,0.0131,8.2,7.92,0,0
n_1019.mp4,0.1717,0.0,6.68,3.39,0,0
n_1019.mp4,0.1982,0.0,7.16,2.52,0,0
n_1019.mp4,0.0323,0.0127,7.2,4.31,0,0
n_1019.mp4,0.2996,0.0,6.67,6.14,0,0
n_1019.mp4,0.3302,0.013,6.59,6.71,0,0
n_1019.mp4,0.3461,0.0,6.31,7.36,0,0
n_1019.mp4,0.3434,0.013,5.9,7.45,0,0
n_1019.mp4,0.3533,0.013,5.99,7.59,0,0
n_1019.mp4,0.3386,0.0126,6.33,7.72,0,0
n_1019.mp4,0.3575,0.0,5.91,7.47,0,0
n_1019.mp4,0.3367,0.0126,5.34,7.42,0,0
n_1019.mp4,0.345,0.0126,5.96,7.83,0,0
n_1019.mp4,0.3727,0.0131,5.8,7.48,0,0
n_1019.mp4,0.3568,0.0,6.39,7.77,0,0
n_1019.mp4,0.3383,0.0,6.23,7.99,0,0
n_1019.mp4,0.3299,0.0125,5.92,7.74,0,0
n_1019.mp4,0.329,0.0,5.8,7.76,0,0
n_1019.mp4,0.3343,0.0128,5.7,7.76,0,0
n_1019.mp4,0.3511,0.0126,5.92,7.62,0,0
n_1019.mp4,0.3312,0.0126,6.13,7.64,0,0
n_1019.mp4,0.3581,0.0128,6.75,8.12,0,0
n_1019.mp4,0.345,0.0,6.6,8.17,0,0
n_1019.mp4,0.3368,0.0126,6.34,8.24,0,0
n_1019.mp4,0.3454,0.013,6.18,8.28,0,0
n_1019.mp4,0.3338,0.0,6.77,8.96,0,0
n_1019.mp4,0.3408,0.0133,6.41,9.21,0,0
n_1019.mp4,0.328,0.0,6.45,9.17,0,0
n_1019.mp4,0.3343,0.0,6.36,9.24,0,0
n_1019.mp4,0.3402,0.0131,6.59,9.07,0,0
n_1019.mp4,0.3421,0.0131,6.33,8.48,0,0
n_1019.mp4,0.336,0.0131,6.53,8.75,0,0
n_1019.mp4,0.3428,0.0128,6.56,8.76,0,0
n_1019.mp4,0.3501,0.013,6.32,8.34,0,0
n_1019.mp4,0.3409,0.0,6.08,8.36,0,0
n_1019.mp4,0.3262,0.0,7.05,8.92,0,0
n_1019.mp4,0.3412,0.0,6.63,9.68,0,0
n_1019.mp4,0.3498,0.0,6.81,8.88,0,0
n_1019.mp4,0.348,0.0133,7.08,9.11,0,0
n_1019.mp4,0.3186,0.0128,7.77,9.82,0,0
n_1019.mp4,0.316,0.0,8.32,10.21,0,0
n_1019.mp4,0.3436,0.0132,8.16,10.06,0,0
n_1019.mp4,0.3211,0.0132,8.05,10.61,0,0
n_1019.mp4,0.2957,0.0132,7.71,10.26,0,0
n_1019.mp4,0.3232,0.0,7.9,10.08,0,0
n_1019.mp4,0.312,0.0135,7.63,9.82,0,0
n_1019.mp4,0.3214,0.013,7.73,9.99,0,0
n_1019.mp4,0.3219,0.0,7.65,9.7,0,0
n_1019.mp4,0.3644,0.0127,7.77,9.78,0,0
n_1019.mp4,0.3283,0.0135,7.38,9.94,0,0
n_1019.mp4,0.3282,0.0,6.81,10.17,0,0
n_1019.mp4,0.3493,0.0184,6.76,9.91,0,0
n_1019.mp4,0.3267,0.0133,6.88,10.65,0,0
n_1019.mp4,0.3305,0.0132,7.19,10.47,0,0
n_1019.mp4,0.3218,0.0133,7.04,10.36,0,0
n_1019.mp4,0.3479,0.0133,6.95,10.02,0,0
n_1019.mp4,0.3426,0.0125,6.47,8.46,0,0
n_1019.mp4,0.3266,0.0183,7.34,7.53,0,0
n_1019.mp4,0.3033,0.0125,6.5,6.22,0,0
n_1019.mp4,0.3386,0.0,7.07,6.87,0,0
n_1019.mp4,0.3321,0.0,6.86,7.42,0,0
n_1019.mp4,0.3335,0.013,6.78,7.89,0,0
n_1019.mp4,0.3392,0.0123,6.09,7.49,0,0
n_1019.mp4,0.3524,0.0,6.24,7.39,0,0
n_1019.mp4,0.3557,0.0128,6.26,7.22,0,0
n_1019.mp4,0.3371,0.0,6.69,7.8,0,0
n_1019.mp4,0.3284,0.0,6.8,8.03,0,0
n_1020.mp4,0.3473,0.0131,5.82,7.55,0,0
n_1020.mp4,0.3406,0.0126,5.79,7.59,0,0
n_1020.mp4,0.354,0.0125,5.86,7.76,0,0
n_1020.mp4,0.3383,0.0126,6.44,7.73,0,0
n_1020.mp4,0.3383,0.013,6.76,8.38,0,0
n_1020.mp4,0.3468,0.0,6.6,8.34,0,0
n_1020.mp4,0.3301,0.0,6.51,8.33,0,0
n_1020.mp4,0.3458,0.0133,6.11,8.32,0,0
n_1020.mp4,0.3374,0.0133,6.5,8.9,0,0
n_1020.mp4,0.3422,0.0133,6.39,9.29,0,0
n_1020.mp4,0.3328,0.0133,6.33,9.14,0,0
n_1020.mp4,0.328,0.0131,6.32,9.06,0,0
n_1020.mp4,0.3441,0.0,5.87,8.68,0,0
n_1020.mp4,0.3501,0.0131,6.28,8.37,0,0
n_1020.mp4,0.3232,0.0128,6.55,8.96,0,0
n_1020.mp4,0.3501,0.0133,6.3,8.18,0,0
n_1020.mp4,0.3412,0.0129,6.68,8.48,0,0
n_1020.mp4,0.3274,0.0,6.54,8.46,0,0
n_1020.mp4,0.332,0.0,7.34,9.04,0,0
n_1020.mp4,0.3355,0.0131,6.99,9.52,0,0
n_1020.mp4,0.3599,0.0126,6.95,9.03,0,0
n_1020.mp4,0.3417,0.0181,7.27,9.49,0,0
n_1020.mp4,0.3237,0.0128,8.34,9.59,0,0
n_1020.mp4,0.3398,0.0,8.33,10.02,0,0
n_1020.mp4,0.3219,0.013,8.7,10.39,0,0
n_1020.mp4,0.329,0.013,7.8,10.29,0,0
n_1020.mp4,0.3017,0.0132,7.69,9.97,0,0
n_1020.mp4,0.3383,0.013,8.12,10.03,0,0
n_1020.mp4,0.3113,0.0,7.53,9.91,0,0
n_1020.mp4,0.3255,0.0,7.62,10.06,0,0
n_1020.mp4,0.3439,0.013,7.91,9.88,0,0
n_1020.mp4,0.3375,0.0128,7.89,9.55,0,0
n_1020.mp4,0.3368,0.0132,7.3,9.78,0,0
n_1020.mp4,0.3092,0.0132,7.33,10.16,0,0
n_1020.mp4,0.3478,0.0,7.18,9.76,0,0
n_1020.mp4,0.3246,0.0,6.97,10.7,0,0
n_1020.mp4,0.3521,0.0128,6.66,10.04,0,0
n_1020.mp4,0.3338,0.0132,7.23,10.29,0,0
n_1020.mp4,0.3618,0.0127,7.35,9.42,0,0
n_1020.mp4,0.3498,0.0,6.78,7.78,0,0
n_1020.mp4,0.3128,0.0,7.03,6.99,0,0
n_1020.mp4,0.3225,0.0123,6.42,6.09,0,0
n_1020.mp4,0.3389,0.0126,7.0,7.03,0,0
n_1020.mp4,0.3367,0.0127,7.09,7.49,0,0
n_1020.mp4,0.3444,0.0127,6.49,7.73,0,0
n_1020.mp4,0.3357,0.0123,6.12,7.46,0,0
n_1020.mp4,0.3684,0.0128,6.15,7.32,0,0
n_1020.mp4,0.3267,0.0,6.7,7.58,0,0
n_1020.mp4,0.3385,0.013,6.64,7.98,0,0
n_1020.mp4,0.3336,0.0181,7.1,8.19,0,0
n_1020.mp4,0.3607,0.0,6.93,7.84,0,0
n_1020.mp4,0.2058,0.0122,7.09,7.19,0,0
n_1020.mp4,0.233,0.0,6.78,5.45,0,0
n_1020.mp4,0.2362,0.0,6.01,3.53,0,0
n_1020.mp4,0.2162,0.0,5.96,1.8,0,0
n_1020.mp4,0.2267,0.0,5.88,1.33,0,0
n_1020.mp4,0.181,0.0,6.24,2.16,0,0
n_1020.mp4,0.2897,0.0,6.52,3.28,0,0
n_1020.mp4,0.3211,0.0,6.82,3.9,0,0
n_1020.mp4,0.3313,0.0,7.54,5.19,0,0
n_1020.mp4,0.329,0.0,7.56,7.4,0,0
n_1020.mp4,0.3643,0.0,7.58,12.55,0,0
n_1020.mp4,0.4156,0.0,5.52,15.81,0,0
n_1020.mp4,0.423,0.0,5.4,17.63,0,0
n_1020.mp4,0.4366,0.0,2.92,19.51,0,0
n_1020.mp4,0.419,0.0,4.06,20.07,0,0
n_1020.mp4,0.4111,0.0159,7.4,15.95,0,0
n_1020.mp4,0.3538,0.0141,6.73,12.54,0,0
n_1020.mp4,0.3551,0.0,5.13,10.32,0,0
n_1020.mp4,0.3197,0.0131,4.91,9.17,0,0
n_1020.mp4,0.3248,0.0135,5.43,9.31,0,0
n_1020.mp4,0.3468,0.0135,5.99,9.36,0,0
n_1020.mp4,0.3437,0.0135,5.64,9.31,0,0
n_1020.mp4,0.3428,0.0133,5.47,8.96,0,0
n_1020.mp4,0.3321,0.0,5.84,9.16,0,0
n_1020.mp4,0.3662,0.0,6.37,8.85,0,0
n_1020.mp4,0.3288,0.0133,6.32,8.72,0,0
n_1020.mp4,0.3529,0.0,6.29,9.7,0,0
n_1020.mp4,0.3418,0.0,6.29,9.34,0,0
n_1020.mp4,0.3417,0.0135,5.84,9.01,0,0
n_1020.mp4,0.3425,0.0133,6.41,8.76,0,0
n_1020.mp4,0.3434,0.0131,6.86,8.93,0,0
n_1020.mp4,0.3297,0.0137,6.76,9.63,0,0
n_1020.mp4,0.3629,0.0133,6.63,8.82,0,0
n_1020.mp4,0.353,0.0,6.56,9.6,0,0
n_1020.mp4,0.3403,0.0193,6.89,9.78,0,0
n_1020.mp4,0.3436,0.0133,6.35,9.16,0,0
n_1020.mp4,0.3328,0.0,6.65,9.49,0,0
n_1020.mp4,0.3374,0.0135,6.21,9.38,0,0
n_1020.mp4,0.3371,0.0186,6.45,9.17,0,0
n_1020.mp4,0.3384,0.0,6.73,8.97,0,0
n_1020.mp4,0.3486,0.0137,6.73,9.31,0,0
n_1020.mp4,0.3214,0.0,7.0,9.7,0,0
n_1020.mp4,0.3216,0.0,6.78,9.52,0,0
n_1020.mp4,0.328,0.0133,6.33,9.28,0,0
n_1020.mp4,0.3532,0.0,6.16,8.83,0,0
n_1020.mp4,0.2522,0.0131,7.45,7.91,0,0
n_1020.mp4,0.2501,0.0129,5.85,5.41,0,0
n_1020.mp4,0.2353,0.0126,4.79,3.49,0,0
n_1020.mp4,0.2299,0.0,4.77,2.36,0,0
n_1021.mp4,0.2907,0.0,9.22,7.73,0,0
n_1021.mp4,0.2225,0.0176,7.26,5.83,0,0
n_1021.mp4,0.2304,0.0,6.01,4.41,0,0
n_1021.mp4,0.2242,0.0119,6.09,2.6,0,0
n_1021.mp4,0.2152,0.0169,6.17,1.27,0,0
n_1021.mp4,0.1383,0.012,6.09,1.96,0,0
n_1021.mp4,0.2699,0.0,6.23,2.66,0,0
n_1021.mp4,0.2894,0.0,6.73,3.7,0,0
n_1021.mp4,0.32,0.0,7.09,4.04,0,0
n_1021.mp4,0.3222,0.0127,7.42,6.66,0,0
n_1021.mp4,0.3473,0.0,8.12,9.26,0,0
n_1021.mp4,0.4199,0.0,6.98,15.21,0,0
n_1021.mp4,0.4347,0.0,5.43,15.97,0,0
n_1021.mp4,0.4512,0.0,3.55,19.19,0,0
n_1021.mp4,0.4696,0.0,3.5,19.78,0,0
n_1021.mp4,0.3199,0.0,6.61,17.8,0,0
n_1021.mp4,0.3631,0.0147,6.85,14.01,0,0
n_1021.mp4,0.3318,0.0,5.59,11.17,0,0
n_1021.mp4,0.3329,0.0131,4.83,9.74,0,0
n_1021.mp4,0.3445,0.0133,5.39,8.74,0,0
n_1021.mp4,0.3514,0.0,5.98,9.49,0,0
n_1021.mp4,0.3469,0.0,5.8,9.81,0,0
n_1021.mp4,0.3445,0.0133,5.46,8.93,0,0
n_1021.mp4,0.3517,0.0135,5.61,8.92,0,0
n_1021.mp4,0.3486,0.0,6.24,9.26,0,0
n_1021.mp4,0.3555,0.0,6.37,8.78,0,0
n_1021.mp4,0.3478,0.0,6.44,9.08,0,0
n_1021.mp4,0.3637,0.0137,6.22,9.92,0,0
n_1021.mp4,0.3366,0.0,6.42,9.35,0,0
n_1021.mp4,0.3315,0.013,6.49,9.41,0,0
n_1021.mp4,0.3482,0.0,7.08,9.03,0,0
n_1021.mp4,0.3291,0.0137,6.55,9.23,0,0
n_1021.mp4,0.3368,0.0,6.14,9.03,0,0
n_1021.mp4,0.3248,0.0135,6.5,9.24,0,0
n_1021.mp4,0.3489,0.0137,6.45,9.23,0,0
n_1021.mp4,0.3385,0.0131,6.5,9.36,0,0
n_1021.mp4,0.3432,0.0131,6.64,9.2,0,0
n_1021.mp4,0.3299,0.0,6.25,9.56,0,0
n_1021.mp4,0.3715,0.0139,6.42,9.38,0,0
n_1021.mp4,0.3554,0.0133,6.53,9.07,0,0
n_1021.mp4,0.3253,0.0,6.34,8.82,0,0
n_1021.mp4,0.3401,0.0,6.98,9.36,0,0
n_1021.mp4,0.3625,0.0133,6.72,9.33,0,0
n_1021.mp4,0.329,0.0137,6.61,9.32,0,0
n_1021.mp4,0.3417,0.0137,6.4,9.42,0,0
n_1021.mp4,0.303,0.0,6.58,8.23,0,0
n_1021.mp4,0.2342,0.0131,6.3,6.64,0,0
n_1021.mp4,0.2469,0.0,5.64,4.26,0,0
n_1021.mp4,0.2276,0.0,4.4,2.93,0,0
n_1021.mp4,0.2152,0.0,4.63,3.14,0,0
n_1021.mp4,0.2334,0.0,5.42,4.88,0,0
n_1021.mp4,0.3472,0.0,5.37,6.04,0,0
n_1021.mp4,0.3427,0.0126,6.04,7.35,0,0
n_1021.mp4,0.35,0.0129,6.28,7.89,0,0
n_1021.mp4,0.3526,0.0133,6.32,8.41,0,0
n_1021.mp4,0.325,0.0,6.53,8.54,0,0
n_1021.mp4,0.3426,0.0,6.63,8.66,0,0
n_1021.mp4,0.342,0.0134,5.63,8.71,0,0
n_1021.mp4,0.3305,0.0128,5.05,8.48,0,0
n_1021.mp4,0.3679,0.0187,4.12,7.95,0,0
n_1021.mp4,0.3502,0.0182,4.62,7.49,0,0
n_1021.mp4,0.3574,0.0133,5.74,7.02,0,0
n_1021.mp4,0.3491,0.0,5.92,6.67,0,0
n_1021.mp4,0.3617,0.0,5.74,6.58,0,0
n_1021.mp4,0.3597,0.013,5.67,6.77,0,0
n_1021.mp4,0.3346,0.0,5.89,7.26,0,0
n_1021.mp4,0.334,0.0,6.51,7.5,0,0
n_1021.mp4,0.37,0.0,7.46,7.91,0,0
n_1021.mp4,0.3573,0.0,7.81,8.03,0,0
n_1021.mp4,0.3353,0.0,7.89,8.22,0,0
n_1021.mp4,0.3369,0.0181,7.4,8.54,0,0
n_1021.mp4,0.3179,0.0128,7.1,8.46,0,0
n_1021.mp4,0.3517,0.0131,7.11,9.03,0,0
n_1021.mp4,0.3431,0.0133,7.35,9.32,0,0
n_1021.mp4,0.3314,0.0133,7.26,9.36,0,0
n_1021.mp4,0.32,0.0,6.33,10.28,0,0
n_1021.mp4,0.3288,0.0,8.18,11.96,0,0
n_1021.mp4,0.3695,0.0,6.91,14.48,0,0
n_1021.mp4,0.3783,0.0,7.45,14.4,0,0
n_1021.mp4,0.387,0.0,7.81,14.66,0,0
n_1021.mp4,0.1908,0.0145,7.72,13.33,0,0
n_1021.mp4,0.3567,0.0,5.9,11.09,0,0
n_1021.mp4,0.3628,0.0132,5.37,9.24,0,0
n_1021.mp4,0.3374,0.0,5.87,8.3,0,0
n_1021.mp4,0.3242,0.0128,5.49,7.6,0,0
n_1021.mp4,0.3268,0.0,5.76,7.28,0,0
n_1021.mp4,0.322,0.0,5.34,6.82,0,0
n_1021.mp4,0.3261,0.0,5.06,6.76,0,0
n_1021.mp4,0.3257,0.0126,5.31,6.71,0,0
n_1021.mp4,0.3311,0.0128,5.33,7.02,0,0
n_1021.mp4,0.3162,0.0123,4.91,6.98,0,0
n_1021.mp4,0.3375,0.0128,5.41,7.33,0,0
n_1021.mp4,0.3343,0.0,4.8,6.94,0,0
n_1021.mp4,0.3385,0.0123,6.17,7.93,0,0
n_1021.mp4,0.3376,0.0,6.35,7.4,0,0
n_1021.mp4,0.3464,0.0,7.09,7.47,0,0
n_1021.mp4,0.3302,0.0,8.63,8.55,0,0
n_1021.mp4,0.3377,0.0127,9.04,8.42,0,0
n_1021.mp4,0.336,0.0125,11.47,8.23,0,0
n_1021.mp4,0.3153,0.0126,13.04,9.01,0,0
n_1023.mp4,0.3326,0.0,13.72,7.94,0,0
n_1023.mp4,0.3107,0.0131,14.75,6.86,0,0
n_1023.mp4,0.3356,0.0137,12.6,6.21,0,0
n_1023.mp4,0.3202,0.0135,10.4,5.67,0,0
n_1023.mp4,0.3146,0.0,11.63,7.04,0,0
n_1023.mp4,0.3123,0.0135,12.45,9.01,0,0
n_1023.mp4,0.3172,0.0132,11.25,8.6,0,0
n_1023.mp4,0.3465,0.0131,10.72,7.4,0,0
n_1023.mp4,0.3236,0.0,10.92,6.11,0,0
n_1023.mp4,0.3418,0.0,11.28,6.46,0,0
n_1023.mp4,0.3374,0.0123,11.44,6.41,0,0
n_1023.mp4,0.3395,0.0126,12.0,6.34,0,0
n_1023.mp4,0.3418,0.0,10.56,5.26,0,0
n_1023.mp4,0.316,0.0,11.12,4.77,0,0
n_1023.mp4,0.3422,0.0,11.39,5.12,0,0
n_1023.mp4,0.3016,0.0,11.59,6.18,0,0
n_1023.mp4,0.3266,0.0,11.44,6.1,0,0
n_1023.mp4,0.3026,0.0,11.31,6.5,0,0
n_1023.mp4,0.3162,0.0,11.64,6.91,0,0
n_1023.mp4,0.3133,0.0131,12.15,6.64,0,0
n_1023.mp4,0.3018,0.0,11.71,6.83,0,0
n_1023.mp4,0.3124,0.0,11.89,7.04,0,0
n_1023.mp4,0.318,0.0,12.19,6.29,0,0
n_1023.mp4,0.3172,0.0,11.67,5.36,0,0
n_1023.mp4,0.3034,0.0,10.42,2.28,0,0
n_1023.mp4,0.305,0.0127,11.01,1.09,0,0
n_1023.mp4,0.2868,0.0,10.62,1.93,0,0
n_1023.mp4,0.2821,0.0,11.51,4.57,0,0
n_1023.mp4,0.1174,0.0123,12.17,4.45,0,0
n_1023.mp4,0.2983,0.0,8.27,0.06,0,0
n_1023.mp4,0.3184,0.0117,6.84,-3.78,0,0
n_1023.mp4,0.3138,0.0,6.67,-5.6,0,0
n_1023.mp4,0.3292,0.0,6.63,-6.0,0,0
n_1023.mp4,0.325,0.0,6.65,-6.11,0,0
n_1023.mp4,0.3288,0.0,6.67,-6.88,0,0
n_1023.mp4,0.3312,0.0,6.6,-7.26,0,0
n_1023.mp4,0.3233,0.0,6.53,-6.52,0,0
n_1023.mp4,0.1298,0.0,6.47,-2.23,0,0
n_1023.mp4,0.2902,0.0,7.52,3.12,0,0
n_1023.mp4,0.3294,0.0,6.98,5.97,0,0
n_1023.mp4,0.3374,0.0127,6.7,7.18,0,0
n_1023.mp4,0.3454,0.0,6.49,7.29,0,0
n_1023.mp4,0.336,0.0,6.6,7.4,0,0
n_1023.mp4,0.3298,0.0,6.85,7.78,0,0
n_1023.mp4,0.3261,0.0,7.15,7.65,0,0
n_1023.mp4,0.3353,0.0123,6.97,7.76,0,0
n_1023.mp4,0.3335,0.0126,6.64,7.83,0,0
n_1023.mp4,0.3298,0.0126,6.92,8.17,0,0
n_1023.mp4,0.3314,0.0133,6.85,8.82,0,0
n_1023.mp4,0.3296,0.0191,6.98,9.56,0,0
n_1023.mp4,0.328,0.0188,7.1,8.88,0,0
n_1023.mp4,0.3348,0.0,7.06,9.07,0,0
n_1023.mp4,0.3197,0.0,7.27,8.99,0,0
n_1023.mp4,0.328,0.0,7.18,9.16,0,0
n_1023.mp4,0.326,0.0,7.31,8.8,0,0
n_1023.mp4,0.3293,0.013,7.29,8.53,0,0
n_1023.mp4,0.3352,0.0126,7.38,8.55,0,0
n_1023.mp4,0.3393,0.0,7.77,8.77,0,0
n_1023.mp4,0.3452,0.0,7.47,9.11,0,0
n_1023.mp4,0.3484,0.013,7.13,8.37,0,0
n_1023.mp4,0.3348,0.0125,6.75,8.16,0,0
n_1023.mp4,0.3485,0.0125,7.67,8.46,0,0
n_1023.mp4,0.3181,0.0125,8.51,8.53,0,0
n_1023.mp4,0.3381,0.0,8.03,8.31,0,0
n_1023.mp4,0.3307,0.0,7.76,8.88,0,0
n_1023.mp4,0.3314,0.0133,7.23,8.06,0,0
n_1023.mp4,0.3211,0.0,5.53,6.82,0,0
n_1023.mp4,0.3334,0.0131,6.37,6.75,0,0
n_1023.mp4,0.3516,0.0127,6.61,7.04,0,0
n_1023.mp4,0.3429,0.0,6.93,6.84,0,0
n_1023.mp4,0.3386,0.0128,7.2,7.25,0,0
n_1023.mp4,0.3368,0.0183,7.0,7.09,0,0
n_1023.mp4,0.3517,0.0128,6.83,7.0,0,0
n_1023.mp4,0.3217,0.0126,6.97,6.92,0,0
n_1023.mp4,0.3043,0.0,6.9,6.95,0,0
n_1023.mp4,0.3274,0.0128,6.96,7.07,0,0
n_1023.mp4,0.3414,0.0186,7.12,7.84,0,0
n_1023.mp4,0.3331,0.0,6.85,7.76,0,0
n_1023.mp4,0.3504,0.0,6.66,7.32,0,0
n_1023.mp4,0.3342,0.0129,6.97,7.76,0,0
n_1023.mp4,0.3421,0.0,6.68,7.32,0,0
n_1023.mp4,0.3351,0.0126,6.92,7.61,0,0
n_1023.mp4,0.3133,0.0126,7.15,7.82,0,0
n_1023.mp4,0.3305,0.0128,6.65,7.6,0,0
n_1023.mp4,0.3321,0.0131,6.77,7.81,0,0
n_1023.mp4,0.341,0.0,6.35,7.3,0,0
n_1023.mp4,0.3479,0.0,6.95,7.9,0,0
n_1023.mp4,0.3429,0.013,6.88,8.03,0,0
n_1023.mp4,0.3161,0.0129,6.38,7.94,0,0
n_1023.mp4,0.3373,0.0,6.66,8.14,0,0
n_1023.mp4,0.337,0.0,6.53,7.98,0,0
n_1023.mp4,0.3396,0.0126,6.83,7.84,0,0
n_1023.mp4,0.3359,0.0,7.07,7.67,0,0
n_1023.mp4,0.3315,0.0131,6.8,7.74,0,0
n_1023.mp4,0.3308,0.0126,6.55,7.64,0,0
n_1023.mp4,0.336,0.0128,6.57,7.68,0,0
n_1023.mp4,0.3165,0.0126,7.05,7.82,0,0
n_1023.mp4,0.3299,0.0128,7.14,7.85,0,0
n_1023.mp4,0.3183,0.0186,7.98,8.14,0,0
n_1023.mp4,0.2454,0.0,5.96,5.38,0,0
n_1022.mp4,0.3229,0.0,5.17,5.66,0,0
n_1022.mp4,0.3235,0.0128,5.31,6.47,0,0
n_1022.mp4,0.3473,0.0126,6.3,7.7,0,0
n_1022.mp4,0.3441,0.0126,5.92,7.87,0,0
n_1022.mp4,0.3486,0.0135,6.04,8.69,0,0
n_1022.mp4,0.3618,0.0135,6.24,8.91,0,0
n_1022.mp4,0.3306,0.0129,6.4,8.73,0,0
n_1022.mp4,0.3309,0.0193,5.77,8.96,0,0
n_1022.mp4,0.3648,0.0131,5.09,8.49,0,0
n_1022.mp4,0.3736,0.0189,4.46,7.79,0,0
n_1022.mp4,0.3464,0.0,5.0,7.17,0,0
n_1022.mp4,0.3457,0.0,5.9,6.95,0,0
n_1022.mp4,0.3406,0.0125,6.03,6.89,0,0
n_1022.mp4,0.3431,0.0128,6.07,6.55,0,0
n_1022.mp4,0.3508,0.0132,6.17,7.05,0,0
n_1022.mp4,0.3658,0.0,5.37,6.89,0,0
n_1022.mp4,0.3568,0.0,6.49,7.67,0,0
n_1022.mp4,0.3454,0.0,7.1,7.74,0,0
n_1022.mp4,0.3542,0.0,7.73,7.82,0,0
n_1022.mp4,0.3373,0.0131,7.29,8.47,0,0
n_1022.mp4,0.3555,0.0133,6.74,8.58,0,0
n_1022.mp4,0.3444,0.0128,6.85,8.29,0,0
n_1022.mp4,0.357,0.0,6.5,9.41,0,0
n_1022.mp4,0.3408,0.0128,7.42,9.55,0,0
n_1022.mp4,0.3256,0.013,7.29,9.43,0,0
n_1022.mp4,0.3466,0.0196,7.24,10.64,0,0
n_1022.mp4,0.3804,0.0149,8.41,13.58,0,0
n_1022.mp4,0.3793,0.0,7.51,15.3,0,0
n_1022.mp4,0.4135,0.0,7.53,15.11,0,0
n_1022.mp4,0.3968,0.0,7.44,14.09,0,0
n_1022.mp4,0.2843,0.0,7.45,13.1,0,0
n_1022.mp4,0.3368,0.0,5.55,10.2,0,0
n_1022.mp4,0.3453,0.013,5.26,8.53,0,0
n_1022.mp4,0.3423,0.0,6.03,8.14,0,0
n_1022.mp4,0.332,0.0128,5.44,7.3,0,0
n_1022.mp4,0.3092,0.0128,5.82,7.08,0,0
n_1022.mp4,0.3169,0.0,5.45,6.86,0,0
n_1022.mp4,0.3279,0.0,5.17,6.76,0,0
n_1022.mp4,0.3311,0.0122,5.24,7.06,0,0
n_1022.mp4,0.3438,0.0128,5.13,7.07,0,0
n_1022.mp4,0.3377,0.0,5.04,7.12,0,0
n_1022.mp4,0.3312,0.0125,5.09,7.33,0,0
n_1022.mp4,0.3299,0.0,5.93,7.05,0,0
n_1022.mp4,0.3205,0.0,5.77,7.91,0,0
n_1022.mp4,0.3278,0.0,6.56,7.15,0,0
n_1022.mp4,0.3381,0.0126,7.83,8.16,0,0
n_1022.mp4,0.3425,0.0123,8.88,8.54,0,0
n_1022.mp4,0.3338,0.0125,9.98,8.53,0,0
n_1022.mp4,0.3171,0.0,13.0,7.89,0,0
n_1022.mp4,0.311,0.0177,12.88,8.8,0,0
n_1022.mp4,0.3347,0.0,13.39,7.96,0,0
n_1022.mp4,0.3179,0.0,14.46,7.63,0,0
n_1022.mp4,0.3245,0.0,14.14,6.22,0,0
n_1022.mp4,0.3295,0.0136,11.04,6.17,0,0
n_1022.mp4,0.3128,0.0131,10.77,6.32,0,0
n_1022.mp4,0.3303,0.0132,12.42,8.51,0,0
n_1022.mp4,0.3488,0.0,12.27,9.41,0,0
n_1022.mp4,0.3304,0.013,10.54,7.47,0,0
n_1022.mp4,0.3197,0.0,11.17,6.6,0,0
n_1022.mp4,0.3317,0.0176,11.59,6.55,0,0
n_1022.mp4,0.3394,0.0,11.52,6.59,0,0
n_1022.mp4,0.3336,0.0123,11.0,6.15,0,0
n_1022.mp4,0.3548,0.0131,11.18,5.19,0,0
n_1022.mp4,0.3365,0.0131,11.03,4.81,0,0
n_1022.mp4,0.318,0.0,11.04,4.87,0,0
n_1022.mp4,0.3371,0.0,11.21,6.08,0,0
n_1022.mp4,0.3311,0.0,11.52,5.93,0,0
n_1022.mp4,0.3262,0.0,11.77,6.08,0,0
n_1022.mp4,0.308,0.0,11.6,6.74,0,0
n_1022.mp4,0.3226,0.0,12.46,6.52,0,0
n_1022.mp4,0.312,0.0,11.74,6.87,0,0
n_1022.mp4,0.309,0.0125,11.76,6.85,0,0
n_1022.mp4,0.3231,0.0128,12.6,6.56,0,0
n_1022.mp4,0.3093,0.0,11.96,6.02,0,0
n_1022.mp4,0.3141,0.0185,10.96,3.22,0,0
n_1022.mp4,0.3131,0.0,10.59,1.41,0,0
n_1022.mp4,0.2781,0.0,10.35,1.65,0,0
n_1022.mp4,0.2662,0.0128,11.25,3.57,0,0
n_1022.mp4,0.2074,0.0,12.83,5.34,0,0
n_1022.mp4,0.287,0.0,9.31,1.69,0,0
n_1022.mp4,0.3117,0.012,7.05,-2.71,0,0
n_1022.mp4,0.3096,0.0,7.01,-5.15,0,0
n_1022.mp4,0.3262,0.0123,6.64,-6.17,0,0
n_1022.mp4,0.3182,0.0,6.6,-6.06,0,0
n_1022.mp4,0.3256,0.0116,6.75,-6.34,0,0
n_1022.mp4,0.3476,0.0,6.52,-7.16,0,0
n_1022.mp4,0.3231,0.0,6.37,-6.63,0,0
n_1022.mp4,0.3234,0.0,6.12,-4.19,0,0
n_1022.mp4,0.238,0.012,7.73,1.92,0,0
n_1022.mp4,0.3302,0.0,7.4,4.83,0,0
n_1022.mp4,0.3209,0.0128,6.54,6.83,0,0
n_1022.mp4,0.3196,0.0126,6.48,7.33,0,0
n_1022.mp4,0.3401,0.0,6.71,7.54,0,0
n_1022.mp4,0.3415,0.013,6.75,7.74,0,0
n_1022.mp4,0.3556,0.0125,6.85,7.5,0,0
n_1022.mp4,0.3387,0.013,7.54,8.0,0,0
n_1022.mp4,0.3306,0.0,7.19,7.73,0,0
n_1022.mp4,0.3402,0.0,7.15,8.14,0,0
n_1022.mp4,0.347,0.0135,7.1,8.61,0,0
n_1022.mp4,0.3386,0.0,7.54,9.31,0,0
n_1024.mp4,0.3564,0.0126,7.34,8.5,0,0
n_1024.mp4,0.3267,0.0131,7.25,9.09,0,0
n_1024.mp4,0.3211,0.0,7.47,9.31,0,0
n_1024.mp4,0.3353,0.0,7.22,8.49,0,0
n_1024.mp4,0.3405,0.0,7.58,8.47,0,0
n_1024.mp4,0.3287,0.0,7.62,8.66,0,0
n_1024.mp4,0.3269,0.0,7.49,8.8,0,0
n_1024.mp4,0.3667,0.0,7.4,9.12,0,0
n_1024.mp4,0.3414,0.0181,7.64,8.14,0,0
n_1024.mp4,0.3178,0.0,7.64,8.11,0,0
n_1024.mp4,0.3162,0.0128,8.05,8.59,0,0
n_1024.mp4,0.3397,0.0128,8.09,8.55,0,0
n_1024.mp4,0.3569,0.0126,8.13,8.36,0,0
n_1024.mp4,0.3439,0.013,7.91,8.41,0,0
n_1024.mp4,0.3145,0.0,6.31,7.44,0,0
n_1024.mp4,0.3407,0.0,6.04,6.41,0,0
n_1024.mp4,0.3286,0.0,6.72,6.76,0,0
n_1024.mp4,0.3252,0.0129,6.86,6.87,0,0
n_1024.mp4,0.3503,0.0,6.96,6.83,0,0
n_1024.mp4,0.3388,0.0,6.91,7.25,0,0
n_1024.mp4,0.3353,0.0129,6.82,7.0,0,0
n_1024.mp4,0.3486,0.0129,6.77,6.96,0,0
n_1024.mp4,0.3385,0.0129,6.73,6.95,0,0
n_1024.mp4,0.3372,0.0131,6.86,7.18,0,0
n_1024.mp4,0.3392,0.0179,7.57,7.66,0,0
n_1024.mp4,0.3387,0.0129,6.91,7.74,0,0
n_1024.mp4,0.3411,0.0183,6.83,7.76,0,0
n_1024.mp4,0.3542,0.0,6.9,7.58,0,0
n_1024.mp4,0.3242,0.0178,6.99,7.24,0,0
n_1024.mp4,0.3425,0.0,6.85,7.52,0,0
n_1024.mp4,0.3411,0.0126,7.2,7.8,0,0
n_1024.mp4,0.3305,0.0126,6.87,7.63,0,0
n_1024.mp4,0.3193,0.0125,6.95,7.7,0,0
n_1024.mp4,0.3372,0.0126,6.6,7.51,0,0
n_1024.mp4,0.3325,0.0,6.71,7.7,0,0
n_1024.mp4,0.3385,0.0,7.03,7.91,0,0
n_1024.mp4,0.3383,0.0183,6.97,8.14,0,0
n_1024.mp4,0.3375,0.0,6.4,7.91,0,0
n_1024.mp4,0.332,0.0126,6.61,7.97,0,0
n_1024.mp4,0.3202,0.0126,6.32,7.95,0,0
n_1024.mp4,0.348,0.0,7.08,7.95,0,0
n_1024.mp4,0.3362,0.0126,7.28,7.84,0,0
n_1024.mp4,0.3278,0.0126,6.43,7.54,0,0
n_1024.mp4,0.3323,0.0126,6.52,7.79,0,0
n_1024.mp4,0.3403,0.0128,6.96,7.92,0,0
n_1024.mp4,0.314,0.0,6.84,7.95,0,0
n_1024.mp4,0.3285,0.0126,7.72,7.98,0,0
n_1024.mp4,0.2459,0.0,7.68,7.14,0,0
n_1024.mp4,0.2415,0.0,5.1,3.69,0,0
n_1024.mp4,0.2452,0.0124,5.32,2.22,0,0
n_1024.mp4,0.2323,0.0,4.93,2.15,0,0
n_1024.mp4,0.2257,0.0123,5.32,2.56,0,0
n_1024.mp4,0.2062,0.0144,4.71,3.96,0,0
n_1024.mp4,0.3015,0.0135,5.4,6.32,0,0
n_1024.mp4,0.3165,0.0193,5.52,7.81,0,0
n_1024.mp4,0.3494,0.0138,5.66,7.89,0,0
n_1024.mp4,0.3782,0.0,7.53,11.51,0,0
n_1024.mp4,0.4103,0.0,6.67,14.94,0,0
n_1024.mp4,0.4413,0.0,6.41,14.69,0,0
n_1024.mp4,0.4081,0.0178,6.72,15.53,0,0
n_1024.mp4,0.3897,0.0181,6.15,15.56,0,0
n_1024.mp4,0.4199,0.0,6.48,15.98,0,0
n_1024.mp4,0.4286,0.0,6.8,15.53,0,0
n_1024.mp4,0.2323,0.0,6.86,14.1,0,0
n_1024.mp4,0.3528,0.0,5.63,12.08,0,0
n_1024.mp4,0.3556,0.0,7.17,10.65,0,0
n_1024.mp4,0.3607,0.0,6.25,10.28,0,0
n_1024.mp4,0.3372,0.0131,7.0,10.02,0,0
n_1024.mp4,0.3571,0.0135,6.95,9.53,0,0
n_1024.mp4,0.356,0.0,6.63,9.45,0,0
n_1024.mp4,0.3241,0.0,7.19,9.67,0,0
n_1024.mp4,0.3178,0.0,7.52,10.2,0,0
n_1024.mp4,0.3246,0.0139,6.63,10.25,0,0
n_1024.mp4,0.3209,0.0,7.36,10.72,0,0
n_1024.mp4,0.3493,0.0143,7.51,10.57,0,0
n_1024.mp4,0.3497,0.0,7.01,10.24,0,0
n_1024.mp4,0.3631,0.0,7.45,9.92,0,0
n_1024.mp4,0.3118,0.0137,7.54,9.97,0,0
n_1024.mp4,0.3329,0.0143,7.9,10.53,0,0
n_1024.mp4,0.3467,0.0,7.72,10.91,0,0
n_1024.mp4,0.3371,0.0141,7.25,10.39,0,0
n_1024.mp4,0.3244,0.0,7.23,10.31,0,0
n_1024.mp4,0.3189,0.0,7.34,11.0,0,0
n_1024.mp4,0.3314,0.0139,7.34,10.79,0,0
n_1024.mp4,0.3303,0.0,7.16,10.99,0,0
n_1024.mp4,0.3475,0.0,6.93,10.7,0,0
n_1024.mp4,0.329,0.0135,7.07,10.78,0,0
n_1024.mp4,0.3527,0.0141,7.26,10.65,0,0
n_1024.mp4,0.3521,0.0133,7.3,10.55,0,0
n_1024.mp4,0.3617,0.0135,7.07,9.13,0,0
n_1024.mp4,0.3383,0.0,6.92,9.56,0,0
n_1024.mp4,0.366,0.0139,6.97,9.47,0,0
n_1024.mp4,0.3119,0.0,7.18,9.67,0,0
n_1024.mp4,0.3554,0.0133,7.26,9.61,0,0
n_1024.mp4,0.3399,0.0,7.47,9.69,0,0
n_1024.mp4,0.3542,0.0135,7.13,10.25,0,0
n_1024.mp4,0.3124,0.0,6.78,9.85,0,0
n_1024.mp4,0.3524,0.0135,7.12,9.87,0,0
n_1024.mp4,0.3531,0.0137,7.33,9.39,0,0
n_1025.mp4,0.2383,0.0,4.53,2.32,0,0
n_1025.mp4,0.2286,0.0,5.21,2.29,0,0
n_1025.mp4,0.1736,0.0121,5.33,3.14,0,0
n_1025.mp4,0.2906,0.0276,5.35,4.75,0,0
n_1025.mp4,0.3188,0.0,5.97,7.24,0,0
n_1025.mp4,0.3337,0.0135,5.22,7.66,0,0
n_1025.mp4,0.3229,0.0,5.98,8.44,0,0
n_1025.mp4,0.3834,0.023,7.76,13.37,0,0
n_1025.mp4,0.4247,0.0,6.77,15.21,0,0
n_1025.mp4,0.4365,0.0,6.77,15.0,0,0
n_1025.mp4,0.407,0.0,6.68,15.46,0,0
n_1025.mp4,0.4192,0.0172,6.64,15.59,0,0
n_1025.mp4,0.392,0.0,6.4,15.72,0,0
n_1025.mp4,0.4083,0.0,6.98,14.97,0,0
n_1025.mp4,0.314,0.0,6.56,13.2,0,0
n_1025.mp4,0.3432,0.0145,6.11,11.64,0,0
n_1025.mp4,0.3173,0.0,7.09,10.64,0,0
n_1025.mp4,0.3399,0.0139,6.93,10.44,0,0
n_1025.mp4,0.3352,0.0131,6.82,10.44,0,0
n_1025.mp4,0.3507,0.0,6.67,9.46,0,0
n_1025.mp4,0.364,0.0,6.94,9.58,0,0
n_1025.mp4,0.308,0.0,6.92,9.85,0,0
n_1025.mp4,0.3178,0.0,7.07,10.13,0,0
n_1025.mp4,0.3077,0.0,6.81,10.03,0,0
n_1025.mp4,0.3151,0.0,7.31,10.8,0,0
n_1025.mp4,0.3561,0.0,7.24,10.55,0,0
n_1025.mp4,0.3701,0.0191,7.03,10.3,0,0
n_1025.mp4,0.3719,0.0,7.51,9.95,0,0
n_1025.mp4,0.3386,0.0,7.44,10.09,0,0
n_1025.mp4,0.3309,0.0141,7.67,10.93,0,0
n_1025.mp4,0.3555,0.0143,7.58,10.86,0,0
n_1025.mp4,0.3529,0.0,7.57,10.59,0,0
n_1025.mp4,0.3248,0.0143,7.46,10.38,0,0
n_1025.mp4,0.3289,0.0,7.45,10.78,0,0
n_1025.mp4,0.3214,0.0,7.57,10.78,0,0
n_1025.mp4,0.3399,0.0,6.98,10.74,0,0
n_1025.mp4,0.3342,0.0,7.1,10.73,0,0
n_1025.mp4,0.3325,0.0137,6.94,10.91,0,0
n_1025.mp4,0.3472,0.0137,6.7,10.76,0,0
n_1025.mp4,0.3421,0.0133,7.44,9.98,0,0
n_1025.mp4,0.3366,0.0,7.32,9.41,0,0
n_1025.mp4,0.3401,0.0,6.86,9.8,0,0
n_1025.mp4,0.3677,0.0,7.09,9.45,0,0
n_1025.mp4,0.3296,0.0135,7.02,9.72,0,0
n_1025.mp4,0.3507,0.0137,7.42,9.6,0,0
n_1025.mp4,0.3227,0.0135,7.65,9.97,0,0
n_1025.mp4,0.3318,0.0,6.96,10.13,0,0
n_1025.mp4,0.3476,0.0139,6.94,10.1,0,0
n_1025.mp4,0.3347,0.0,7.14,10.15,0,0
n_1025.mp4,0.3488,0.0139,7.53,9.47,0,0
n_1025.mp4,0.335,0.0139,7.65,10.21,0,0
n_1025.mp4,0.2824,0.0143,8.05,10.13,0,0
n_1025.mp4,0.3013,0.0,7.9,9.7,0,0
n_1025.mp4,0.3033,0.0133,7.71,9.73,0,0
n_1025.mp4,0.1805,0.0196,7.71,10.34,0,0
n_1025.mp4,0.2957,0.0133,7.51,10.27,0,0
n_1025.mp4,0.2911,0.0,7.55,10.57,0,0
n_1025.mp4,0.3025,0.0,7.8,11.15,0,0
n_1025.mp4,0.3523,0.0135,7.95,10.74,0,0
n_1025.mp4,0.2856,0.0,8.66,10.6,0,0
n_1025.mp4,0.2967,0.0191,8.51,11.28,0,0
n_1025.mp4,0.2897,0.0133,9.43,10.64,0,0
n_1025.mp4,0.286,0.0,9.54,10.36,0,0
n_1025.mp4,0.274,0.0,9.54,10.75,0,0
n_1025.mp4,0.2912,0.0137,9.03,10.76,0,0
n_1025.mp4,0.2816,0.0132,10.06,10.61,0,0
n_1025.mp4,0.278,0.0133,10.24,10.87,0,0
n_1025.mp4,0.2841,0.0132,9.22,10.59,0,0
n_1025.mp4,0.3431,0.0,8.8,10.02,0,0
n_1025.mp4,0.3026,0.0186,8.56,10.32,0,0
n_1025.mp4,0.3436,0.0133,8.56,10.18,0,0
n_1025.mp4,0.3567,0.0133,8.16,10.07,0,0
n_1025.mp4,0.3111,0.0132,8.22,10.15,0,0
n_1025.mp4,0.3476,0.0137,8.17,10.19,0,0
n_1025.mp4,0.3416,0.0186,8.2,9.77,0,0
n_1025.mp4,0.3406,0.0184,8.35,9.22,0,0
n_1025.mp4,0.3445,0.0,8.33,9.91,0,0
n_1025.mp4,0.3401,0.0,8.66,10.72,0,0
n_1025.mp4,0.3467,0.0139,8.36,10.49,0,0
n_1025.mp4,0.3557,0.0135,8.56,10.44,0,0
n_1025.mp4,0.3389,0.0,8.28,10.49,0,0
n_1025.mp4,0.3175,0.0133,8.19,10.5,0,0
n_1025.mp4,0.3115,0.0139,8.14,10.75,0,0
n_1025.mp4,0.3453,0.0,8.24,10.44,0,0
n_1025.mp4,0.3548,0.0191,8.2,10.26,0,0
n_1025.mp4,0.379,0.0135,8.03,10.19,0,0
n_1025.mp4,0.3457,0.0133,8.35,10.15,0,0
n_1025.mp4,0.3513,0.013,8.02,9.73,0,0
n_1025.mp4,0.3326,0.0,8.16,9.88,0,0
n_1025.mp4,0.3209,0.0,8.24,10.15,0,0
n_1025.mp4,0.3407,0.0133,8.24,10.1,0,0
n_1025.mp4,0.3348,0.0191,8.68,10.29,0,0
n_1025.mp4,0.3317,0.0,8.53,10.12,0,0
n_1025.mp4,0.3533,0.0186,8.17,9.86,0,0
n_1025.mp4,0.3516,0.0184,7.97,8.97,0,0
n_1025.mp4,0.3516,0.0188,8.49,9.55,0,0
n_1025.mp4,0.3432,0.0,8.5,9.37,0,0
n_1025.mp4,0.3623,0.0,8.7,9.5,0,0
n_1025.mp4,0.3313,0.0133,8.91,9.75,0,0
n_1025.mp4,0.3373,0.0141,9.67,10.95,0,0
n_103.mp4,0.1771,0.0,5.29,3.74,0,0
n_103.mp4,0.3008,0.0,6.6,1.36,0,0
n_103.mp4,0.3783,0.011,4.74,2.87,0,0
n_103.mp4,0.3818,0.0,4.64,1.88,0,0
n_103.mp4,0.3895,0.0111,5.03,2.43,0,0
n_103.mp4,0.403,0.0,4.82,2.24,0,0
n_103.mp4,0.3972,0.0,4.74,1.16,0,0
n_103.mp4,0.3794,0.0112,4.18,1.49,0,0
n_103.mp4,0.3993,0.0112,4.98,1.76,0,0
n_103.mp4,0.4136,0.0,4.36,1.44,0,0
n_103.mp4,0.4049,0.0109,4.46,1.5,0,0
n_103.mp4,0.4012,0.0108,4.44,1.99,0,0
n_103.mp4,0.3917,0.0,4.46,1.89,0,0
n_103.mp4,0.3991,0.0111,4.64,2.18,0,0
n_103.mp4,0.4069,0.0,4.68,1.58,0,0
n_103.mp4,0.4035,0.0,5.1,1.81,0,0
n_103.mp4,0.4057,0.0109,4.75,1.55,0,0
n_103.mp4,0.3522,0.0107,5.3,1.93,0,0
n_103.mp4,0.3223,0.0107,5.56,2.06,0,0
n_103.mp4,0.3223,0.0108,5.82,2.54,0,0
n_103.mp4,0.3189,0.0108,6.08,2.03,0,0
n_103.mp4,0.3124,0.0108,5.97,2.44,0,0
n_103.mp4,0.3897,0.0,5.45,2.4,0,0
n_103.mp4,0.3817,0.0,5.38,2.05,0,0
n_103.mp4,0.4048,0.0,5.28,2.22,0,0
n_103.mp4,0.4051,0.0,5.27,2.31,0,0
n_103.mp4,0.4003,0.0106,5.43,2.51,0,0
n_103.mp4,0.3965,0.0106,5.1,1.72,0,0
n_103.mp4,0.4035,0.0109,4.89,2.2,0,0
n_103.mp4,0.4034,0.0,4.84,1.89,0,0
n_103.mp4,0.4006,0.011,4.74,2.23,0,0
n_103.mp4,0.3978,0.0,4.7,1.78,0,0
n_103.mp4,0.4149,0.0112,4.71,2.14,0,0
n_103.mp4,0.4074,0.0,4.75,1.97,0,0
n_103.mp4,0.4141,0.0112,4.96,2.4,0,0
n_103.mp4,0.3829,0.0,4.74,2.05,0,0
n_103.mp4,0.4198,0.0111,4.88,2.37,0,0
n_103.mp4,0.398,0.011,4.76,2.28,0,0
n_103.mp4,0.3931,0.0,4.32,2.58,0,0
n_103.mp4,0.3971,0.0108,4.99,2.61,0,0
n_103.mp4,0.4067,0.0157,5.35,2.62,0,0
n_103.mp4,0.3957,0.0,5.76,2.41,0,0
n_103.mp4,0.4037,0.0,5.4,2.22,0,0
n_103.mp4,0.4012,0.0115,5.36,2.32,0,0
n_103.mp4,0.4057,0.011,5.29,2.81,0,0
n_103.mp4,0.4083,0.0,5.21,2.71,0,0
n_103.mp4,0.3917,0.0,5.04,2.68,0,0
n_103.mp4,0.3914,0.0,5.41,2.36,0,0
n_103.mp4,0.4015,0.0111,5.02,2.52,0,0
n_103.mp4,0.4049,0.0159,4.84,2.73,0,0
n_103.mp4,0.4088,0.0,5.39,2.54,0,0
n_103.mp4,0.4069,0.0111,4.99,2.76,0,0
n_103.mp4,0.4057,0.0,5.14,2.41,0,0
n_103.mp4,0.4224,0.0,5.27,2.83,0,0
n_103.mp4,0.3967,0.0112,5.03,2.76,0,0
n_103.mp4,0.4226,0.011,5.35,2.44,0,0
n_103.mp4,0.4085,0.011,5.29,2.78,0,0
n_103.mp4,0.4058,0.0109,4.74,2.5,0,0
n_103.mp4,0.4131,0.0,4.99,2.48,0,0
n_103.mp4,0.4171,0.0,5.08,2.57,0,0
n_103.mp4,0.4131,0.0155,5.15,2.88,0,0
n_103.mp4,0.403,0.0115,4.77,2.79,0,0
n_103.mp4,0.3934,0.0112,4.86,2.68,0,0
n_103.mp4,0.41,0.0111,5.1,3.1,0,0
n_103.mp4,0.4174,0.0113,5.01,2.87,0,0
n_103.mp4,0.4063,0.0,4.96,2.84,0,0
n_103.mp4,0.4138,0.011,5.09,2.67,0,0
n_103.mp4,0.4085,0.0157,5.04,3.03,0,0
n_103.mp4,0.4177,0.0112,5.0,2.63,0,0
n_103.mp4,0.419,0.0112,5.28,2.6,0,0
n_103.mp4,0.4269,0.0113,5.37,3.07,0,0
n_103.mp4,0.4222,0.0112,5.56,3.05,0,0
n_103.mp4,0.423,0.0114,5.3,2.91,0,0
n_103.mp4,0.4104,0.0,5.34,2.87,0,0
n_103.mp4,0.4088,0.0,4.92,2.78,0,0
n_103.mp4,0.4083,0.0,5.08,2.84,0,0
n_103.mp4,0.4192,0.0,4.63,2.35,0,0
n_103.mp4,0.4478,0.0,4.86,2.41,0,0
n_103.mp4,0.3839,0.0,4.57,2.19,0,0
n_103.mp4,0.3128,0.0161,5.07,2.79,0,0
n_103.mp4,0.3791,0.0112,5.01,2.47,0,0
n_103.mp4,0.2271,0.0,5.36,1.94,0,0
n_103.mp4,0.3666,0.0109,5.25,2.13,0,0
n_103.mp4,0.3663,0.0105,5.41,2.49,0,0
n_103.mp4,0.4011,0.0,3.87,1.45,0,0
n_103.mp4,0.4039,0.0,4.43,1.86,0,0
n_103.mp4,0.4096,0.0,4.26,1.59,0,0
n_103.mp4,0.4206,0.0108,2.75,-0.16,0,0
n_103.mp4,0.4117,0.0,2.27,-0.65,0,0
n_103.mp4,0.4046,0.0,1.88,-1.16,0,0
n_103.mp4,0.4398,0.0,1.77,-0.01,0,0
n_103.mp4,0.4413,0.0106,1.21,-0.24,0,0
n_103.mp4,0.2874,0.0,1.78,-0.42,0,0
n_103.mp4,0.3522,0.0,1.93,0.04,0,0
n_103.mp4,0.1864,0.0104,1.95,-0.44,0,0
n_103.mp4,0.3701,0.0,1.24,-0.69,0,0
n_103.mp4,0.378,0.0,0.73,-0.39,0,0
n_103.mp4,0.3928,0.0,1.55,-0.18,0,0
n_103.mp4,0.3967,0.0105,1.5,-0.44,0,0
n_103.mp4,0.3983,0.0,1.32,-0.57,0,0
n_1026.mp4,0.2679,0.0135,8.49,9.78,0,0
n_1026.mp4,0.2936,0.0137,8.52,10.07,0,0
n_1026.mp4,0.2965,0.0133,7.77,9.43,0,0
n_1026.mp4,0.2716,0.0,7.6,9.92,0,0
n_1026.mp4,0.2744,0.0,7.89,10.29,0,0
n_1026.mp4,0.3167,0.0135,7.53,10.31,0,0
n_1026.mp4,0.3225,0.0191,7.89,10.91,0,0
n_1026.mp4,0.3207,0.0139,7.82,11.19,0,0
n_1026.mp4,0.344,0.0,7.73,10.5,0,0
n_1026.mp4,0.2958,0.0,8.69,11.11,0,0
n_1026.mp4,0.2778,0.0137,8.93,10.73,0,0
n_1026.mp4,0.2918,0.0133,9.82,10.79,0,0
n_1026.mp4,0.2723,0.0132,9.25,10.61,0,0
n_1026.mp4,0.2762,0.0137,9.56,10.75,0,0
n_1026.mp4,0.2821,0.0133,9.26,10.69,0,0
n_1026.mp4,0.2904,0.0133,9.75,10.49,0,0
n_1026.mp4,0.1818,0.0,9.27,10.71,0,0
n_1026.mp4,0.3122,0.013,9.4,10.7,0,0
n_1026.mp4,0.3234,0.0,8.68,10.31,0,0
n_1026.mp4,0.3201,0.0133,8.34,9.93,0,0
n_1026.mp4,0.3406,0.013,8.16,9.82,0,0
n_1026.mp4,0.3356,0.0,8.04,9.97,0,0
n_1026.mp4,0.3164,0.0137,7.79,10.46,0,0
n_1026.mp4,0.3377,0.0,7.9,9.9,0,0
n_1026.mp4,0.325,0.0133,7.94,9.54,0,0
n_1026.mp4,0.3417,0.0186,7.94,9.66,0,0
n_1026.mp4,0.3275,0.0135,8.64,10.42,0,0
n_1026.mp4,0.3229,0.0141,8.58,10.83,0,0
n_1026.mp4,0.3081,0.0137,7.95,10.59,0,0
n_1026.mp4,0.347,0.0,8.39,10.29,0,0
n_1026.mp4,0.3306,0.0133,8.08,10.3,0,0
n_1026.mp4,0.3222,0.0189,8.38,10.37,0,0
n_1026.mp4,0.3088,0.0133,8.43,10.6,0,0
n_1026.mp4,0.3624,0.0,8.27,10.23,0,0
n_1026.mp4,0.3564,0.0,7.85,10.24,0,0
n_1026.mp4,0.3563,0.0135,8.13,10.18,0,0
n_1026.mp4,0.3421,0.0188,8.3,10.21,0,0
n_1026.mp4,0.3495,0.013,8.06,9.87,0,0
n_1026.mp4,0.3177,0.0,8.48,10.0,0,0
n_1026.mp4,0.3355,0.0,8.26,10.08,0,0
n_1026.mp4,0.3218,0.0,8.23,10.35,0,0
n_1026.mp4,0.3386,0.0,8.48,10.19,0,0
n_1026.mp4,0.3279,0.0133,8.23,9.96,0,0
n_1026.mp4,0.3386,0.0,8.17,9.3,0,0
n_1026.mp4,0.352,0.0,8.34,9.18,0,0
n_1026.mp4,0.3181,0.0131,8.26,9.5,0,0
n_1026.mp4,0.339,0.0133,8.55,9.41,0,0
n_1026.mp4,0.3571,0.0,8.77,9.61,0,0
n_1026.mp4,0.3365,0.0135,8.73,9.63,0,0
n_1026.mp4,0.3478,0.0145,10.12,12.59,0,0
n_1026.mp4,0.3882,0.0161,10.01,14.83,0,0
n_1026.mp4,0.406,0.0159,9.19,15.16,0,0
n_1026.mp4,0.2974,0.0147,9.35,14.29,0,0
n_1026.mp4,0.3039,0.0143,9.35,12.77,0,0
n_1026.mp4,0.342,0.0,9.28,12.12,0,0
n_1026.mp4,0.335,0.0,8.37,11.62,0,0
n_1026.mp4,0.3288,0.0137,8.0,10.96,0,0
n_1026.mp4,0.366,0.0139,8.35,10.55,0,0
n_1026.mp4,0.3242,0.0,8.94,10.74,0,0
n_1026.mp4,0.3125,0.0,8.42,11.32,0,0
n_1026.mp4,0.3482,0.0137,8.06,10.91,0,0
n_1026.mp4,0.3188,0.0141,8.2,10.76,0,0
n_1026.mp4,0.359,0.0135,8.11,10.75,0,0
n_1026.mp4,0.3207,0.0189,8.64,11.28,0,0
n_1026.mp4,0.3274,0.0137,9.96,11.9,0,0
n_1026.mp4,0.3808,0.0154,9.88,14.86,0,0
n_1026.mp4,0.3696,0.0228,9.21,15.85,0,0
n_1026.mp4,0.3831,0.0154,9.27,15.44,0,0
n_1026.mp4,0.3537,0.0149,10.42,14.34,0,0
n_1026.mp4,0.3166,0.0139,8.85,11.23,0,0
n_1026.mp4,0.3321,0.0,7.68,9.66,0,0
n_1026.mp4,0.3396,0.0136,7.32,8.25,0,0
n_1026.mp4,0.3237,0.0,6.94,7.65,0,0
n_1026.mp4,0.3209,0.0128,6.07,7.1,0,0
n_1026.mp4,0.3371,0.0,6.19,5.85,0,0
n_1026.mp4,0.3294,0.0,6.5,6.18,0,0
n_1026.mp4,0.3114,0.0,6.44,6.01,0,0
n_1026.mp4,0.3251,0.0,5.92,6.04,0,0
n_1026.mp4,0.3263,0.0128,5.83,6.55,0,0
n_1026.mp4,0.3367,0.0119,5.99,6.54,0,0
n_1026.mp4,0.3335,0.013,6.07,6.41,0,0
n_1026.mp4,0.32,0.0,6.29,6.9,0,0
n_1026.mp4,0.3263,0.0,6.17,7.21,0,0
n_1026.mp4,0.3324,0.0131,6.47,7.53,0,0
n_1026.mp4,0.3169,0.018,6.12,7.51,0,0
n_1026.mp4,0.3433,0.0133,6.69,7.83,0,0
n_1026.mp4,0.3346,0.0,6.92,8.31,0,0
n_1026.mp4,0.3315,0.0133,6.94,8.94,0,0
n_1026.mp4,0.3291,0.0,7.1,8.97,0,0
n_1026.mp4,0.3436,0.013,7.19,8.63,0,0
n_1026.mp4,0.3554,0.0131,7.26,8.87,0,0
n_1026.mp4,0.3224,0.0,7.39,8.72,0,0
n_1026.mp4,0.3466,0.0139,7.45,9.62,0,0
n_1026.mp4,0.3418,0.0,7.22,9.11,0,0
n_1026.mp4,0.3404,0.0137,7.04,8.85,0,0
n_1026.mp4,0.3382,0.0,6.82,9.01,0,0
n_1026.mp4,0.344,0.0,7.11,8.72,0,0
n_1026.mp4,0.3431,0.0,7.18,8.73,0,0
n_1026.mp4,0.3295,0.0133,7.34,8.24,0,0
n_1026.mp4,0.3242,0.0,7.42,8.24,0,0
n_1029.mp4,0.3754,0.0166,7.36,15.97,0,0
n_1029.mp4,0.3783,0.0,6.33,17.92,0,0
n_1029.mp4,0.3992,0.0,5.89,18.32,0,0
n_1029.mp4,0.4208,0.0,6.27,19.56,0,0
n_1029.mp4,0.4291,0.0,5.16,20.04,0,0
n_1029.mp4,0.4513,0.0,8.19,20.11,0,0
n_1029.mp4,0.3944,0.0,7.41,15.36,0,0
n_1029.mp4,0.3759,0.014,6.99,12.55,0,0
n_1029.mp4,0.3307,0.013,6.27,10.66,0,0
n_1029.mp4,0.3368,0.0135,5.55,9.67,0,0
n_1029.mp4,0.3577,0.0133,6.19,9.19,0,0
n_1029.mp4,0.35,0.0131,6.28,8.57,0,0
n_1029.mp4,0.3415,0.0131,6.82,8.33,0,0
n_1029.mp4,0.3115,0.0,8.11,7.63,0,0
n_1029.mp4,0.3444,0.0,7.22,2.11,0,0
n_1029.mp4,0.3441,0.0,5.19,-0.43,0,0
n_1029.mp4,0.3349,0.0,5.08,-0.27,0,0
n_1029.mp4,0.3546,0.0,6.2,-0.99,0,0
n_1029.mp4,0.3779,0.0,5.19,-1.63,0,0
n_1029.mp4,0.3428,0.0,5.64,-1.56,0,0
n_1029.mp4,0.3367,0.0125,4.81,-1.08,0,0
n_1029.mp4,0.3402,0.0172,5.5,-0.59,0,0
n_1029.mp4,0.3357,0.0,5.51,-0.21,0,0
n_1029.mp4,0.3375,0.0116,5.93,0.35,0,0
n_1029.mp4,0.2391,0.0241,5.67,1.48,0,0
n_1029.mp4,0.3106,0.013,5.55,3.96,0,0
n_1029.mp4,0.313,0.0,5.08,5.02,0,0
n_1029.mp4,0.3262,0.0,4.86,5.47,0,0
n_1029.mp4,0.3178,0.0136,5.0,6.18,0,0
n_1029.mp4,0.3349,0.0,5.22,6.5,0,0
n_1029.mp4,0.333,0.0134,5.09,6.83,0,0
n_1029.mp4,0.3333,0.0133,4.87,7.22,0,0
n_1029.mp4,0.3333,0.0,5.55,7.55,0,0
n_1029.mp4,0.3404,0.0,5.75,7.99,0,0
n_1029.mp4,0.3913,0.0,7.97,13.08,0,0
n_1029.mp4,0.4348,0.0,6.98,17.86,0,0
n_1029.mp4,0.4736,0.0,6.84,17.94,0,0
n_1029.mp4,0.4704,0.0211,5.5,18.71,0,0
n_1029.mp4,0.4678,0.0195,5.14,19.45,0,0
n_1029.mp4,0.4014,0.0,6.6,19.14,0,0
n_1029.mp4,0.2968,0.0,6.7,18.51,0,0
n_1029.mp4,0.4788,0.0,3.41,22.82,0,0
n_1029.mp4,0.497,0.0,1.06,22.2,0,0
n_1029.mp4,0.6357,0.0232,0.45,21.52,1,0
n_1029.mp4,0.6887,0.0,-1.4,22.56,1,0
n_1029.mp4,0.7166,0.0205,-1.87,22.59,1,0
n_1029.mp4,0.6551,0.0236,-0.61,22.43,1,0
n_1029.mp4,0.6409,0.0,-0.14,23.54,1,0
n_1029.mp4,0.5252,0.0,4.85,18.81,0,0
n_1029.mp4,0.4102,0.0,6.45,15.65,0,0
n_1029.mp4,0.3639,0.0,6.32,12.78,0,0
n_1029.mp4,0.3646,0.0,5.76,10.11,0,0
n_1029.mp4,0.3579,0.0,5.74,7.75,0,0
n_1029.mp4,0.3446,0.0127,5.91,7.64,0,0
n_1029.mp4,0.3505,0.0,6.71,7.17,0,0
n_1029.mp4,0.3393,0.0127,5.98,7.07,0,0
n_1029.mp4,0.3441,0.0131,5.72,7.68,0,0
n_1029.mp4,0.348,0.0134,6.28,7.8,0,0
n_1029.mp4,0.3298,0.0128,7.08,5.65,0,0
n_1029.mp4,0.3263,0.0179,6.45,3.71,0,0
n_1029.mp4,0.3341,0.0,6.02,3.45,0,0
n_1029.mp4,0.1653,0.0,6.47,3.33,0,0
n_1029.mp4,0.2895,0.0,6.47,3.33,0,0
n_1029.mp4,0.3283,0.0,5.59,3.36,0,0
n_1029.mp4,0.3145,0.0122,5.63,3.83,0,0
n_1029.mp4,0.3365,0.0124,5.68,4.81,0,0
n_1029.mp4,0.3347,0.0,5.93,4.77,0,0
n_1029.mp4,0.3206,0.0121,6.07,5.13,0,0
n_1029.mp4,0.3324,0.0121,6.38,5.63,0,0
n_1029.mp4,0.3186,0.0124,6.11,5.35,0,0
n_1029.mp4,0.3256,0.0,5.87,5.48,0,0
n_1029.mp4,0.3234,0.0,6.26,5.6,0,0
n_1029.mp4,0.3136,0.0,6.12,5.58,0,0
n_1029.mp4,0.3155,0.012,6.29,5.84,0,0
n_1029.mp4,0.3181,0.0121,6.15,6.55,0,0
n_1029.mp4,0.3352,0.0126,6.34,6.46,0,0
n_1029.mp4,0.3211,0.0128,6.52,6.75,0,0
n_1029.mp4,0.3354,0.0176,6.66,7.06,0,0
n_1029.mp4,0.3064,0.0,6.28,6.85,0,0
n_1029.mp4,0.339,0.0126,6.39,6.81,0,0
n_1029.mp4,0.3449,0.0125,6.45,7.03,0,0
n_1029.mp4,0.3473,0.0179,7.33,7.44,0,0
n_1029.mp4,0.3506,0.0,7.4,7.7,0,0
n_1029.mp4,0.3214,0.0,7.2,7.55,0,0
n_1029.mp4,0.3312,0.0,7.09,7.15,0,0
n_1029.mp4,0.3349,0.0,6.91,7.06,0,0
n_1029.mp4,0.289,0.0123,7.63,7.06,0,0
n_1029.mp4,0.3021,0.0126,7.68,6.94,0,0
n_1029.mp4,0.3125,0.0,7.69,6.87,0,0
n_1029.mp4,0.3505,0.0131,7.74,7.04,0,0
n_1029.mp4,0.3361,0.0128,7.58,7.36,0,0
n_1029.mp4,0.3274,0.0126,7.79,7.23,0,0
n_1029.mp4,0.3309,0.0128,7.25,7.36,0,0
n_1029.mp4,0.3406,0.0129,7.2,7.53,0,0
n_1029.mp4,0.3343,0.0128,7.21,7.49,0,0
n_1029.mp4,0.3426,0.0131,7.04,7.65,0,0
n_1029.mp4,0.336,0.0126,7.72,7.58,0,0
n_1029.mp4,0.3463,0.0133,7.72,7.85,0,0
n_1029.mp4,0.2883,0.0,7.73,8.41,0,0
n_1029.mp4,0.3165,0.0128,8.19,7.74,0,0
n_1027.mp4,0.3854,0.0,8.36,14.09,0,0
n_1027.mp4,0.188,0.0149,8.51,14.6,0,0
n_1027.mp4,0.3209,0.0143,9.22,13.36,0,0
n_1027.mp4,0.3311,0.0137,8.83,12.06,0,0
n_1027.mp4,0.3321,0.0196,8.33,11.8,0,0
n_1027.mp4,0.3208,0.0194,8.35,11.03,0,0
n_1027.mp4,0.3583,0.0194,8.07,10.75,0,0
n_1027.mp4,0.3279,0.0194,8.27,10.6,0,0
n_1027.mp4,0.3087,0.0,8.68,11.31,0,0
n_1027.mp4,0.3477,0.0137,8.2,10.72,0,0
n_1027.mp4,0.3151,0.0,8.34,11.06,0,0
n_1027.mp4,0.3423,0.0137,7.9,10.73,0,0
n_1027.mp4,0.3261,0.0139,7.79,11.01,0,0
n_1027.mp4,0.3268,0.0139,8.92,11.34,0,0
n_1027.mp4,0.3691,0.0,10.1,13.75,0,0
n_1027.mp4,0.4234,0.0,9.27,15.82,0,0
n_1027.mp4,0.3763,0.0,9.47,15.84,0,0
n_1027.mp4,0.179,0.0147,9.8,14.14,0,0
n_1027.mp4,0.3312,0.0,9.08,12.84,0,0
n_1027.mp4,0.3473,0.0133,8.88,10.78,0,0
n_1027.mp4,0.3413,0.0135,7.06,9.05,0,0
n_1027.mp4,0.3057,0.0,6.73,7.56,0,0
n_1027.mp4,0.3292,0.0127,6.57,7.22,0,0
n_1027.mp4,0.3265,0.0,6.0,6.35,0,0
n_1027.mp4,0.3247,0.0,6.62,6.0,0,0
n_1027.mp4,0.303,0.0,6.17,6.06,0,0
n_1027.mp4,0.3191,0.0,6.08,6.05,0,0
n_1027.mp4,0.3322,0.0,6.1,6.29,0,0
n_1027.mp4,0.3272,0.0124,6.0,6.23,0,0
n_1027.mp4,0.3372,0.0123,5.94,6.56,0,0
n_1027.mp4,0.3167,0.013,6.33,6.69,0,0
n_1027.mp4,0.3216,0.0131,6.41,7.22,0,0
n_1027.mp4,0.3266,0.0,6.1,7.45,0,0
n_1027.mp4,0.3318,0.0133,6.16,7.58,0,0
n_1027.mp4,0.3332,0.0129,6.75,7.73,0,0
n_1027.mp4,0.338,0.0129,6.95,8.09,0,0
n_1027.mp4,0.3313,0.0,7.14,8.38,0,0
n_1027.mp4,0.3351,0.0133,7.37,9.11,0,0
n_1027.mp4,0.3385,0.0,6.95,8.67,0,0
n_1027.mp4,0.3366,0.0133,7.16,8.68,0,0
n_1027.mp4,0.3299,0.0137,7.4,9.09,0,0
n_1027.mp4,0.339,0.0137,7.59,9.2,0,0
n_1027.mp4,0.3414,0.0191,6.98,9.54,0,0
n_1027.mp4,0.318,0.0139,7.02,8.95,0,0
n_1027.mp4,0.3504,0.0,7.13,9.05,0,0
n_1027.mp4,0.3518,0.0,7.2,8.91,0,0
n_1027.mp4,0.3505,0.0,7.09,8.8,0,0
n_1027.mp4,0.3541,0.0131,6.72,8.43,0,0
n_1027.mp4,0.3425,0.0,7.14,8.01,0,0
n_1027.mp4,0.3216,0.0137,7.71,9.08,0,0
n_1027.mp4,0.3568,0.0131,7.4,8.81,0,0
n_1027.mp4,0.3351,0.0129,7.51,8.34,0,0
n_1027.mp4,0.3405,0.013,7.39,8.44,0,0
n_1027.mp4,0.3173,0.0128,7.37,8.27,0,0
n_1027.mp4,0.3214,0.0,7.71,8.55,0,0
n_1027.mp4,0.3103,0.0133,7.38,8.89,0,0
n_1027.mp4,0.3346,0.0131,7.77,8.22,0,0
n_1027.mp4,0.3092,0.0128,7.46,8.37,0,0
n_1027.mp4,0.3223,0.0,7.77,8.31,0,0
n_1027.mp4,0.3148,0.0,7.87,8.56,0,0
n_1027.mp4,0.3169,0.0135,7.65,9.09,0,0
n_1027.mp4,0.3355,0.0135,7.28,9.31,0,0
n_1027.mp4,0.3292,0.0,7.03,9.38,0,0
n_1027.mp4,0.3306,0.0191,6.68,8.52,0,0
n_1027.mp4,0.3306,0.013,6.85,8.42,0,0
n_1027.mp4,0.3249,0.0131,7.11,8.34,0,0
n_1027.mp4,0.3231,0.0,6.88,8.3,0,0
n_1027.mp4,0.3219,0.0,6.67,8.65,0,0
n_1027.mp4,0.3304,0.0,6.97,8.13,0,0
n_1027.mp4,0.3332,0.0,7.27,7.57,0,0
n_1027.mp4,0.3143,0.0129,7.13,7.14,0,0
n_1027.mp4,0.3228,0.0126,7.04,7.09,0,0
n_1027.mp4,0.3382,0.0128,6.93,7.57,0,0
n_1027.mp4,0.3494,0.0128,6.99,7.15,0,0
n_1027.mp4,0.3463,0.0,7.55,7.85,0,0
n_1027.mp4,0.3397,0.0133,7.09,8.16,0,0
n_1027.mp4,0.3267,0.0131,7.31,8.22,0,0
n_1027.mp4,0.3261,0.0183,7.75,7.8,0,0
n_1027.mp4,0.3086,0.0122,7.03,6.89,0,0
n_1027.mp4,0.2979,0.0181,7.18,6.71,0,0
n_1027.mp4,0.3057,0.0125,7.08,6.84,0,0
n_1027.mp4,0.3219,0.0177,7.06,6.4,0,0
n_1027.mp4,0.3232,0.0,6.32,5.74,0,0
n_1027.mp4,0.322,0.0126,6.54,5.26,0,0
n_1027.mp4,0.3263,0.0123,6.32,5.92,0,0
n_1027.mp4,0.3126,0.0,6.99,6.81,0,0
n_1027.mp4,0.3267,0.0125,6.68,6.95,0,0
n_1027.mp4,0.316,0.0,6.96,7.28,0,0
n_1027.mp4,0.3349,0.0,6.75,7.22,0,0
n_1027.mp4,0.3404,0.0128,7.02,7.11,0,0
n_1027.mp4,0.3235,0.0125,7.29,7.4,0,0
n_1027.mp4,0.3258,0.0177,7.03,7.39,0,0
n_1027.mp4,0.3335,0.0,7.11,7.36,0,0
n_1027.mp4,0.3172,0.0125,6.92,7.58,0,0
n_1027.mp4,0.3402,0.0188,7.45,8.47,0,0
n_1027.mp4,0.345,0.013,7.7,8.71,0,0
n_1027.mp4,0.3294,0.0,6.74,7.79,0,0
n_1027.mp4,0.3151,0.0126,6.2,6.35,0,0
n_1027.mp4,0.3057,0.0,6.53,6.37,0,0
n_1027.mp4,0.3103,0.0131,6.15,7.41,0,0
n_1028.mp4,0.3199,0.0137,8.6,8.7,0,0
n_1028.mp4,0.3401,0.0128,7.96,8.21,0,0
n_1028.mp4,0.3245,0.0,7.49,8.14,0,0
n_1028.mp4,0.3261,0.0,7.63,8.25,0,0
n_1028.mp4,0.319,0.0,7.43,8.44,0,0
n_1028.mp4,0.3124,0.0,7.1,8.66,0,0
n_1028.mp4,0.3213,0.0131,7.19,8.35,0,0
n_1028.mp4,0.3283,0.0,7.04,8.39,0,0
n_1028.mp4,0.3093,0.0186,7.43,8.13,0,0
n_1028.mp4,0.3246,0.0137,7.86,8.91,0,0
n_1028.mp4,0.3287,0.0139,7.29,9.53,0,0
n_1028.mp4,0.3287,0.0191,6.97,9.73,0,0
n_1028.mp4,0.3428,0.0,6.49,9.16,0,0
n_1028.mp4,0.3218,0.0133,6.69,8.55,0,0
n_1028.mp4,0.333,0.0131,6.73,8.11,0,0
n_1028.mp4,0.3366,0.0,6.73,8.52,0,0
n_1028.mp4,0.3267,0.0,6.69,8.58,0,0
n_1028.mp4,0.3205,0.0128,6.71,8.56,0,0
n_1028.mp4,0.3466,0.0129,6.82,8.15,0,0
n_1028.mp4,0.3238,0.0129,6.76,7.4,0,0
n_1028.mp4,0.3154,0.0183,6.93,7.28,0,0
n_1028.mp4,0.3256,0.0,7.05,7.55,0,0
n_1028.mp4,0.3144,0.0,7.09,7.66,0,0
n_1028.mp4,0.3326,0.0126,6.92,7.6,0,0
n_1028.mp4,0.3349,0.0128,7.47,8.23,0,0
n_1028.mp4,0.3265,0.013,7.3,8.36,0,0
n_1028.mp4,0.3397,0.0128,7.46,8.14,0,0
n_1028.mp4,0.3163,0.0126,7.92,7.75,0,0
n_1028.mp4,0.3148,0.0123,6.95,6.99,0,0
n_1028.mp4,0.3211,0.0,7.08,6.81,0,0
n_1028.mp4,0.322,0.0123,6.97,6.73,0,0
n_1028.mp4,0.3088,0.0,7.28,5.93,0,0
n_1028.mp4,0.3234,0.0125,6.16,5.76,0,0
n_1028.mp4,0.3147,0.0,6.54,5.49,0,0
n_1028.mp4,0.3109,0.0123,6.56,6.06,0,0
n_1028.mp4,0.3218,0.0,6.82,6.62,0,0
n_1028.mp4,0.3274,0.0126,6.29,7.12,0,0
n_1028.mp4,0.3425,0.0128,6.63,7.18,0,0
n_1028.mp4,0.326,0.0125,6.9,7.21,0,0
n_1028.mp4,0.3325,0.0,6.98,7.13,0,0
n_1028.mp4,0.3215,0.0128,6.62,7.25,0,0
n_1028.mp4,0.3391,0.0126,6.73,7.07,0,0
n_1028.mp4,0.3315,0.0125,6.99,7.68,0,0
n_1028.mp4,0.3262,0.0126,7.27,7.75,0,0
n_1028.mp4,0.3386,0.0135,7.41,8.84,0,0
n_1028.mp4,0.352,0.0131,7.32,8.29,0,0
n_1028.mp4,0.3291,0.0,6.76,7.11,0,0
n_1028.mp4,0.3185,0.0127,6.38,6.16,0,0
n_1028.mp4,0.316,0.0124,6.52,6.46,0,0
n_1028.mp4,0.3109,0.0131,6.54,8.23,0,0
n_1028.mp4,0.3836,0.0,7.37,13.15,0,0
n_1028.mp4,0.4109,0.0,6.1,16.99,0,0
n_1028.mp4,0.4166,0.0185,6.15,17.58,0,0
n_1028.mp4,0.4353,0.0,5.56,18.51,0,0
n_1028.mp4,0.4179,0.0185,5.63,19.7,0,0
n_1028.mp4,0.4743,0.0,7.07,20.15,0,0
n_1028.mp4,0.2913,0.0169,7.65,16.18,0,0
n_1028.mp4,0.3877,0.0149,7.25,13.6,0,0
n_1028.mp4,0.3264,0.0137,6.22,11.17,0,0
n_1028.mp4,0.3474,0.0,5.97,9.99,0,0
n_1028.mp4,0.3417,0.0,5.98,9.2,0,0
n_1028.mp4,0.3362,0.0129,5.8,8.7,0,0
n_1028.mp4,0.3534,0.0133,7.02,8.45,0,0
n_1028.mp4,0.3265,0.0,6.86,8.21,0,0
n_1028.mp4,0.3187,0.0118,7.53,3.48,0,0
n_1028.mp4,0.3493,0.0,5.51,0.02,0,0
n_1028.mp4,0.3406,0.0,5.05,-0.65,0,0
n_1028.mp4,0.3444,0.0,6.25,-0.6,0,0
n_1028.mp4,0.3714,0.0,5.47,-1.52,0,0
n_1028.mp4,0.3636,0.0,5.03,-1.59,0,0
n_1028.mp4,0.3424,0.0123,5.18,-1.55,0,0
n_1028.mp4,0.3317,0.0,5.36,-0.73,0,0
n_1028.mp4,0.3296,0.0,5.8,-0.08,0,0
n_1028.mp4,0.3334,0.0,5.95,0.09,0,0
n_1028.mp4,0.2809,0.0,6.03,0.8,0,0
n_1028.mp4,0.3005,0.0128,5.93,3.47,0,0
n_1028.mp4,0.3059,0.0131,5.13,4.88,0,0
n_1028.mp4,0.3247,0.0,4.95,5.27,0,0
n_1028.mp4,0.3355,0.0134,4.99,5.98,0,0
n_1028.mp4,0.3277,0.0,4.93,6.45,0,0
n_1028.mp4,0.3301,0.0136,4.44,6.69,0,0
n_1028.mp4,0.3281,0.0,5.08,7.14,0,0
n_1028.mp4,0.3384,0.0,5.2,7.6,0,0
n_1028.mp4,0.3263,0.0137,5.95,8.25,0,0
n_1028.mp4,0.3713,0.0,7.52,9.99,0,0
n_1028.mp4,0.3975,0.0,6.94,17.45,0,0
n_1028.mp4,0.425,0.0187,7.51,17.88,0,0
n_1028.mp4,0.4895,0.0203,6.66,19.14,0,0
n_1028.mp4,0.4678,0.0195,5.28,19.36,0,0
n_1028.mp4,0.5205,0.0,5.32,20.67,0,0
n_1028.mp4,0.3912,0.0,6.62,17.98,0,0
n_1028.mp4,0.4729,0.0,4.92,21.34,0,0
n_1028.mp4,0.4611,0.0196,1.59,22.55,0,0
n_1028.mp4,0.5323,0.0,1.03,22.29,0,0
n_1028.mp4,0.8046,0.0319,-0.26,22.63,1,0
n_1028.mp4,0.5859,0.0228,-1.83,22.66,1,0
n_1028.mp4,0.7097,0.0333,-1.32,22.74,1,0
n_1028.mp4,0.7032,0.0,-0.59,22.24,1,0
n_1028.mp4,0.6286,0.0,2.86,19.34,0,0
n_1028.mp4,0.4418,0.0,5.43,16.67,0,0
n_1030.mp4,0.37,0.0,6.35,11.18,0,0
n_1030.mp4,0.3593,0.0,6.13,9.35,0,0
n_1030.mp4,0.3439,0.0,5.52,7.18,0,0
n_1030.mp4,0.3547,0.0,6.7,7.42,0,0
n_1030.mp4,0.3494,0.0,6.27,7.02,0,0
n_1030.mp4,0.3535,0.0,6.27,7.45,0,0
n_1030.mp4,0.3409,0.0134,6.13,7.88,0,0
n_1030.mp4,0.3248,0.0,6.56,7.17,0,0
n_1030.mp4,0.3198,0.0123,6.8,4.38,0,0
n_1030.mp4,0.329,0.0,6.17,3.55,0,0
n_1030.mp4,0.3314,0.0,6.13,3.0,0,0
n_1030.mp4,0.2187,0.0125,6.46,3.57,0,0
n_1030.mp4,0.3168,0.0,5.52,3.62,0,0
n_1030.mp4,0.3029,0.0,5.77,3.76,0,0
n_1030.mp4,0.3346,0.0,5.54,4.25,0,0
n_1030.mp4,0.34,0.0,6.03,4.93,0,0
n_1030.mp4,0.3258,0.0,6.18,4.97,0,0
n_1030.mp4,0.3338,0.0,6.17,5.44,0,0
n_1030.mp4,0.319,0.0174,6.24,5.44,0,0
n_1030.mp4,0.327,0.0126,5.92,5.67,0,0
n_1030.mp4,0.3332,0.0,5.79,5.61,0,0
n_1030.mp4,0.3178,0.0,5.89,5.38,0,0
n_1030.mp4,0.3266,0.0,6.25,5.88,0,0
n_1030.mp4,0.3264,0.0127,6.16,6.15,0,0
n_1030.mp4,0.3154,0.0128,6.36,6.51,0,0
n_1030.mp4,0.3292,0.0126,6.27,6.51,0,0
n_1030.mp4,0.3258,0.0,6.82,6.79,0,0
n_1030.mp4,0.3244,0.0125,6.55,7.09,0,0
n_1030.mp4,0.3195,0.0,6.18,6.75,0,0
n_1030.mp4,0.3561,0.0126,6.47,6.9,0,0
n_1030.mp4,0.3345,0.0125,6.87,7.28,0,0
n_1030.mp4,0.3363,0.013,6.69,7.76,0,0
n_1030.mp4,0.3277,0.0126,7.35,7.65,0,0
n_1030.mp4,0.3388,0.0126,7.01,7.26,0,0
n_1030.mp4,0.3332,0.0128,6.92,7.23,0,0
n_1030.mp4,0.342,0.0,7.33,6.57,0,0
n_1030.mp4,0.3056,0.0128,7.59,6.77,0,0
n_1030.mp4,0.3151,0.0,7.58,6.95,0,0
n_1030.mp4,0.3246,0.0,7.65,6.72,0,0
n_1030.mp4,0.3495,0.0181,8.22,7.19,0,0
n_1030.mp4,0.3325,0.0,7.1,7.58,0,0
n_1030.mp4,0.3456,0.0,7.31,7.36,0,0
n_1030.mp4,0.3486,0.0,7.02,7.46,0,0
n_1030.mp4,0.3466,0.0131,6.75,7.68,0,0
n_1030.mp4,0.3312,0.0129,7.1,7.62,0,0
n_1030.mp4,0.3413,0.0126,7.26,7.82,0,0
n_1030.mp4,0.3458,0.0,7.24,7.71,0,0
n_1030.mp4,0.3695,0.0,7.62,8.52,0,0
n_1030.mp4,0.2348,0.0,7.91,7.64,0,0
n_1030.mp4,0.3174,0.0128,7.52,7.87,0,0
n_1030.mp4,0.3111,0.0,6.73,7.11,0,0
n_1030.mp4,0.3395,0.0,6.16,7.28,0,0
n_1030.mp4,0.3328,0.0128,6.69,7.18,0,0
n_1030.mp4,0.3358,0.0,6.28,6.73,0,0
n_1030.mp4,0.3401,0.0119,6.12,6.76,0,0
n_1030.mp4,0.3282,0.0,5.91,6.99,0,0
n_1030.mp4,0.3463,0.0,6.18,7.0,0,0
n_1030.mp4,0.339,0.0126,5.94,6.79,0,0
n_1030.mp4,0.3086,0.0,6.24,6.55,0,0
n_1030.mp4,0.3279,0.0,6.35,6.93,0,0
n_1030.mp4,0.3485,0.0,6.43,7.0,0,0
n_1030.mp4,0.3211,0.0,6.25,6.92,0,0
n_1030.mp4,0.3187,0.0128,6.09,6.95,0,0
n_1030.mp4,0.3134,0.0125,6.5,6.98,0,0
n_1030.mp4,0.3183,0.0128,6.89,7.48,0,0
n_1030.mp4,0.3144,0.0,8.39,8.38,0,0
n_1030.mp4,0.3132,0.0,8.16,9.33,0,0
n_1030.mp4,0.3152,0.0128,7.17,7.99,0,0
n_1030.mp4,0.305,0.0125,6.23,6.44,0,0
n_1030.mp4,0.3141,0.0,4.97,5.05,0,0
n_1030.mp4,0.3208,0.0,6.59,5.07,0,0
n_1030.mp4,0.3238,0.0,6.87,5.53,0,0
n_1030.mp4,0.3241,0.0125,6.44,6.73,0,0
n_1030.mp4,0.3468,0.0,5.97,7.64,0,0
n_1030.mp4,0.332,0.0128,5.52,7.37,0,0
n_1030.mp4,0.3182,0.0,5.89,6.79,0,0
n_1030.mp4,0.3385,0.0126,5.58,6.32,0,0
n_1030.mp4,0.3261,0.0174,6.16,6.1,0,0
n_1030.mp4,0.3547,0.0126,5.5,6.67,0,0
n_1030.mp4,0.3328,0.0131,5.77,7.19,0,0
n_1030.mp4,0.3359,0.0126,5.92,7.63,0,0
n_1030.mp4,0.3002,0.0128,6.17,7.18,0,0
n_1030.mp4,0.3229,0.0,5.66,5.63,0,0
n_1030.mp4,0.3341,0.0,5.59,4.74,0,0
n_1030.mp4,0.0588,0.0,6.24,5.32,0,0
n_1030.mp4,0.3231,0.0,6.01,5.74,0,0
n_1030.mp4,0.3518,0.0,5.89,6.04,0,0
n_1030.mp4,0.3443,0.0125,7.32,6.52,0,0
n_1030.mp4,0.3172,0.0128,6.07,6.19,0,0
n_1030.mp4,0.3597,0.0128,6.53,5.36,0,0
n_1030.mp4,0.3255,0.0,6.48,5.93,0,0
n_1030.mp4,0.3398,0.0181,6.26,5.54,0,0
n_1030.mp4,0.3415,0.0,6.14,5.37,0,0
n_1030.mp4,0.3059,0.0126,6.52,4.99,0,0
n_1030.mp4,0.3235,0.0,5.26,2.69,0,0
n_1030.mp4,0.3207,0.0,4.74,0.14,0,0
n_1030.mp4,0.322,0.0,4.73,-0.07,0,0
n_1030.mp4,0.3115,0.0119,4.43,-0.59,0,0
n_1030.mp4,0.3187,0.0,4.39,0.09,0,0
n_1030.mp4,0.3366,0.0119,4.84,1.41,0,0
n_1031.mp4,0.3538,0.0178,6.11,7.28,0,0
n_1031.mp4,0.3484,0.0128,5.96,6.99,0,0
n_1031.mp4,0.3407,0.0,6.07,6.63,0,0
n_1031.mp4,0.329,0.0,6.2,6.75,0,0
n_1031.mp4,0.3381,0.0,6.0,6.88,0,0
n_1031.mp4,0.3345,0.0,6.22,6.87,0,0
n_1031.mp4,0.3315,0.0126,6.02,6.71,0,0
n_1031.mp4,0.3124,0.0,6.39,6.65,0,0
n_1031.mp4,0.3434,0.0128,6.09,6.81,0,0
n_1031.mp4,0.3548,0.0126,6.29,6.98,0,0
n_1031.mp4,0.3313,0.0,6.03,6.86,0,0
n_1031.mp4,0.3169,0.0,6.52,6.84,0,0
n_1031.mp4,0.3107,0.0125,6.99,7.05,0,0
n_1031.mp4,0.3182,0.0,7.71,7.99,0,0
n_1031.mp4,0.3203,0.0123,8.58,8.93,0,0
n_1031.mp4,0.3291,0.0123,8.33,8.73,0,0
n_1031.mp4,0.3274,0.0,6.77,7.55,0,0
n_1031.mp4,0.3144,0.0123,5.51,5.76,0,0
n_1031.mp4,0.3056,0.0124,5.57,4.79,0,0
n_1031.mp4,0.3194,0.0122,6.64,5.03,0,0
n_1031.mp4,0.3218,0.0,6.38,5.63,0,0
n_1031.mp4,0.3308,0.0,6.39,7.2,0,0
n_1031.mp4,0.3445,0.0128,5.55,7.36,0,0
n_1031.mp4,0.3325,0.0128,5.78,7.14,0,0
n_1031.mp4,0.3235,0.0126,5.77,6.54,0,0
n_1031.mp4,0.324,0.0,6.03,6.27,0,0
n_1031.mp4,0.3305,0.0124,6.13,6.5,0,0
n_1031.mp4,0.3449,0.0,5.73,6.93,0,0
n_1031.mp4,0.3213,0.0,5.69,7.11,0,0
n_1031.mp4,0.3164,0.0128,6.23,7.55,0,0
n_1031.mp4,0.3121,0.0128,6.09,6.49,0,0
n_1031.mp4,0.3159,0.0,5.64,5.16,0,0
n_1031.mp4,0.3278,0.0125,5.61,5.34,0,0
n_1031.mp4,0.2983,0.0,5.54,5.11,0,0
n_1031.mp4,0.3466,0.0,5.53,5.82,0,0
n_1031.mp4,0.3409,0.0,6.38,6.29,0,0
n_1031.mp4,0.3135,0.0128,7.11,6.3,0,0
n_1031.mp4,0.3124,0.0126,6.51,6.02,0,0
n_1031.mp4,0.3282,0.0128,5.97,5.21,0,0
n_1031.mp4,0.32,0.0126,6.43,5.98,0,0
n_1031.mp4,0.3342,0.0123,5.83,4.99,0,0
n_1031.mp4,0.3205,0.0,5.9,5.31,0,0
n_1031.mp4,0.3065,0.0126,6.41,4.41,0,0
n_1031.mp4,0.3174,0.0,5.1,1.51,0,0
n_1031.mp4,0.3107,0.0,4.59,0.07,0,0
n_1031.mp4,0.3331,0.0,4.61,-0.39,0,0
n_1031.mp4,0.3077,0.0,4.29,-0.59,0,0
n_1031.mp4,0.3367,0.0,4.35,0.31,0,0
n_1031.mp4,0.3156,0.0,5.0,2.53,0,0
n_1031.mp4,0.3193,0.0,5.33,5.3,0,0
n_1031.mp4,0.3292,0.0,5.48,5.7,0,0
n_1031.mp4,0.3341,0.0125,5.55,5.77,0,0
n_1031.mp4,0.333,0.0125,5.88,5.91,0,0
n_1031.mp4,0.327,0.0,5.71,6.04,0,0
n_1031.mp4,0.327,0.0124,6.33,6.09,0,0
n_1031.mp4,0.3082,0.0,6.0,5.76,0,0
n_1031.mp4,0.3154,0.0,6.39,5.98,0,0
n_1031.mp4,0.309,0.0,6.04,5.82,0,0
n_1031.mp4,0.3297,0.0178,6.88,6.42,0,0
n_1031.mp4,0.3299,0.0122,6.32,6.48,0,0
n_1031.mp4,0.3261,0.0,6.36,6.84,0,0
n_1031.mp4,0.3294,0.013,6.43,6.91,0,0
n_1031.mp4,0.3235,0.0,6.11,6.63,0,0
n_1031.mp4,0.3327,0.0,6.21,6.67,0,0
n_1031.mp4,0.3303,0.0,5.95,6.51,0,0
n_1031.mp4,0.3274,0.0,6.39,6.41,0,0
n_1031.mp4,0.3334,0.0,6.76,6.74,0,0
n_1031.mp4,0.3322,0.0128,6.83,6.62,0,0
n_1031.mp4,0.3272,0.0,7.19,5.92,0,0
n_1031.mp4,0.3201,0.0181,7.32,5.74,0,0
n_1031.mp4,0.299,0.0126,7.52,6.24,0,0
n_1031.mp4,0.3311,0.0,6.58,6.07,0,0
n_1031.mp4,0.3321,0.0126,6.76,6.21,0,0
n_1031.mp4,0.3362,0.0123,7.19,6.34,0,0
n_1031.mp4,0.3294,0.0123,7.47,6.83,0,0
n_1031.mp4,0.3323,0.0,7.11,6.69,0,0
n_1031.mp4,0.3395,0.0,7.29,6.63,0,0
n_1031.mp4,0.318,0.0123,7.81,5.91,0,0
n_1031.mp4,0.344,0.0116,7.33,2.37,0,0
n_1031.mp4,0.3348,0.0119,6.3,0.86,0,0
n_1031.mp4,0.3407,0.0,6.41,0.03,0,0
n_1031.mp4,0.326,0.0,6.68,0.4,0,0
n_1031.mp4,0.265,0.0,6.68,-2.04,0,0
n_1031.mp4,0.3451,0.0176,5.76,-6.98,0,0
n_1031.mp4,0.3488,0.0,5.31,-8.16,0,0
n_1031.mp4,0.0757,0.0,4.97,-4.67,0,0
n_1031.mp4,0.2933,0.0,4.48,0.58,0,0
n_1031.mp4,0.3113,0.0125,4.77,3.11,0,0
n_1031.mp4,0.3166,0.0,5.01,4.63,0,0
n_1031.mp4,0.3128,0.0,4.48,4.87,0,0
n_1031.mp4,0.3239,0.0,5.23,4.64,0,0
n_1031.mp4,0.3252,0.0,5.53,4.22,0,0
n_1031.mp4,0.3249,0.0,6.38,3.85,0,0
n_1031.mp4,0.3308,0.0121,6.4,3.67,0,0
n_1031.mp4,0.3283,0.0123,6.53,4.09,0,0
n_1031.mp4,0.3245,0.0128,6.41,4.31,0,0
n_1031.mp4,0.3438,0.0,6.37,4.39,0,0
n_1031.mp4,0.3151,0.0174,6.37,4.34,0,0
n_1031.mp4,0.3433,0.0,6.76,5.02,0,0
n_1032.mp4,0.3811,0.0,5.71,5.61,0,0
n_1032.mp4,0.3377,0.0,5.62,6.38,0,0
n_1032.mp4,0.3397,0.0,6.13,6.23,0,0
n_1032.mp4,0.3371,0.0,6.62,6.5,0,0
n_1032.mp4,0.3348,0.0,6.31,6.09,0,0
n_1032.mp4,0.3245,0.0126,6.19,5.75,0,0
n_1032.mp4,0.3183,0.0,6.4,5.64,0,0
n_1032.mp4,0.3108,0.0128,6.57,6.09,0,0
n_1032.mp4,0.3421,0.0129,6.63,6.43,0,0
n_1032.mp4,0.3346,0.0,6.83,6.71,0,0
n_1032.mp4,0.3287,0.0,6.42,7.05,0,0
n_1032.mp4,0.3286,0.0128,6.09,6.84,0,0
n_1032.mp4,0.3294,0.0133,6.31,7.12,0,0
n_1032.mp4,0.3308,0.013,6.65,6.7,0,0
n_1032.mp4,0.3393,0.0,6.53,6.41,0,0
n_1032.mp4,0.3506,0.0,6.8,6.58,0,0
n_1032.mp4,0.3344,0.0,7.18,6.56,0,0
n_1032.mp4,0.3407,0.0126,7.59,6.54,0,0
n_1032.mp4,0.3083,0.0,6.69,6.25,0,0
n_1032.mp4,0.3223,0.0123,7.03,5.68,0,0
n_1032.mp4,0.3244,0.0,7.17,6.3,0,0
n_1032.mp4,0.3473,0.0,6.76,6.02,0,0
n_1032.mp4,0.3345,0.0128,7.04,6.55,0,0
n_1032.mp4,0.3277,0.0177,7.08,6.9,0,0
n_1032.mp4,0.3257,0.0,7.14,6.62,0,0
n_1032.mp4,0.3287,0.0,7.22,6.55,0,0
n_1032.mp4,0.3139,0.0123,7.3,6.66,0,0
n_1032.mp4,0.3148,0.012,7.48,4.85,0,0
n_1032.mp4,0.3582,0.0,7.27,1.89,0,0
n_1032.mp4,0.3469,0.0,6.1,0.38,0,0
n_1032.mp4,0.3397,0.0,6.7,0.1,0,0
n_1032.mp4,0.3189,0.0,6.42,0.23,0,0
n_1032.mp4,0.3089,0.0,7.02,-3.87,0,0
n_1032.mp4,0.3464,0.0,5.94,-7.81,0,0
n_1032.mp4,0.3016,0.0,5.06,-7.64,0,0
n_1032.mp4,0.2474,0.012,4.08,-2.44,0,0
n_1032.mp4,0.3126,0.0,4.78,1.68,0,0
n_1032.mp4,0.309,0.0117,4.84,3.8,0,0
n_1032.mp4,0.3294,0.0,4.36,4.77,0,0
n_1032.mp4,0.3231,0.0,4.83,4.87,0,0
n_1032.mp4,0.3301,0.0,5.31,4.44,0,0
n_1032.mp4,0.3351,0.0,5.73,3.93,0,0
n_1032.mp4,0.3318,0.0,6.14,3.85,0,0
n_1032.mp4,0.3498,0.0121,6.6,3.72,0,0
n_1032.mp4,0.3216,0.0126,6.57,4.02,0,0
n_1032.mp4,0.3245,0.0128,6.73,4.59,0,0
n_1032.mp4,0.3338,0.0125,6.38,4.58,0,0
n_1032.mp4,0.3213,0.0168,6.32,4.46,0,0
n_1032.mp4,0.3353,0.012,6.4,4.93,0,0
n_1032.mp4,0.3348,0.0123,5.96,4.58,0,0
n_1032.mp4,0.3295,0.0,6.24,4.87,0,0
n_1032.mp4,0.3228,0.0175,6.46,4.8,0,0
n_1032.mp4,0.3362,0.0,6.39,5.0,0,0
n_1032.mp4,0.3189,0.0,6.09,4.99,0,0
n_1032.mp4,0.3246,0.0123,6.71,5.82,0,0
n_1032.mp4,0.3174,0.0,6.44,5.28,0,0
n_1032.mp4,0.3299,0.0,6.57,5.16,0,0
n_1032.mp4,0.3393,0.0,6.64,5.22,0,0
n_1032.mp4,0.3018,0.0,6.83,5.1,0,0
n_1032.mp4,0.3168,0.0,6.97,2.28,0,0
n_1032.mp4,0.3546,0.0,7.2,1.72,0,0
n_1032.mp4,0.3449,0.0,6.68,1.78,0,0
n_1032.mp4,0.3297,0.0113,7.13,1.65,0,0
n_1032.mp4,0.2241,0.0,6.61,1.52,0,0
n_1032.mp4,0.21,0.0,5.64,0.08,0,0
n_1032.mp4,0.2032,0.0,4.4,-0.65,0,0
n_1032.mp4,0.2443,0.0124,4.44,-1.09,0,0
n_1032.mp4,0.2394,0.0,4.64,-0.87,0,0
n_1032.mp4,0.2013,0.0,5.45,-0.46,0,0
n_1032.mp4,0.2466,0.0123,5.38,2.01,0,0
n_1032.mp4,0.3293,0.0,5.47,3.56,0,0
n_1032.mp4,0.3207,0.0,5.65,5.35,0,0
n_1032.mp4,0.3583,0.0,5.21,6.6,0,0
n_1032.mp4,0.3194,0.0,5.33,6.61,0,0
n_1032.mp4,0.3381,0.0125,5.38,6.82,0,0
n_1032.mp4,0.3527,0.0131,5.82,7.27,0,0
n_1032.mp4,0.3521,0.0,5.84,8.0,0,0
n_1032.mp4,0.3495,0.0,5.73,8.11,0,0
n_1032.mp4,0.3228,0.0,5.44,7.77,0,0
n_1032.mp4,0.3185,0.0129,5.86,7.19,0,0
n_1032.mp4,0.3302,0.0,5.78,7.23,0,0
n_1032.mp4,0.3537,0.0128,5.13,6.98,0,0
n_1032.mp4,0.355,0.0126,5.45,6.99,0,0
n_1032.mp4,0.3327,0.0,5.68,7.16,0,0
n_1032.mp4,0.3311,0.0,5.48,6.9,0,0
n_1032.mp4,0.3507,0.0,5.9,6.8,0,0
n_1032.mp4,0.3175,0.0131,6.01,7.04,0,0
n_1032.mp4,0.3405,0.0128,5.64,6.99,0,0
n_1032.mp4,0.3318,0.0128,5.7,7.12,0,0
n_1032.mp4,0.3168,0.0131,5.4,7.02,0,0
n_1032.mp4,0.3355,0.0,5.4,7.36,0,0
n_1032.mp4,0.3484,0.0129,5.53,7.26,0,0
n_1032.mp4,0.3171,0.0,6.06,6.95,0,0
n_1032.mp4,0.3166,0.0,5.67,6.4,0,0
n_1032.mp4,0.3165,0.0118,6.08,3.24,0,0
n_1032.mp4,0.3149,0.0,5.65,0.96,0,0
n_1032.mp4,0.307,0.0,5.31,-0.19,0,0
n_1032.mp4,0.3154,0.0,5.32,-0.27,0,0
n_1032.mp4,0.3081,0.0,5.01,-0.55,0,0
n_1033.mp4,0.3135,0.0125,4.95,4.77,0,0
n_1033.mp4,0.334,0.0,6.47,4.74,0,0
n_1033.mp4,0.3332,0.0,6.27,5.1,0,0
n_1033.mp4,0.3247,0.0124,6.07,4.87,0,0
n_1033.mp4,0.3257,0.0,6.0,5.18,0,0
n_1033.mp4,0.3281,0.0121,6.5,5.13,0,0
n_1033.mp4,0.3376,0.0,6.38,5.21,0,0
n_1033.mp4,0.3214,0.0,6.67,5.36,0,0
n_1033.mp4,0.327,0.0,6.52,5.33,0,0
n_1033.mp4,0.328,0.0,6.79,3.47,0,0
n_1033.mp4,0.3369,0.0116,7.45,1.72,0,0
n_1033.mp4,0.3541,0.0117,6.67,1.49,0,0
n_1033.mp4,0.3338,0.0,6.81,1.86,0,0
n_1033.mp4,0.2252,0.0,7.04,1.97,0,0
n_1033.mp4,0.2176,0.0,6.14,0.68,0,0
n_1033.mp4,0.2184,0.0,4.97,-0.22,0,0
n_1033.mp4,0.2221,0.0,4.42,-1.05,0,0
n_1033.mp4,0.224,0.0121,4.33,-0.87,0,0
n_1033.mp4,0.2299,0.0,4.93,-0.63,0,0
n_1033.mp4,0.0155,0.0,5.24,0.53,0,0
n_1033.mp4,0.3144,0.0,5.39,2.75,0,0
n_1033.mp4,0.3366,0.0,6.07,4.86,0,0
n_1033.mp4,0.3417,0.0123,5.5,6.14,0,0
n_1033.mp4,0.3446,0.0125,5.57,6.67,0,0
n_1033.mp4,0.34,0.0,5.14,6.48,0,0
n_1033.mp4,0.3438,0.0,5.65,7.07,0,0
n_1033.mp4,0.351,0.0131,5.72,7.75,0,0
n_1033.mp4,0.3552,0.0128,6.02,8.18,0,0
n_1033.mp4,0.3403,0.0,5.95,8.02,0,0
n_1033.mp4,0.3324,0.0131,5.74,7.21,0,0
n_1033.mp4,0.3384,0.0133,5.47,7.4,0,0
n_1033.mp4,0.3354,0.0128,5.3,6.73,0,0
n_1033.mp4,0.3476,0.0128,5.13,6.85,0,0
n_1033.mp4,0.3423,0.0128,5.42,6.9,0,0
n_1033.mp4,0.3322,0.0,5.24,6.98,0,0
n_1033.mp4,0.3214,0.0128,5.56,6.96,0,0
n_1033.mp4,0.3374,0.0129,5.67,6.98,0,0
n_1033.mp4,0.3383,0.0,5.95,6.87,0,0
n_1033.mp4,0.33,0.0128,5.37,7.25,0,0
n_1033.mp4,0.3411,0.0,5.46,7.32,0,0
n_1033.mp4,0.3429,0.0129,5.21,7.21,0,0
n_1033.mp4,0.3363,0.0,5.16,7.44,0,0
n_1033.mp4,0.3142,0.0,5.62,6.92,0,0
n_1033.mp4,0.3453,0.0126,5.65,7.06,0,0
n_1033.mp4,0.3161,0.0,6.63,4.82,0,0
n_1033.mp4,0.3394,0.0,5.95,1.86,0,0
n_1033.mp4,0.3131,0.0,5.48,0.32,0,0
n_1033.mp4,0.3143,0.0,5.24,-0.15,0,0
n_1033.mp4,0.3252,0.0,5.36,-0.47,0,0
n_1033.mp4,0.3208,0.0,5.6,-0.6,0,0
n_1033.mp4,0.3256,0.0,5.29,-1.08,0,0
n_1033.mp4,0.3399,0.0,5.25,-1.07,0,0
n_1033.mp4,0.3315,0.0,5.2,-1.39,0,0
n_1033.mp4,0.1004,0.0,5.49,-0.5,0,0
n_1033.mp4,0.2888,0.0118,5.99,1.87,0,0
n_1033.mp4,0.3059,0.0,5.82,3.8,0,0
n_1033.mp4,0.3165,0.0,5.93,4.21,0,0
n_1033.mp4,0.3196,0.0124,6.32,4.83,0,0
n_1033.mp4,0.3225,0.0,6.24,5.13,0,0
n_1033.mp4,0.3345,0.0124,6.25,5.06,0,0
n_1033.mp4,0.2923,0.012,6.66,4.23,0,0
n_1033.mp4,0.34,0.0,6.21,1.03,0,0
n_1033.mp4,0.3392,0.0,5.81,-0.77,0,0
n_1033.mp4,0.345,0.0,5.64,-0.75,0,0
n_1033.mp4,0.3316,0.0,5.43,-0.44,0,0
n_1033.mp4,0.3532,0.0,5.32,-0.54,0,0
n_1033.mp4,0.3325,0.0,5.61,-0.25,0,0
n_1033.mp4,0.3411,0.0,5.08,-0.33,0,0
n_1033.mp4,0.238,0.0,5.74,0.27,0,0
n_1033.mp4,0.2486,0.0,5.6,2.17,0,0
n_1033.mp4,0.2975,0.0,5.47,3.35,0,0
n_1033.mp4,0.2973,0.0,4.91,3.47,0,0
n_1033.mp4,0.3006,0.0,5.25,3.92,0,0
n_1033.mp4,0.3091,0.0,4.79,4.28,0,0
n_1033.mp4,0.313,0.0,5.26,4.56,0,0
n_1033.mp4,0.3058,0.0126,5.38,4.35,0,0
n_1033.mp4,0.3264,0.0124,5.74,5.06,0,0
n_1033.mp4,0.3412,0.0,5.85,5.13,0,0
n_1033.mp4,0.3351,0.0,5.87,5.21,0,0
n_1033.mp4,0.2431,0.0,6.67,5.24,0,0
n_1033.mp4,0.2487,0.0,7.2,5.21,0,0
n_1033.mp4,0.308,0.0128,7.43,7.35,0,0
n_1033.mp4,0.3234,0.0,6.86,7.2,0,0
n_1033.mp4,0.3367,0.0,7.46,7.27,0,0
n_1033.mp4,0.3324,0.0,6.3,6.64,0,0
n_1033.mp4,0.3127,0.0129,6.97,7.97,0,0
n_1033.mp4,0.3357,0.0,6.64,8.05,0,0
n_1033.mp4,0.3153,0.0123,6.31,7.3,0,0
n_1033.mp4,0.3321,0.0129,6.55,7.28,0,0
n_1033.mp4,0.3225,0.0,6.85,6.77,0,0
n_1033.mp4,0.3218,0.0,6.48,6.7,0,0
n_1033.mp4,0.3192,0.0124,6.84,6.87,0,0
n_1033.mp4,0.0885,0.0123,7.38,6.78,0,0
n_1033.mp4,0.3341,0.0,7.87,7.39,0,0
n_1033.mp4,0.3348,0.0126,7.43,7.68,0,0
n_1033.mp4,0.3415,0.0123,7.56,7.5,0,0
n_1033.mp4,0.33,0.0126,7.14,7.56,0,0
n_1033.mp4,0.3299,0.0125,7.4,7.74,0,0
n_1033.mp4,0.3463,0.0179,7.49,7.73,0,0
n_1033.mp4,0.3412,0.0125,7.5,7.8,0,0
n_1035.mp4,0.3164,0.0203,12.77,8.11,0,0
n_1035.mp4,0.3297,0.0199,14.45,8.9,0,0
n_1035.mp4,0.2963,0.0135,14.92,9.45,0,0
n_1035.mp4,0.3264,0.0,13.82,9.23,0,0
n_1035.mp4,0.3108,0.0191,14.95,9.68,0,0
n_1035.mp4,0.3186,0.0,13.59,9.04,0,0
n_1035.mp4,0.316,0.0,14.09,9.06,0,0
n_1035.mp4,0.3074,0.0133,13.96,9.36,0,0
n_1035.mp4,0.3105,0.0,14.55,9.42,0,0
n_1035.mp4,0.3122,0.0,13.96,9.12,0,0
n_1035.mp4,0.3236,0.0,13.77,8.55,0,0
n_1035.mp4,0.3118,0.0191,13.78,8.2,0,0
n_1035.mp4,0.3246,0.0,13.99,7.81,0,0
n_1035.mp4,0.3383,0.0,13.97,7.37,0,0
n_1035.mp4,0.3206,0.0,14.09,7.97,0,0
n_1035.mp4,0.3351,0.0137,13.53,8.15,0,0
n_1035.mp4,0.3213,0.0,13.89,8.4,0,0
n_1035.mp4,0.3121,0.0,14.34,8.67,0,0
n_1035.mp4,0.3095,0.0,14.15,8.28,0,0
n_1035.mp4,0.3183,0.0,14.7,9.37,0,0
n_1035.mp4,0.3247,0.0135,13.85,8.72,0,0
n_1035.mp4,0.3256,0.0,14.02,8.42,0,0
n_1035.mp4,0.3189,0.0,13.72,7.87,0,0
n_1035.mp4,0.3243,0.0,13.77,7.38,0,0
n_1035.mp4,0.3135,0.0135,14.44,7.58,0,0
n_1035.mp4,0.3046,0.0,14.36,7.62,0,0
n_1035.mp4,0.3257,0.0135,14.18,7.08,0,0
n_1035.mp4,0.3275,0.0193,14.79,7.98,0,0
n_1035.mp4,0.2864,0.0137,12.93,9.37,0,0
n_1035.mp4,0.339,0.0,10.82,14.65,0,0
n_1035.mp4,0.4121,0.0164,9.05,16.54,0,0
n_1035.mp4,0.3448,0.0,9.83,14.75,0,0
n_1035.mp4,0.3442,0.0149,8.46,12.32,0,0
n_1035.mp4,0.3612,0.0143,7.27,10.77,0,0
n_1035.mp4,0.336,0.0135,7.47,10.32,0,0
n_1035.mp4,0.3452,0.0,6.56,8.52,0,0
n_1035.mp4,0.3382,0.0,6.72,7.56,0,0
n_1035.mp4,0.3435,0.0,6.85,7.33,0,0
n_1035.mp4,0.3332,0.0129,6.25,6.61,0,0
n_1035.mp4,0.3261,0.0,6.59,5.33,0,0
n_1035.mp4,0.3381,0.0,6.53,5.3,0,0
n_1035.mp4,0.3279,0.0,6.27,5.3,0,0
n_1035.mp4,0.3125,0.0,6.73,5.42,0,0
n_1035.mp4,0.3111,0.0,7.35,5.75,0,0
n_1035.mp4,0.3082,0.0133,7.41,6.27,0,0
n_1035.mp4,0.3226,0.0126,7.12,6.59,0,0
n_1035.mp4,0.3295,0.0131,6.62,7.13,0,0
n_1035.mp4,0.3035,0.0,6.65,7.53,0,0
n_1035.mp4,0.3297,0.0,6.59,7.67,0,0
n_1035.mp4,0.3247,0.0131,7.08,7.91,0,0
n_1035.mp4,0.3257,0.0131,6.84,7.57,0,0
n_1035.mp4,0.3373,0.0,6.93,8.21,0,0
n_1035.mp4,0.313,0.0,7.34,7.89,0,0
n_1035.mp4,0.3348,0.0126,7.18,7.69,0,0
n_1035.mp4,0.3272,0.0,7.28,8.25,0,0
n_1035.mp4,0.3482,0.0,7.52,8.18,0,0
n_1035.mp4,0.328,0.0123,7.65,8.7,0,0
n_1035.mp4,0.3067,0.0181,8.37,8.98,0,0
n_1035.mp4,0.3244,0.0,8.13,8.24,0,0
n_1035.mp4,0.3397,0.0126,8.77,7.59,0,0
n_1035.mp4,0.3319,0.0126,8.69,7.73,0,0
n_1035.mp4,0.3272,0.0,8.68,7.3,0,0
n_1035.mp4,0.2998,0.0,9.09,7.28,0,0
n_1035.mp4,0.3203,0.0123,8.61,5.96,0,0
n_1035.mp4,0.29,0.0,7.19,3.92,0,0
n_1035.mp4,0.2268,0.0123,6.29,-0.0,0,0
n_1035.mp4,0.2252,0.0,5.08,-0.79,0,0
n_1035.mp4,0.2248,0.0119,5.16,-0.13,0,0
n_1035.mp4,0.2885,0.0,5.73,1.47,0,0
n_1035.mp4,0.3239,0.0126,6.98,5.74,0,0
n_1035.mp4,0.32,0.0,7.22,7.96,0,0
n_1035.mp4,0.3179,0.0133,7.09,8.86,0,0
n_1035.mp4,0.3353,0.0126,6.66,7.94,0,0
n_1035.mp4,0.3546,0.0132,7.17,8.59,0,0
n_1035.mp4,0.3256,0.0,7.01,8.03,0,0
n_1035.mp4,0.3313,0.0,6.73,8.7,0,0
n_1035.mp4,0.3336,0.013,7.14,8.97,0,0
n_1035.mp4,0.3406,0.0128,6.84,8.52,0,0
n_1035.mp4,0.3452,0.013,7.13,8.38,0,0
n_1035.mp4,0.2833,0.0,8.46,8.42,0,0
n_1035.mp4,0.2886,0.013,7.66,8.4,0,0
n_1035.mp4,0.2781,0.013,8.5,8.42,0,0
n_1035.mp4,0.267,0.0,8.63,8.15,0,0
n_1035.mp4,0.1486,0.0127,8.85,8.24,0,0
n_1035.mp4,0.3323,0.0128,8.53,8.02,0,0
n_1035.mp4,0.3425,0.0127,8.55,8.37,0,0
n_1035.mp4,0.3329,0.0127,8.9,8.52,0,0
n_1035.mp4,0.3305,0.0,8.57,8.68,0,0
n_1035.mp4,0.3242,0.0126,8.21,8.48,0,0
n_1035.mp4,0.3222,0.0128,8.18,8.01,0,0
n_1035.mp4,0.3131,0.0177,7.92,7.98,0,0
n_1035.mp4,0.3309,0.0122,8.37,7.57,0,0
n_1035.mp4,0.3441,0.0125,8.41,7.52,0,0
n_1035.mp4,0.3391,0.0125,8.5,7.16,0,0
n_1035.mp4,0.3164,0.0,8.17,6.82,0,0
n_1035.mp4,0.3272,0.0,8.18,7.01,0,0
n_1035.mp4,0.3368,0.0,8.75,7.6,0,0
n_1035.mp4,0.3473,0.0125,9.12,7.86,0,0
n_1035.mp4,0.3183,0.0126,9.31,8.25,0,0
n_1034.mp4,0.3017,0.0117,5.74,-1.02,0,0
n_1034.mp4,0.3276,0.0,5.55,-1.25,0,0
n_1034.mp4,0.3318,0.0118,4.84,-1.45,0,0
n_1034.mp4,0.2556,0.0,5.46,-0.02,0,0
n_1034.mp4,0.2926,0.0,6.16,2.83,0,0
n_1034.mp4,0.3078,0.0,5.73,3.81,0,0
n_1034.mp4,0.3301,0.0,6.14,4.49,0,0
n_1034.mp4,0.3307,0.0,6.39,4.92,0,0
n_1034.mp4,0.3415,0.0176,6.52,5.05,0,0
n_1034.mp4,0.33,0.0171,6.47,4.91,0,0
n_1034.mp4,0.3386,0.0,6.39,3.17,0,0
n_1034.mp4,0.343,0.0,6.11,-0.03,0,0
n_1034.mp4,0.3407,0.0,5.38,-0.67,0,0
n_1034.mp4,0.3428,0.0,5.94,-0.47,0,0
n_1034.mp4,0.3431,0.0,5.23,-0.49,0,0
n_1034.mp4,0.3267,0.0,5.4,-0.6,0,0
n_1034.mp4,0.3218,0.0,5.43,-0.33,0,0
n_1034.mp4,0.3287,0.012,5.34,-0.34,0,0
n_1034.mp4,0.0867,0.0,5.83,0.74,0,0
n_1034.mp4,0.2942,0.0,5.64,2.78,0,0
n_1034.mp4,0.2919,0.0,5.27,3.37,0,0
n_1034.mp4,0.3331,0.0,5.35,3.63,0,0
n_1034.mp4,0.3105,0.0122,5.16,4.05,0,0
n_1034.mp4,0.321,0.0127,5.04,4.38,0,0
n_1034.mp4,0.3233,0.0127,5.18,4.4,0,0
n_1034.mp4,0.3323,0.0124,5.61,4.46,0,0
n_1034.mp4,0.341,0.0126,5.93,5.15,0,0
n_1034.mp4,0.3395,0.0,6.16,5.25,0,0
n_1034.mp4,0.3334,0.0,6.1,5.5,0,0
n_1034.mp4,0.0842,0.0128,6.86,4.86,0,0
n_1034.mp4,0.2819,0.0128,6.67,6.0,0,0
n_1034.mp4,0.3392,0.0,7.07,7.41,0,0
n_1034.mp4,0.3263,0.0128,7.14,7.21,0,0
n_1034.mp4,0.3209,0.0,6.65,6.99,0,0
n_1034.mp4,0.3318,0.0,6.56,6.54,0,0
n_1034.mp4,0.3364,0.0133,7.59,9.18,0,0
n_1034.mp4,0.3429,0.0126,6.18,7.78,0,0
n_1034.mp4,0.3271,0.0,6.44,7.52,0,0
n_1034.mp4,0.3341,0.0,6.4,7.15,0,0
n_1034.mp4,0.3401,0.0126,6.77,6.9,0,0
n_1034.mp4,0.3178,0.0176,6.83,6.88,0,0
n_1034.mp4,0.3291,0.0131,7.62,6.95,0,0
n_1034.mp4,0.1039,0.0183,8.01,6.89,0,0
n_1034.mp4,0.3281,0.0128,7.91,7.34,0,0
n_1034.mp4,0.3362,0.0131,7.46,7.36,0,0
n_1034.mp4,0.3532,0.0,7.29,7.58,0,0
n_1034.mp4,0.3313,0.0129,7.3,7.38,0,0
n_1034.mp4,0.3204,0.0,7.35,7.57,0,0
n_1034.mp4,0.3397,0.0126,7.67,7.62,0,0
n_1034.mp4,0.325,0.0126,7.34,8.08,0,0
n_1034.mp4,0.3248,0.0,7.5,8.23,0,0
n_1034.mp4,0.3136,0.0125,7.2,7.92,0,0
n_1034.mp4,0.3202,0.0123,6.9,7.47,0,0
n_1034.mp4,0.323,0.0126,6.71,7.12,0,0
n_1034.mp4,0.3277,0.0,7.27,7.59,0,0
n_1034.mp4,0.3341,0.0126,7.0,7.59,0,0
n_1034.mp4,0.314,0.0179,7.01,7.61,0,0
n_1034.mp4,0.3185,0.0,7.73,8.22,0,0
n_1034.mp4,0.3427,0.0123,7.01,8.11,0,0
n_1034.mp4,0.3261,0.0126,6.61,7.89,0,0
n_1034.mp4,0.3214,0.0128,6.73,7.87,0,0
n_1034.mp4,0.3229,0.0126,6.64,8.13,0,0
n_1034.mp4,0.3233,0.0,6.46,8.21,0,0
n_1034.mp4,0.338,0.0,6.63,7.85,0,0
n_1034.mp4,0.3391,0.013,6.84,8.0,0,0
n_1034.mp4,0.3336,0.0179,6.96,8.08,0,0
n_1034.mp4,0.3335,0.0126,6.99,7.84,0,0
n_1034.mp4,0.3155,0.0,6.65,8.07,0,0
n_1034.mp4,0.3334,0.013,7.59,7.7,0,0
n_1034.mp4,0.3361,0.0125,8.27,7.23,0,0
n_1034.mp4,0.332,0.0,9.03,7.43,0,0
n_1034.mp4,0.3372,0.0123,10.49,7.34,0,0
n_1034.mp4,0.3151,0.0,11.39,7.56,0,0
n_1034.mp4,0.3404,0.0,12.73,7.58,0,0
n_1034.mp4,0.326,0.0,14.6,8.2,0,0
n_1034.mp4,0.2776,0.0,14.4,8.7,0,0
n_1034.mp4,0.316,0.0135,13.88,7.71,0,0
n_1034.mp4,0.3259,0.0131,14.58,6.57,0,0
n_1034.mp4,0.294,0.0,14.21,6.85,0,0
n_1034.mp4,0.2218,0.0133,14.27,7.11,0,0
n_1034.mp4,0.2969,0.0,14.13,7.44,0,0
n_1034.mp4,0.3132,0.0,14.6,8.01,0,0
n_1034.mp4,0.2974,0.0133,14.14,8.11,0,0
n_1034.mp4,0.3152,0.0,13.49,7.19,0,0
n_1034.mp4,0.2982,0.0,14.07,7.05,0,0
n_1034.mp4,0.3273,0.0,13.97,7.05,0,0
n_1034.mp4,0.2968,0.0,14.17,6.79,0,0
n_1034.mp4,0.2903,0.0,13.62,6.61,0,0
n_1034.mp4,0.2906,0.0,13.99,7.07,0,0
n_1034.mp4,0.3135,0.0139,13.83,6.97,0,0
n_1034.mp4,0.2974,0.0133,14.02,7.03,0,0
n_1034.mp4,0.281,0.0,14.34,7.52,0,0
n_1034.mp4,0.3101,0.0,14.46,7.58,0,0
n_1034.mp4,0.2945,0.0128,14.37,7.13,0,0
n_1034.mp4,0.3095,0.0,14.12,7.27,0,0
n_1034.mp4,0.2984,0.0133,14.23,7.1,0,0
n_1034.mp4,0.327,0.0,14.47,7.57,0,0
n_1034.mp4,0.3076,0.0,14.42,7.46,0,0
n_1034.mp4,0.3133,0.0,14.23,6.83,0,0
n_1034.mp4,0.307,0.0,14.5,7.19,0,0
n_104.mp4,0.1935,0.0,0.31,1.1,0,0
n_104.mp4,0.412,0.0103,1.08,0.5,0,0
n_104.mp4,0.4101,0.0102,2.52,1.78,0,0
n_104.mp4,0.423,0.0,2.63,1.2,0,0
n_104.mp4,0.4101,0.0103,3.39,1.97,0,0
n_104.mp4,0.4089,0.0,3.49,1.53,0,0
n_104.mp4,0.4263,0.0,3.55,1.71,0,0
n_104.mp4,0.4234,0.0,3.15,1.61,0,0
n_104.mp4,0.4086,0.0107,3.36,1.7,0,0
n_104.mp4,0.3971,0.0104,3.12,1.73,0,0
n_104.mp4,0.3914,0.0104,3.38,1.65,0,0
n_104.mp4,0.4177,0.0,3.3,1.89,0,0
n_104.mp4,0.4113,0.0105,3.5,1.79,0,0
n_104.mp4,0.3926,0.0106,3.66,2.09,0,0
n_104.mp4,0.419,0.0106,3.58,2.15,0,0
n_104.mp4,0.3968,0.0,4.0,2.06,0,0
n_104.mp4,0.4206,0.015,4.16,2.49,0,0
n_104.mp4,0.4068,0.0109,3.99,1.91,0,0
n_104.mp4,0.4138,0.0109,4.37,2.42,0,0
n_104.mp4,0.4228,0.0107,4.48,2.27,0,0
n_104.mp4,0.4116,0.0,4.74,2.53,0,0
n_104.mp4,0.4064,0.0,4.78,2.46,0,0
n_104.mp4,0.4118,0.0155,4.31,2.21,0,0
n_104.mp4,0.3823,0.0,4.32,2.31,0,0
n_104.mp4,0.4111,0.0,4.39,2.57,0,0
n_104.mp4,0.4103,0.0109,4.7,2.34,0,0
n_104.mp4,0.4172,0.0112,5.0,2.43,0,0
n_104.mp4,0.4106,0.0,4.94,2.67,0,0
n_104.mp4,0.4153,0.0109,4.83,2.54,0,0
n_104.mp4,0.4161,0.0,5.56,2.64,0,0
n_104.mp4,0.4208,0.0155,4.97,2.47,0,0
n_104.mp4,0.4145,0.0109,4.84,2.57,0,0
n_104.mp4,0.4174,0.0,5.17,2.79,0,0
n_104.mp4,0.4176,0.011,5.16,2.6,0,0
n_104.mp4,0.4249,0.0109,5.24,2.52,0,0
n_104.mp4,0.4204,0.0,5.16,2.58,0,0
n_104.mp4,0.4051,0.0111,5.26,2.53,0,0
n_104.mp4,0.4204,0.0155,5.12,2.85,0,0
n_104.mp4,0.4075,0.0,5.08,3.15,0,0
n_104.mp4,0.4032,0.011,4.95,2.73,0,0
n_104.mp4,0.4117,0.011,4.92,2.55,0,0
n_104.mp4,0.4114,0.0112,4.77,2.96,0,0
n_104.mp4,0.4197,0.0,4.37,2.79,0,0
n_104.mp4,0.3983,0.0,4.84,2.89,0,0
n_104.mp4,0.4162,0.011,5.09,3.13,0,0
n_104.mp4,0.4302,0.0,4.71,3.25,0,0
n_104.mp4,0.421,0.0,4.67,3.13,0,0
n_104.mp4,0.4179,0.0112,4.47,3.01,0,0
n_104.mp4,0.426,0.0112,4.99,3.34,0,0
n_104.mp4,0.4123,0.0112,4.43,3.4,0,0
n_104.mp4,0.4171,0.0112,4.01,2.71,0,0
n_104.mp4,0.4114,0.0155,5.0,2.95,0,0
n_104.mp4,0.4174,0.0,4.47,3.02,0,0
n_104.mp4,0.3934,0.0,4.92,3.43,0,0
n_104.mp4,0.4131,0.0,4.78,2.99,0,0
n_104.mp4,0.4274,0.0,4.55,2.57,0,0
n_104.mp4,0.4114,0.0111,4.79,2.89,0,0
n_104.mp4,0.4059,0.0111,4.44,2.66,0,0
n_104.mp4,0.4088,0.0,4.21,2.18,0,0
n_104.mp4,0.4075,0.0157,4.65,2.6,0,0
n_104.mp4,0.4287,0.0,4.85,2.74,0,0
n_104.mp4,0.4176,0.0109,4.81,2.49,0,0
n_104.mp4,0.4125,0.0,4.83,2.37,0,0
n_104.mp4,0.42,0.0,5.1,2.41,0,0
n_104.mp4,0.4332,0.0109,5.47,2.71,0,0
n_104.mp4,0.4327,0.0154,5.14,2.85,0,0
n_104.mp4,0.4302,0.0154,4.95,2.37,0,0
n_104.mp4,0.4344,0.0,5.25,2.98,0,0
n_104.mp4,0.4315,0.0,5.15,3.07,0,0
n_104.mp4,0.4206,0.0,4.93,2.5,0,0
n_104.mp4,0.3891,0.0111,4.71,2.35,0,0
n_104.mp4,0.4272,0.0111,4.51,2.93,0,0
n_104.mp4,0.4106,0.0,4.24,2.87,0,0
n_104.mp4,0.4198,0.0111,4.57,2.95,0,0
n_104.mp4,0.4183,0.0109,4.93,2.86,0,0
n_104.mp4,0.4124,0.0,4.81,3.01,0,0
n_104.mp4,0.4168,0.0,4.37,2.87,0,0
n_104.mp4,0.4218,0.0,4.64,2.89,0,0
n_104.mp4,0.4293,0.0,4.62,2.9,0,0
n_104.mp4,0.4148,0.0,4.99,2.79,0,0
n_104.mp4,0.425,0.011,4.94,2.81,0,0
n_104.mp4,0.4111,0.0114,4.53,2.89,0,0
n_104.mp4,0.4154,0.0,4.26,2.76,0,0
n_104.mp4,0.4218,0.0111,3.98,3.09,0,0
n_104.mp4,0.4303,0.0112,4.3,3.24,0,0
n_104.mp4,0.4275,0.0,4.37,2.98,0,0
n_104.mp4,0.4112,0.0111,4.17,2.97,0,0
n_104.mp4,0.4199,0.0111,4.3,2.98,0,0
n_104.mp4,0.4198,0.0111,4.28,3.28,0,0
n_104.mp4,0.4237,0.0,3.83,3.05,0,0
n_104.mp4,0.4317,0.0159,4.14,3.32,0,0
n_104.mp4,0.4308,0.0,3.72,2.84,0,0
n_104.mp4,0.4211,0.0157,3.99,3.08,0,0
n_104.mp4,0.4267,0.0,4.38,3.14,0,0
n_104.mp4,0.4272,0.0,3.89,3.37,0,0
n_104.mp4,0.4284,0.0,4.17,3.17,0,0
n_104.mp4,0.4337,0.0112,4.24,3.43,0,0
n_104.mp4,0.427,0.0111,3.3,3.05,0,0
n_104.mp4,0.4568,0.0114,2.17,2.76,0,0
n_104.mp4,0.4485,0.0111,1.99,3.09,0,0
n_1036.mp4,0.3364,0.0,7.16,7.6,0,0
n_1036.mp4,0.3168,0.0,6.93,7.78,0,0
n_1036.mp4,0.3293,0.0128,7.52,7.93,0,0
n_1036.mp4,0.3291,0.0125,7.54,7.84,0,0
n_1036.mp4,0.3381,0.0128,7.48,8.27,0,0
n_1036.mp4,0.3549,0.0129,7.52,8.14,0,0
n_1036.mp4,0.3445,0.0131,7.95,8.29,0,0
n_1036.mp4,0.3337,0.0128,8.15,8.87,0,0
n_1036.mp4,0.3243,0.0128,8.21,8.83,0,0
n_1036.mp4,0.3442,0.0128,7.94,7.96,0,0
n_1036.mp4,0.3218,0.0131,8.58,7.71,0,0
n_1036.mp4,0.3454,0.0131,9.06,7.77,0,0
n_1036.mp4,0.3206,0.0181,8.88,7.16,0,0
n_1036.mp4,0.3015,0.0129,8.56,7.2,0,0
n_1036.mp4,0.3126,0.0,8.83,5.58,0,0
n_1036.mp4,0.246,0.0123,6.95,2.94,0,0
n_1036.mp4,0.2359,0.0,6.09,-0.73,0,0
n_1036.mp4,0.2152,0.0,5.18,-0.8,0,0
n_1036.mp4,0.2643,0.0,5.13,0.27,0,0
n_1036.mp4,0.2947,0.0,6.63,2.81,0,0
n_1036.mp4,0.3399,0.0,6.44,6.59,0,0
n_1036.mp4,0.3133,0.0,7.24,8.13,0,0
n_1036.mp4,0.3268,0.0,6.55,8.41,0,0
n_1036.mp4,0.3437,0.0133,6.48,8.44,0,0
n_1036.mp4,0.3301,0.013,7.02,8.67,0,0
n_1036.mp4,0.3326,0.013,6.26,7.99,0,0
n_1036.mp4,0.353,0.0128,6.99,8.74,0,0
n_1036.mp4,0.3423,0.0,7.17,8.84,0,0
n_1036.mp4,0.3357,0.0128,6.82,8.18,0,0
n_1036.mp4,0.2817,0.0,7.57,8.21,0,0
n_1036.mp4,0.2847,0.0131,8.17,8.56,0,0
n_1036.mp4,0.2862,0.0128,7.58,8.26,0,0
n_1036.mp4,0.2704,0.0,8.14,8.27,0,0
n_1036.mp4,0.2343,0.0,8.52,7.93,0,0
n_1036.mp4,0.2526,0.0,8.59,8.45,0,0
n_1036.mp4,0.3209,0.0,8.47,8.11,0,0
n_1036.mp4,0.3372,0.0127,8.59,8.37,0,0
n_1036.mp4,0.3088,0.0128,8.9,8.66,0,0
n_1036.mp4,0.3183,0.0,8.38,8.45,0,0
n_1036.mp4,0.3331,0.0128,8.44,8.43,0,0
n_1036.mp4,0.3294,0.0128,7.88,8.06,0,0
n_1036.mp4,0.3195,0.0,8.17,7.96,0,0
n_1036.mp4,0.3108,0.0127,8.99,7.79,0,0
n_1036.mp4,0.3493,0.0,8.35,7.06,0,0
n_1036.mp4,0.3495,0.0,8.09,6.73,0,0
n_1036.mp4,0.335,0.0126,8.32,6.85,0,0
n_1036.mp4,0.3357,0.0123,8.47,6.93,0,0
n_1036.mp4,0.3279,0.0126,9.33,7.71,0,0
n_1036.mp4,0.3604,0.0126,9.53,7.87,0,0
n_1036.mp4,0.3223,0.0123,8.73,7.76,0,0
n_1036.mp4,0.3237,0.0126,8.67,7.84,0,0
n_1036.mp4,0.3259,0.0122,9.04,7.01,0,0
n_1036.mp4,0.3313,0.0127,9.8,8.36,0,0
n_1036.mp4,0.3265,0.0125,8.81,7.9,0,0
n_1036.mp4,0.31,0.0175,9.53,8.22,0,0
n_1036.mp4,0.3433,0.0123,9.33,7.89,0,0
n_1036.mp4,0.326,0.0123,9.21,7.53,0,0
n_1036.mp4,0.3165,0.0126,9.33,8.06,0,0
n_1036.mp4,0.3438,0.0128,9.21,8.64,0,0
n_1036.mp4,0.3444,0.0125,8.5,7.42,0,0
n_1036.mp4,0.3343,0.0122,9.3,7.42,0,0
n_1036.mp4,0.3329,0.0123,10.18,8.62,0,0
n_1036.mp4,0.3285,0.0179,9.99,8.36,0,0
n_1036.mp4,0.3105,0.0126,9.15,7.03,0,0
n_1036.mp4,0.307,0.0125,8.7,7.11,0,0
n_1036.mp4,0.3231,0.0122,8.36,6.86,0,0
n_1036.mp4,0.3166,0.0125,8.78,6.37,0,0
n_1036.mp4,0.3272,0.0126,8.78,6.57,0,0
n_1036.mp4,0.3353,0.0,8.75,7.17,0,0
n_1036.mp4,0.3333,0.0128,8.22,7.44,0,0
n_1036.mp4,0.3096,0.0125,8.79,7.27,0,0
n_1036.mp4,0.3227,0.0123,9.99,7.89,0,0
n_1036.mp4,0.3077,0.0181,8.94,7.44,0,0
n_1036.mp4,0.1858,0.0125,7.26,4.14,0,0
n_1036.mp4,0.2235,0.0,6.25,-0.07,0,0
n_1036.mp4,0.1673,0.0,6.72,0.64,0,0
n_1036.mp4,0.2485,0.0126,7.82,4.73,0,0
n_1036.mp4,0.2945,0.0,7.63,7.1,0,0
n_1036.mp4,0.3256,0.0,7.77,7.79,0,0
n_1036.mp4,0.3121,0.0123,7.86,7.38,0,0
n_1036.mp4,0.3144,0.0127,7.72,8.15,0,0
n_1036.mp4,0.3206,0.0,7.86,8.4,0,0
n_1036.mp4,0.3411,0.0,7.85,8.49,0,0
n_1036.mp4,0.325,0.0,7.83,8.2,0,0
n_1036.mp4,0.2992,0.0125,8.27,8.15,0,0
n_1036.mp4,0.3214,0.0127,7.83,8.08,0,0
n_1036.mp4,0.3321,0.0126,7.35,7.58,0,0
n_1036.mp4,0.3261,0.0125,7.63,7.89,0,0
n_1036.mp4,0.3352,0.0125,7.68,8.28,0,0
n_1036.mp4,0.3101,0.0123,7.97,8.46,0,0
n_1036.mp4,0.3379,0.0,7.86,7.66,0,0
n_1036.mp4,0.3301,0.0128,7.54,7.95,0,0
n_1036.mp4,0.3267,0.0,7.66,7.9,0,0
n_1036.mp4,0.3156,0.0128,7.77,7.65,0,0
n_1036.mp4,0.3109,0.0126,7.71,7.43,0,0
n_1036.mp4,0.3047,0.0126,7.65,7.57,0,0
n_1036.mp4,0.3078,0.0122,7.74,7.33,0,0
n_1036.mp4,0.3223,0.0,7.66,7.65,0,0
n_1036.mp4,0.3138,0.0,7.62,7.71,0,0
n_1036.mp4,0.3224,0.0126,7.85,7.55,0,0
n_1037.mp4,0.3374,0.0184,8.22,7.59,0,0
n_1037.mp4,0.3317,0.0128,9.18,7.34,0,0
n_1037.mp4,0.3264,0.0128,9.47,7.92,0,0
n_1037.mp4,0.3322,0.0125,8.94,7.79,0,0
n_1037.mp4,0.3226,0.0,9.79,8.06,0,0
n_1037.mp4,0.3304,0.0,9.36,7.85,0,0
n_1037.mp4,0.3324,0.0,8.98,7.24,0,0
n_1037.mp4,0.3273,0.0125,9.19,8.54,0,0
n_1037.mp4,0.3203,0.0125,8.92,8.15,0,0
n_1037.mp4,0.313,0.0126,9.02,7.28,0,0
n_1037.mp4,0.3249,0.0126,8.88,7.46,0,0
n_1037.mp4,0.317,0.0,10.27,8.88,0,0
n_1037.mp4,0.3217,0.0128,9.47,7.69,0,0
n_1037.mp4,0.3197,0.0128,7.7,6.83,0,0
n_1037.mp4,0.3212,0.0126,8.82,7.53,0,0
n_1037.mp4,0.3129,0.0125,8.56,6.94,0,0
n_1037.mp4,0.3328,0.0126,8.55,6.64,0,0
n_1037.mp4,0.3327,0.0125,8.91,7.15,0,0
n_1037.mp4,0.335,0.0126,8.37,7.24,0,0
n_1037.mp4,0.3217,0.0128,8.35,7.54,0,0
n_1037.mp4,0.2979,0.013,9.46,7.63,0,0
n_1037.mp4,0.3077,0.0126,9.66,8.1,0,0
n_1037.mp4,0.1993,0.0,8.92,6.66,0,0
n_1037.mp4,0.2177,0.0174,6.78,1.37,0,0
n_1037.mp4,0.2194,0.0,6.18,-0.45,0,0
n_1037.mp4,0.022,0.0,7.32,2.73,0,0
n_1037.mp4,0.2965,0.0,7.39,6.4,0,0
n_1037.mp4,0.3239,0.0122,7.62,7.52,0,0
n_1037.mp4,0.3251,0.0123,7.8,7.57,0,0
n_1037.mp4,0.3402,0.0,7.48,7.95,0,0
n_1037.mp4,0.3252,0.0122,7.77,8.31,0,0
n_1037.mp4,0.3399,0.0,7.85,8.46,0,0
n_1037.mp4,0.3433,0.0181,7.86,8.4,0,0
n_1037.mp4,0.3179,0.0128,7.94,8.33,0,0
n_1037.mp4,0.3172,0.0127,7.97,8.06,0,0
n_1037.mp4,0.3253,0.0128,7.48,7.99,0,0
n_1037.mp4,0.3075,0.0,7.65,7.3,0,0
n_1037.mp4,0.3143,0.0,7.86,7.65,0,0
n_1037.mp4,0.3144,0.0,8.42,8.65,0,0
n_1037.mp4,0.3187,0.0,7.85,8.2,0,0
n_1037.mp4,0.3438,0.013,8.08,7.83,0,0
n_1037.mp4,0.3051,0.0,7.85,7.81,0,0
n_1037.mp4,0.311,0.0128,8.18,7.82,0,0
n_1037.mp4,0.3102,0.0,7.6,7.66,0,0
n_1037.mp4,0.3124,0.0,7.69,7.72,0,0
n_1037.mp4,0.3131,0.0,7.92,7.63,0,0
n_1037.mp4,0.2981,0.013,7.33,7.54,0,0
n_1037.mp4,0.3093,0.0,7.98,7.81,0,0
n_1037.mp4,0.32,0.0125,7.7,7.21,0,0
n_1037.mp4,0.3069,0.0126,7.77,7.35,0,0
n_1037.mp4,0.3339,0.0,7.81,7.42,0,0
n_1037.mp4,0.3214,0.0128,8.07,7.32,0,0
n_1037.mp4,0.3216,0.0128,7.82,7.79,0,0
n_1037.mp4,0.3207,0.0,8.11,7.66,0,0
n_1037.mp4,0.3082,0.0,8.23,7.58,0,0
n_1037.mp4,0.3165,0.013,8.1,7.77,0,0
n_1037.mp4,0.3532,0.0128,8.1,7.82,0,0
n_1037.mp4,0.3183,0.0128,8.04,7.3,0,0
n_1037.mp4,0.3241,0.0,7.48,7.45,0,0
n_1037.mp4,0.3273,0.0126,7.75,7.34,0,0
n_1037.mp4,0.3247,0.0,7.62,7.04,0,0
n_1037.mp4,0.3175,0.0126,7.19,7.37,0,0
n_1037.mp4,0.3357,0.0,7.56,7.13,0,0
n_1037.mp4,0.3049,0.0174,8.23,7.01,0,0
n_1037.mp4,0.3334,0.0,8.56,7.96,0,0
n_1037.mp4,0.3167,0.0,8.56,8.2,0,0
n_1037.mp4,0.3413,0.0,8.27,7.84,0,0
n_1037.mp4,0.3067,0.0118,8.17,4.68,0,0
n_1037.mp4,0.3347,0.0118,7.38,2.11,0,0
n_1037.mp4,0.3309,0.0,7.22,1.29,0,0
n_1037.mp4,0.3397,0.0,7.25,1.46,0,0
n_1037.mp4,0.2535,0.012,6.71,2.15,0,0
n_1037.mp4,0.2713,0.0,6.55,3.43,0,0
n_1037.mp4,0.3043,0.0122,6.81,4.42,0,0
n_1037.mp4,0.3169,0.0125,6.96,4.68,0,0
n_1037.mp4,0.3117,0.0125,7.13,5.63,0,0
n_1037.mp4,0.3096,0.0122,7.39,6.43,0,0
n_1037.mp4,0.3277,0.0123,6.94,6.43,0,0
n_1037.mp4,0.3267,0.0125,7.3,6.91,0,0
n_1037.mp4,0.3274,0.0123,7.53,6.57,0,0
n_1037.mp4,0.3215,0.0123,7.64,6.41,0,0
n_1037.mp4,0.331,0.0125,8.2,6.69,0,0
n_1037.mp4,0.3285,0.0125,8.66,6.71,0,0
n_1037.mp4,0.3292,0.0,7.22,7.37,0,0
n_1037.mp4,0.3167,0.0123,7.72,6.93,0,0
n_1037.mp4,0.3339,0.0125,7.31,6.57,0,0
n_1037.mp4,0.3311,0.0,7.36,6.56,0,0
n_1037.mp4,0.3225,0.0119,8.24,6.56,0,0
n_1037.mp4,0.3214,0.0,8.07,6.41,0,0
n_1037.mp4,0.3354,0.0,8.11,6.63,0,0
n_1037.mp4,0.3313,0.012,8.65,4.48,0,0
n_1037.mp4,0.3354,0.0,7.63,1.04,0,0
n_1037.mp4,0.3533,0.0,7.34,0.5,0,0
n_1037.mp4,0.3303,0.0,7.26,0.37,0,0
n_1037.mp4,0.3299,0.0,7.3,0.53,0,0
n_1037.mp4,0.3387,0.0,7.41,0.67,0,0
n_1037.mp4,0.1222,0.0,7.81,1.33,0,0
n_1037.mp4,0.2952,0.0,7.5,2.85,0,0
n_1037.mp4,0.3069,0.0119,6.8,3.97,0,0
n_1037.mp4,0.3226,0.0,6.88,4.79,0,0
n_1038.mp4,0.3444,0.013,7.58,7.83,0,0
n_1038.mp4,0.3233,0.0126,7.98,7.95,0,0
n_1038.mp4,0.3405,0.0,7.8,7.8,0,0
n_1038.mp4,0.3116,0.0,8.38,7.47,0,0
n_1038.mp4,0.2981,0.0126,7.99,7.55,0,0
n_1038.mp4,0.3322,0.0127,8.24,7.91,0,0
n_1038.mp4,0.3321,0.0,8.08,7.72,0,0
n_1038.mp4,0.3176,0.0126,7.95,7.47,0,0
n_1038.mp4,0.3226,0.0125,7.16,7.51,0,0
n_1038.mp4,0.3204,0.0125,7.55,7.42,0,0
n_1038.mp4,0.3147,0.0,7.62,7.14,0,0
n_1038.mp4,0.3384,0.0128,7.67,7.08,0,0
n_1038.mp4,0.3299,0.0126,8.02,7.08,0,0
n_1038.mp4,0.3251,0.0126,7.98,7.2,0,0
n_1038.mp4,0.3374,0.0122,8.4,8.24,0,0
n_1038.mp4,0.3227,0.0126,8.32,8.11,0,0
n_1038.mp4,0.2978,0.0,8.41,7.83,0,0
n_1038.mp4,0.3101,0.0,7.93,3.21,0,0
n_1038.mp4,0.3419,0.0,7.21,1.55,0,0
n_1038.mp4,0.3292,0.0,7.11,1.16,0,0
n_1038.mp4,0.3243,0.0,7.21,1.44,0,0
n_1038.mp4,0.1347,0.0,7.07,2.82,0,0
n_1038.mp4,0.3025,0.0,6.72,3.82,0,0
n_1038.mp4,0.3062,0.0122,6.64,4.44,0,0
n_1038.mp4,0.3101,0.0125,6.91,4.76,0,0
n_1038.mp4,0.3227,0.0174,7.04,6.01,0,0
n_1038.mp4,0.3106,0.0123,7.08,6.46,0,0
n_1038.mp4,0.3282,0.0123,6.98,6.47,0,0
n_1038.mp4,0.3122,0.0126,7.14,6.79,0,0
n_1038.mp4,0.3284,0.0125,7.8,6.6,0,0
n_1038.mp4,0.321,0.0,8.36,6.47,0,0
n_1038.mp4,0.3374,0.0,8.33,6.92,0,0
n_1038.mp4,0.3331,0.0,8.3,6.94,0,0
n_1038.mp4,0.3376,0.0125,7.46,7.42,0,0
n_1038.mp4,0.3264,0.0122,7.76,6.99,0,0
n_1038.mp4,0.3292,0.0176,7.08,6.66,0,0
n_1038.mp4,0.325,0.0,7.36,6.68,0,0
n_1038.mp4,0.3166,0.0122,8.09,6.39,0,0
n_1038.mp4,0.3325,0.0,8.15,6.42,0,0
n_1038.mp4,0.3188,0.0,8.12,6.61,0,0
n_1038.mp4,0.3503,0.0,8.12,2.84,0,0
n_1038.mp4,0.3499,0.0,7.52,0.57,0,0
n_1038.mp4,0.3468,0.0,7.49,0.59,0,0
n_1038.mp4,0.3301,0.0,7.34,0.46,0,0
n_1038.mp4,0.3337,0.0,7.58,0.6,0,0
n_1038.mp4,0.2608,0.0,7.39,0.66,0,0
n_1038.mp4,0.2292,0.0,7.7,1.78,0,0
n_1038.mp4,0.301,0.0,7.27,3.17,0,0
n_1038.mp4,0.3087,0.0,6.96,4.42,0,0
n_1038.mp4,0.3301,0.0127,7.19,5.11,0,0
n_1038.mp4,0.3409,0.0,7.46,7.13,0,0
n_1038.mp4,0.3517,0.0183,6.91,8.21,0,0
n_1038.mp4,0.3568,0.013,7.16,8.54,0,0
n_1038.mp4,0.3415,0.0,7.63,8.29,0,0
n_1038.mp4,0.3305,0.013,7.75,8.32,0,0
n_1038.mp4,0.3321,0.0174,7.76,8.5,0,0
n_1038.mp4,0.3201,0.0,7.51,8.0,0,0
n_1038.mp4,0.339,0.013,7.67,8.26,0,0
n_1038.mp4,0.3345,0.0128,7.54,8.2,0,0
n_1038.mp4,0.3343,0.0,7.72,8.3,0,0
n_1038.mp4,0.3231,0.0126,7.53,8.08,0,0
n_1038.mp4,0.3327,0.0128,7.69,8.09,0,0
n_1038.mp4,0.3479,0.0125,7.75,8.33,0,0
n_1038.mp4,0.3457,0.0128,8.05,8.07,0,0
n_1038.mp4,0.3517,0.0128,7.94,8.49,0,0
n_1038.mp4,0.352,0.0,7.75,8.16,0,0
n_1038.mp4,0.3438,0.0,7.53,8.2,0,0
n_1038.mp4,0.3554,0.0,7.74,7.96,0,0
n_1038.mp4,0.3103,0.0,7.95,8.23,0,0
n_1038.mp4,0.3311,0.0126,8.06,8.22,0,0
n_1038.mp4,0.3229,0.0128,8.26,8.43,0,0
n_1038.mp4,0.3349,0.013,8.42,8.77,0,0
n_1038.mp4,0.3282,0.0,8.32,8.07,0,0
n_1038.mp4,0.3161,0.0,7.46,7.5,0,0
n_1038.mp4,0.3143,0.0,7.68,7.39,0,0
n_1038.mp4,0.3291,0.0179,8.07,7.35,0,0
n_1038.mp4,0.3128,0.0,8.1,7.41,0,0
n_1038.mp4,0.3124,0.0123,8.05,7.54,0,0
n_1038.mp4,0.338,0.0,8.06,7.22,0,0
n_1038.mp4,0.3365,0.0,8.32,7.15,0,0
n_1038.mp4,0.3367,0.0128,7.54,7.36,0,0
n_1038.mp4,0.3482,0.0,7.93,7.18,0,0
n_1038.mp4,0.3278,0.0123,7.47,6.91,0,0
n_1038.mp4,0.3278,0.0,7.6,7.01,0,0
n_1038.mp4,0.3403,0.0,8.09,7.56,0,0
n_1038.mp4,0.3202,0.0,8.11,7.84,0,0
n_1038.mp4,0.3254,0.0,8.89,7.04,0,0
n_1038.mp4,0.3208,0.0119,7.65,5.31,0,0
n_1038.mp4,0.3285,0.0,7.32,2.17,0,0
n_1038.mp4,0.307,0.0,7.08,1.21,0,0
n_1038.mp4,0.311,0.0,7.6,1.66,0,0
n_1038.mp4,0.2866,0.0,6.39,2.28,0,0
n_1038.mp4,0.2722,0.0,7.31,4.6,0,0
n_1038.mp4,0.3116,0.0,6.79,6.44,0,0
n_1038.mp4,0.336,0.0128,6.61,6.21,0,0
n_1038.mp4,0.3223,0.0,6.85,6.43,0,0
n_1038.mp4,0.342,0.0128,6.51,6.54,0,0
n_1038.mp4,0.3187,0.0128,6.96,6.93,0,0
n_1038.mp4,0.323,0.0,7.04,6.88,0,0
n_1038.mp4,0.3017,0.0,7.52,7.33,0,0
n_1039.mp4,0.3418,0.017,7.22,7.59,0,0
n_1039.mp4,0.3604,0.0,7.17,8.41,0,0
n_1039.mp4,0.353,0.0131,7.39,8.31,0,0
n_1039.mp4,0.3252,0.0,7.64,8.42,0,0
n_1039.mp4,0.3188,0.013,7.66,8.54,0,0
n_1039.mp4,0.3564,0.0126,7.59,8.18,0,0
n_1039.mp4,0.345,0.0,7.47,8.47,0,0
n_1039.mp4,0.3609,0.0123,7.74,8.09,0,0
n_1039.mp4,0.3322,0.0,7.97,8.53,0,0
n_1039.mp4,0.3202,0.0,7.59,8.55,0,0
n_1039.mp4,0.3492,0.0128,7.54,8.04,0,0
n_1039.mp4,0.3607,0.0,7.49,8.55,0,0
n_1039.mp4,0.3399,0.0,7.57,8.34,0,0
n_1039.mp4,0.3388,0.0128,7.94,8.2,0,0
n_1039.mp4,0.3499,0.0,8.03,8.47,0,0
n_1039.mp4,0.3443,0.0,7.96,7.87,0,0
n_1039.mp4,0.3377,0.0,7.73,8.15,0,0
n_1039.mp4,0.3277,0.0128,8.11,8.45,0,0
n_1039.mp4,0.3264,0.0,8.18,8.47,0,0
n_1039.mp4,0.3237,0.0,7.87,8.06,0,0
n_1039.mp4,0.3413,0.0128,8.85,8.73,0,0
n_1039.mp4,0.3265,0.013,8.47,8.51,0,0
n_1039.mp4,0.3298,0.0127,7.9,7.97,0,0
n_1039.mp4,0.3288,0.0126,7.69,7.28,0,0
n_1039.mp4,0.3158,0.0,7.88,7.28,0,0
n_1039.mp4,0.3322,0.0,7.83,7.58,0,0
n_1039.mp4,0.3278,0.0,8.33,7.27,0,0
n_1039.mp4,0.3298,0.0,7.85,7.52,0,0
n_1039.mp4,0.3367,0.0,7.92,7.54,0,0
n_1039.mp4,0.3376,0.0127,8.11,7.21,0,0
n_1039.mp4,0.3407,0.0,7.7,7.43,0,0
n_1039.mp4,0.3432,0.0,7.97,7.04,0,0
n_1039.mp4,0.3436,0.0123,7.49,6.8,0,0
n_1039.mp4,0.3267,0.0,7.83,7.39,0,0
n_1039.mp4,0.3254,0.0135,8.37,7.66,0,0
n_1039.mp4,0.3079,0.0127,7.98,7.66,0,0
n_1039.mp4,0.3272,0.017,8.62,7.05,0,0
n_1039.mp4,0.3135,0.0,7.66,4.1,0,0
n_1039.mp4,0.3169,0.012,6.7,1.46,0,0
n_1039.mp4,0.3292,0.0,6.79,1.5,0,0
n_1039.mp4,0.3204,0.0119,6.93,1.65,0,0
n_1039.mp4,0.1074,0.0,7.08,3.09,0,0
n_1039.mp4,0.3141,0.0,7.18,5.33,0,0
n_1039.mp4,0.3115,0.0,6.73,6.25,0,0
n_1039.mp4,0.3204,0.0,6.71,6.52,0,0
n_1039.mp4,0.3198,0.0,6.82,6.58,0,0
n_1039.mp4,0.3397,0.0,6.64,6.67,0,0
n_1039.mp4,0.3207,0.0,7.02,6.81,0,0
n_1039.mp4,0.317,0.0126,7.22,7.16,0,0
n_1039.mp4,0.3392,0.0,7.44,7.44,0,0
n_1039.mp4,0.3387,0.0126,7.7,7.21,0,0
n_1039.mp4,0.3284,0.0126,7.73,7.92,0,0
n_1039.mp4,0.3383,0.0,7.96,7.86,0,0
n_1039.mp4,0.3031,0.0,7.64,7.8,0,0
n_1039.mp4,0.3247,0.0128,7.42,7.75,0,0
n_1039.mp4,0.3315,0.0,7.76,7.59,0,0
n_1039.mp4,0.3408,0.0133,8.04,7.72,0,0
n_1039.mp4,0.3332,0.0135,8.52,9.06,0,0
n_1039.mp4,0.3151,0.0,8.65,8.91,0,0
n_1039.mp4,0.3388,0.0137,7.36,8.48,0,0
n_1039.mp4,0.3353,0.0128,8.51,8.94,0,0
n_1039.mp4,0.3438,0.0127,8.78,8.9,0,0
n_1039.mp4,0.3144,0.013,8.38,8.87,0,0
n_1039.mp4,0.3468,0.0181,7.68,8.54,0,0
n_1039.mp4,0.3173,0.0123,8.11,8.38,0,0
n_1039.mp4,0.3338,0.013,7.88,8.23,0,0
n_1039.mp4,0.3251,0.0,8.18,9.38,0,0
n_1039.mp4,0.3423,0.0172,8.11,6.56,0,0
n_1039.mp4,0.3506,0.0,8.12,3.54,0,0
n_1039.mp4,0.33,0.0168,9.11,2.51,0,0
n_1039.mp4,0.3262,0.0,7.81,2.25,0,0
n_1039.mp4,0.3262,0.0,8.53,3.96,0,0
n_1039.mp4,0.3135,0.0,8.01,5.63,0,0
n_1039.mp4,0.3439,0.0128,8.09,7.07,0,0
n_1039.mp4,0.3387,0.0,7.6,7.63,0,0
n_1039.mp4,0.3584,0.0181,7.27,7.51,0,0
n_1039.mp4,0.3406,0.0131,8.91,7.12,0,0
n_1039.mp4,0.3425,0.0128,9.15,7.24,0,0
n_1039.mp4,0.3359,0.0,9.36,6.67,0,0
n_1039.mp4,0.3263,0.0,8.74,6.83,0,0
n_1039.mp4,0.3317,0.0176,8.44,6.62,0,0
n_1039.mp4,0.3352,0.0,8.66,6.43,0,0
n_1039.mp4,0.3248,0.0129,8.25,5.97,0,0
n_1039.mp4,0.3139,0.0128,8.14,6.18,0,0
n_1039.mp4,0.3295,0.0,8.02,6.06,0,0
n_1039.mp4,0.3161,0.0,8.64,6.22,0,0
n_1039.mp4,0.334,0.0126,8.27,6.11,0,0
n_1039.mp4,0.3299,0.0,7.7,5.71,0,0
n_1039.mp4,0.3241,0.0,7.47,5.43,0,0
n_1039.mp4,0.3343,0.0129,8.16,5.69,0,0
n_1039.mp4,0.3269,0.0,8.15,6.16,0,0
n_1039.mp4,0.3315,0.0,7.4,6.02,0,0
n_1039.mp4,0.311,0.0125,8.09,6.03,0,0
n_1039.mp4,0.3093,0.0125,8.36,6.57,0,0
n_1039.mp4,0.3264,0.0,7.72,7.02,0,0
n_1039.mp4,0.3032,0.0,7.81,6.81,0,0
n_1039.mp4,0.3116,0.0,8.02,6.57,0,0
n_1039.mp4,0.3216,0.0,7.59,6.36,0,0
n_1039.mp4,0.3228,0.0,8.06,6.05,0,0
n_1039.mp4,0.3072,0.0125,8.0,5.87,0,0
n_1040.mp4,0.3324,0.0123,7.99,7.53,0,0
n_1040.mp4,0.3301,0.0,7.5,8.04,0,0
n_1040.mp4,0.2869,0.0,7.84,7.62,0,0
n_1040.mp4,0.3082,0.0,7.94,7.61,0,0
n_1040.mp4,0.3181,0.013,7.66,7.58,0,0
n_1040.mp4,0.3035,0.0,7.95,7.62,0,0
n_1040.mp4,0.3264,0.0,8.37,8.38,0,0
n_1040.mp4,0.3457,0.0,8.17,9.09,0,0
n_1040.mp4,0.3354,0.0,8.76,8.78,0,0
n_1040.mp4,0.3335,0.013,8.71,8.76,0,0
n_1040.mp4,0.3225,0.0,9.02,9.2,0,0
n_1040.mp4,0.3216,0.0137,8.03,9.45,0,0
n_1040.mp4,0.3224,0.013,8.04,9.21,0,0
n_1040.mp4,0.3382,0.0,7.22,8.78,0,0
n_1040.mp4,0.3347,0.0,7.96,8.36,0,0
n_1040.mp4,0.3237,0.0132,8.55,9.15,0,0
n_1040.mp4,0.299,0.0125,8.33,8.26,0,0
n_1040.mp4,0.3623,0.012,7.59,4.34,0,0
n_1040.mp4,0.3363,0.0,9.32,2.92,0,0
n_1040.mp4,0.3235,0.0,8.91,2.39,0,0
n_1040.mp4,0.3508,0.0,8.41,2.58,0,0
n_1040.mp4,0.3351,0.0,8.41,4.71,0,0
n_1040.mp4,0.3145,0.0,7.55,6.46,0,0
n_1040.mp4,0.3458,0.0,7.58,7.43,0,0
n_1040.mp4,0.3534,0.0128,7.95,7.48,0,0
n_1040.mp4,0.3529,0.0,8.52,7.11,0,0
n_1040.mp4,0.3606,0.0,8.61,7.44,0,0
n_1040.mp4,0.336,0.0,8.86,7.09,0,0
n_1040.mp4,0.3318,0.0,8.83,6.65,0,0
n_1040.mp4,0.3269,0.0128,8.33,6.81,0,0
n_1040.mp4,0.3379,0.0,8.18,6.6,0,0
n_1040.mp4,0.3137,0.0126,9.19,6.04,0,0
n_1040.mp4,0.3311,0.0131,8.4,6.27,0,0
n_1040.mp4,0.3042,0.0129,8.36,6.42,0,0
n_1040.mp4,0.3188,0.0,8.5,6.16,0,0
n_1040.mp4,0.3319,0.0128,7.78,6.23,0,0
n_1040.mp4,0.332,0.0,8.42,5.89,0,0
n_1040.mp4,0.3449,0.0127,7.52,5.43,0,0
n_1040.mp4,0.3036,0.0124,7.85,5.59,0,0
n_1040.mp4,0.3156,0.0,7.89,5.85,0,0
n_1040.mp4,0.3196,0.0126,8.04,5.97,0,0
n_1040.mp4,0.3103,0.0,8.28,5.81,0,0
n_1040.mp4,0.3081,0.0126,7.95,6.21,0,0
n_1040.mp4,0.3204,0.0,8.13,7.06,0,0
n_1040.mp4,0.3094,0.0131,7.63,7.08,0,0
n_1040.mp4,0.3291,0.0,7.33,7.0,0,0
n_1040.mp4,0.3217,0.0,7.75,6.46,0,0
n_1040.mp4,0.3153,0.0,7.86,6.2,0,0
n_1040.mp4,0.3036,0.0128,6.89,6.11,0,0
n_1040.mp4,0.2894,0.0,8.28,5.64,0,0
n_1040.mp4,0.2951,0.0,6.73,5.54,0,0
n_1040.mp4,0.3059,0.0126,7.92,5.1,0,0
n_1040.mp4,0.3052,0.0126,7.64,4.9,0,0
n_1040.mp4,0.2905,0.0126,7.36,4.88,0,0
n_1040.mp4,0.3091,0.0,7.54,5.15,0,0
n_1040.mp4,0.3106,0.0126,7.43,5.35,0,0
n_1040.mp4,0.3047,0.0,7.32,5.42,0,0
n_1040.mp4,0.3274,0.0,7.1,5.91,0,0
n_1040.mp4,0.3118,0.0151,8.15,6.85,0,0
n_1040.mp4,0.3254,0.0,7.98,6.3,0,0
n_1040.mp4,0.308,0.0214,8.47,6.73,0,0
n_1040.mp4,0.3238,0.0,8.17,6.83,0,0
n_1040.mp4,0.3153,0.0137,7.24,6.37,0,0
n_1040.mp4,0.3222,0.0126,7.08,6.15,0,0
n_1040.mp4,0.3151,0.0128,7.34,6.18,0,0
n_1040.mp4,0.3157,0.0,6.5,5.33,0,0
n_1040.mp4,0.3138,0.0,5.78,3.35,0,0
n_1040.mp4,0.3082,0.0,6.19,2.83,0,0
n_1040.mp4,0.3168,0.0124,7.06,2.25,0,0
n_1040.mp4,0.3145,0.0,7.7,3.27,0,0
n_1040.mp4,0.3301,0.0127,8.45,5.81,0,0
n_1040.mp4,0.3631,0.0138,9.3,9.23,0,0
n_1040.mp4,0.3107,0.014,9.11,10.81,0,0
n_1040.mp4,0.343,0.0,8.26,9.69,0,0
n_1040.mp4,0.3286,0.0132,7.56,8.71,0,0
n_1040.mp4,0.3189,0.0133,7.72,8.08,0,0
n_1040.mp4,0.3204,0.0185,7.43,7.49,0,0
n_1040.mp4,0.3207,0.0126,8.11,7.18,0,0
n_1040.mp4,0.3258,0.0131,7.65,7.03,0,0
n_1040.mp4,0.3166,0.0123,7.18,6.73,0,0
n_1040.mp4,0.3074,0.0186,6.53,6.31,0,0
n_1040.mp4,0.3313,0.0181,7.01,6.47,0,0
n_1040.mp4,0.3209,0.0128,6.49,5.73,0,0
n_1040.mp4,0.3118,0.0126,6.56,5.98,0,0
n_1040.mp4,0.3133,0.0,7.26,5.84,0,0
n_1040.mp4,0.2354,0.0,7.8,5.19,0,0
n_1040.mp4,0.3086,0.0125,6.33,3.64,0,0
n_1040.mp4,0.3034,0.0,6.71,2.29,0,0
n_1040.mp4,0.2971,0.0123,7.27,2.24,0,0
n_1040.mp4,0.3012,0.0656,5.22,1.74,0,0
n_1040.mp4,0.2888,0.0645,4.85,1.31,0,0
n_1040.mp4,0.3051,0.0,5.66,0.93,0,0
n_1040.mp4,0.293,0.0,7.53,1.39,0,0
n_1040.mp4,0.3054,0.0,8.23,2.05,0,0
n_1040.mp4,0.3116,0.0,8.6,1.99,0,0
n_1040.mp4,0.3078,0.0122,8.62,2.55,0,0
n_1040.mp4,0.3263,0.0,7.93,2.55,0,0
n_1040.mp4,0.3122,0.0,7.7,2.27,0,0
n_1040.mp4,0.3195,0.0,7.12,2.13,0,0
n_1040.mp4,0.3139,0.0,6.96,1.99,0,0
n_1041.mp4,0.2985,0.0183,7.72,6.15,0,0
n_1041.mp4,0.3049,0.0121,8.12,5.18,0,0
n_1041.mp4,0.2986,0.0,7.18,4.69,0,0
n_1041.mp4,0.2934,0.0124,7.19,4.8,0,0
n_1041.mp4,0.3121,0.0124,7.61,5.2,0,0
n_1041.mp4,0.3003,0.0,7.06,5.32,0,0
n_1041.mp4,0.283,0.0,7.38,5.49,0,0
n_1041.mp4,0.3184,0.0151,7.44,6.38,0,0
n_1041.mp4,0.3216,0.0153,8.21,6.65,0,0
n_1041.mp4,0.3251,0.0155,8.51,6.85,0,0
n_1041.mp4,0.3166,0.0,8.31,6.88,0,0
n_1041.mp4,0.306,0.0,7.87,6.8,0,0
n_1041.mp4,0.3248,0.0131,7.43,6.36,0,0
n_1041.mp4,0.3157,0.0,6.92,6.2,0,0
n_1041.mp4,0.3109,0.0,7.29,6.12,0,0
n_1041.mp4,0.3238,0.0,6.24,4.56,0,0
n_1041.mp4,0.3181,0.0,5.61,3.19,0,0
n_1041.mp4,0.3164,0.0127,6.58,2.23,0,0
n_1041.mp4,0.3281,0.0,7.07,2.77,0,0
n_1041.mp4,0.3321,0.0121,7.8,3.83,0,0
n_1041.mp4,0.3455,0.013,8.55,6.83,0,0
n_1041.mp4,0.3679,0.0,9.02,10.17,0,0
n_1041.mp4,0.3479,0.0134,8.23,10.62,0,0
n_1041.mp4,0.3497,0.0132,7.53,9.21,0,0
n_1041.mp4,0.352,0.0142,7.29,8.86,0,0
n_1041.mp4,0.3171,0.0133,7.67,7.98,0,0
n_1041.mp4,0.3175,0.0,7.59,7.3,0,0
n_1041.mp4,0.3025,0.0133,7.74,7.01,0,0
n_1041.mp4,0.3298,0.0,7.42,6.84,0,0
n_1041.mp4,0.3228,0.0128,6.92,6.54,0,0
n_1041.mp4,0.3137,0.0131,6.46,6.06,0,0
n_1041.mp4,0.3108,0.0125,6.82,6.36,0,0
n_1041.mp4,0.297,0.0131,7.18,5.86,0,0
n_1041.mp4,0.309,0.0,6.69,5.94,0,0
n_1041.mp4,0.3164,0.0128,7.24,5.88,0,0
n_1041.mp4,0.2676,0.0,7.38,4.57,0,0
n_1041.mp4,0.282,0.0,6.22,3.23,0,0
n_1041.mp4,0.3109,0.0,6.84,2.42,0,0
n_1041.mp4,0.3088,0.0532,5.9,2.52,0,0
n_1041.mp4,0.3088,0.0508,4.84,1.51,0,0
n_1041.mp4,0.3051,0.0365,4.87,1.09,0,0
n_1041.mp4,0.3052,0.0,5.74,0.88,0,0
n_1041.mp4,0.3156,0.0,8.05,1.76,0,0
n_1041.mp4,0.3162,0.0,8.47,1.84,0,0
n_1041.mp4,0.3156,0.0,8.3,2.2,0,0
n_1041.mp4,0.2897,0.0,8.6,2.56,0,0
n_1041.mp4,0.3344,0.0,7.78,2.06,0,0
n_1041.mp4,0.3182,0.0,7.43,2.19,0,0
n_1041.mp4,0.3386,0.0119,7.13,2.11,0,0
n_1041.mp4,0.2964,0.0118,7.01,2.01,0,0
n_1041.mp4,0.2915,0.0,7.37,2.24,0,0
n_1041.mp4,0.3177,0.0115,8.41,1.76,0,0
n_1041.mp4,0.2916,0.012,7.57,1.71,0,0
n_1041.mp4,0.2896,0.0,7.79,1.84,0,0
n_1041.mp4,0.2888,0.0124,7.27,1.92,0,0
n_1041.mp4,0.2855,0.0122,7.2,2.13,0,0
n_1041.mp4,0.3009,0.0,7.85,2.04,0,0
n_1041.mp4,0.3203,0.0,6.95,2.11,0,0
n_1041.mp4,0.3022,0.0,7.82,2.2,0,0
n_1041.mp4,0.2914,0.0,7.31,2.43,0,0
n_1041.mp4,0.3105,0.0,7.05,1.99,0,0
n_1041.mp4,0.2972,0.0,7.3,1.85,0,0
n_1041.mp4,0.323,0.0,6.98,1.9,0,0
n_1041.mp4,0.302,0.0,7.23,1.61,0,0
n_1041.mp4,0.3148,0.0,6.92,0.49,0,0
n_1041.mp4,0.2928,0.0121,7.01,0.53,0,0
n_1041.mp4,0.3052,0.0,7.09,0.56,0,0
n_1041.mp4,0.2846,0.0117,7.53,1.17,0,0
n_1041.mp4,0.2792,0.012,7.1,1.25,0,0
n_1041.mp4,0.2949,0.0,7.18,1.28,0,0
n_1041.mp4,0.3336,0.0,7.2,1.35,0,0
n_1041.mp4,0.3051,0.0,7.21,1.42,0,0
n_1041.mp4,0.3467,0.0,7.96,1.3,0,0
n_1041.mp4,0.3222,0.0,7.16,1.29,0,0
n_1041.mp4,0.3123,0.0,7.72,1.72,0,0
n_1041.mp4,0.2793,0.0122,7.38,1.53,0,0
n_1041.mp4,0.2738,0.0,8.3,1.3,0,0
n_1041.mp4,0.2919,0.0,8.61,2.58,0,0
n_1041.mp4,0.2961,0.0,9.76,2.78,0,0
n_1041.mp4,0.3098,0.0,9.84,3.32,0,0
n_1041.mp4,0.325,0.0,10.37,3.63,0,0
n_1041.mp4,0.3124,0.0,10.46,3.39,0,0
n_1041.mp4,0.3144,0.017,9.65,2.8,0,0
n_1041.mp4,0.3095,0.0,9.12,2.75,0,0
n_1041.mp4,0.3262,0.0,8.94,2.77,0,0
n_1041.mp4,0.3195,0.0,9.65,2.14,0,0
n_1041.mp4,0.3213,0.0,9.21,1.75,0,0
n_1041.mp4,0.2983,0.0118,9.32,2.18,0,0
n_1041.mp4,0.2891,0.0,8.66,2.82,0,0
n_1041.mp4,0.3111,0.0,8.62,3.21,0,0
n_1041.mp4,0.2979,0.0,7.91,3.83,0,0
n_1041.mp4,0.3101,0.0,7.95,4.03,0,0
n_1041.mp4,0.296,0.0,8.23,4.36,0,0
n_1041.mp4,0.3191,0.0123,8.45,4.5,0,0
n_1041.mp4,0.2955,0.0,8.39,4.3,0,0
n_1041.mp4,0.3188,0.0,8.13,4.55,0,0
n_1041.mp4,0.3173,0.0,8.49,4.6,0,0
n_1041.mp4,0.311,0.0,7.98,4.32,0,0
n_1041.mp4,0.3041,0.0117,9.09,5.0,0,0
n_1041.mp4,0.3163,0.0123,8.63,5.72,0,0
n_1042.mp4,0.3317,0.0127,5.23,1.23,0,0
n_1042.mp4,0.29,0.0,7.71,1.53,0,0
n_1042.mp4,0.303,0.0,7.34,1.74,0,0
n_1042.mp4,0.2895,0.0,8.06,2.0,0,0
n_1042.mp4,0.3032,0.0,7.38,1.98,0,0
n_1042.mp4,0.2874,0.0,7.36,2.2,0,0
n_1042.mp4,0.3197,0.0,7.92,2.19,0,0
n_1042.mp4,0.2889,0.0,6.45,2.01,0,0
n_1042.mp4,0.3076,0.0,8.1,2.7,0,0
n_1042.mp4,0.3283,0.0,6.71,1.83,0,0
n_1042.mp4,0.2976,0.0119,7.28,2.12,0,0
n_1042.mp4,0.2995,0.0,6.97,1.98,0,0
n_1042.mp4,0.3201,0.0,7.04,1.62,0,0
n_1042.mp4,0.3158,0.0119,6.65,1.24,0,0
n_1042.mp4,0.287,0.0121,7.12,0.22,0,0
n_1042.mp4,0.2964,0.012,7.1,0.5,0,0
n_1042.mp4,0.2978,0.0,6.82,0.44,0,0
n_1042.mp4,0.276,0.0,7.35,1.13,0,0
n_1042.mp4,0.2877,0.0,7.15,1.29,0,0
n_1042.mp4,0.3185,0.0,7.49,1.52,0,0
n_1042.mp4,0.333,0.0,7.37,1.42,0,0
n_1042.mp4,0.3211,0.0,7.53,1.57,0,0
n_1042.mp4,0.2991,0.0,7.46,1.25,0,0
n_1042.mp4,0.33,0.0,7.86,1.42,0,0
n_1042.mp4,0.3084,0.0,7.78,1.65,0,0
n_1042.mp4,0.2861,0.0,7.12,1.49,0,0
n_1042.mp4,0.2879,0.0115,8.8,1.6,0,0
n_1042.mp4,0.2952,0.0,8.96,2.44,0,0
n_1042.mp4,0.2897,0.012,9.9,2.96,0,0
n_1042.mp4,0.3166,0.0122,10.32,3.38,0,0
n_1042.mp4,0.3074,0.0,10.41,3.85,0,0
n_1042.mp4,0.3258,0.0,10.38,3.28,0,0
n_1042.mp4,0.3118,0.0,9.47,2.86,0,0
n_1042.mp4,0.2854,0.0,9.0,2.65,0,0
n_1042.mp4,0.3073,0.0,9.5,2.38,0,0
n_1042.mp4,0.2964,0.0,9.43,2.16,0,0
n_1042.mp4,0.3169,0.0,9.34,1.9,0,0
n_1042.mp4,0.293,0.0121,8.86,2.55,0,0
n_1042.mp4,0.2981,0.0,8.8,2.9,0,0
n_1042.mp4,0.2953,0.0,8.21,3.33,0,0
n_1042.mp4,0.319,0.0,7.89,3.81,0,0
n_1042.mp4,0.301,0.0,8.38,4.28,0,0
n_1042.mp4,0.313,0.0123,8.37,4.56,0,0
n_1042.mp4,0.3289,0.0,8.37,4.8,0,0
n_1042.mp4,0.3164,0.0,8.11,4.5,0,0
n_1042.mp4,0.3052,0.0,8.53,4.43,0,0
n_1042.mp4,0.319,0.0,8.56,4.6,0,0
n_1042.mp4,0.3065,0.0123,8.42,4.55,0,0
n_1042.mp4,0.2984,0.012,8.76,5.25,0,0
n_1042.mp4,0.3373,0.0,8.72,6.36,0,0
n_1042.mp4,0.3397,0.0179,9.29,7.42,0,0
n_1042.mp4,0.3002,0.0,8.77,7.15,0,0
n_1042.mp4,0.3173,0.0,8.7,7.14,0,0
n_1042.mp4,0.3113,0.0123,8.95,6.49,0,0
n_1042.mp4,0.323,0.0126,8.94,6.38,0,0
n_1042.mp4,0.3272,0.0122,8.71,6.33,0,0
n_1042.mp4,0.3257,0.0,8.08,5.78,0,0
n_1042.mp4,0.3168,0.0,8.76,4.71,0,0
n_1042.mp4,0.3101,0.0,7.97,4.07,0,0
n_1042.mp4,0.305,0.0,7.58,2.92,0,0
n_1042.mp4,0.3225,0.0,6.95,1.47,0,0
n_1042.mp4,0.2991,0.0,7.37,0.65,0,0
n_1042.mp4,0.2579,0.0,6.77,0.52,0,0
n_1042.mp4,0.3131,0.0,8.08,1.68,0,0
n_1042.mp4,0.303,0.0,7.18,3.59,0,0
n_1042.mp4,0.3191,0.0,7.42,4.69,0,0
n_1042.mp4,0.3018,0.0,7.7,5.13,0,0
n_1042.mp4,0.3064,0.0122,8.14,5.86,0,0
n_1042.mp4,0.2995,0.012,7.83,6.11,0,0
n_1042.mp4,0.3162,0.0,7.56,6.45,0,0
n_1042.mp4,0.3365,0.0125,7.33,6.75,0,0
n_1042.mp4,0.3244,0.0,6.38,5.76,0,0
n_1042.mp4,0.3365,0.0,7.39,5.92,0,0
n_1042.mp4,0.3493,0.0123,7.8,5.51,0,0
n_1042.mp4,0.3246,0.0,7.95,5.76,0,0
n_1042.mp4,0.3208,0.0,8.33,6.11,0,0
n_1042.mp4,0.3247,0.0123,8.37,6.57,0,0
n_1042.mp4,0.3271,0.0123,8.51,7.14,0,0
n_1042.mp4,0.3315,0.0179,7.88,6.91,0,0
n_1042.mp4,0.3114,0.0,7.31,5.79,0,0
n_1042.mp4,0.3214,0.0119,6.8,5.12,0,0
n_1042.mp4,0.3229,0.0,7.4,4.89,0,0
n_1042.mp4,0.302,0.012,7.54,5.17,0,0
n_1042.mp4,0.3127,0.0,7.87,5.54,0,0
n_1042.mp4,0.3318,0.0174,7.47,6.02,0,0
n_1042.mp4,0.3192,0.0119,7.66,5.88,0,0
n_1042.mp4,0.3171,0.0122,8.53,6.27,0,0
n_1042.mp4,0.3148,0.0178,7.73,5.77,0,0
n_1042.mp4,0.3248,0.0125,7.93,5.84,0,0
n_1042.mp4,0.3193,0.0126,8.5,6.04,0,0
n_1042.mp4,0.311,0.0,7.92,4.95,0,0
n_1042.mp4,0.327,0.0,8.4,5.51,0,0
n_1042.mp4,0.3163,0.0126,8.77,5.72,0,0
n_1042.mp4,0.3503,0.0,8.52,5.56,0,0
n_1042.mp4,0.3208,0.0,8.38,5.64,0,0
n_1042.mp4,0.3329,0.0122,8.6,6.14,0,0
n_1042.mp4,0.3097,0.0122,9.47,7.72,0,0
n_1042.mp4,0.3213,0.0128,10.09,9.4,0,0
n_1042.mp4,0.3382,0.0,12.02,13.24,0,0
n_1042.mp4,0.3783,0.0,9.61,15.63,0,0
